merchant_id,merchant_name,mcc,merchant_category,business_type,city,state,onboarding_date,merchant_status,declared_avg_ticket_size_inr
MCH1001,Anand-Kothari,,GROCERY,PARTNERSHIP,Pune,Maharashtra,2026-02-17 06:54:00,ACTIVE,332.55
MCH1002,"Apte, Saha and Edwin",581.0,FOOD & DINING,PRIVATE_LIMITED,Bangalore,Karnataka,2026-07-01 09:01:00,ACTIVE,1671.2
MCH1003,"Nayar, Batta and Barad",5699.0,APPAREL,PRIVATE_LIMITED,Chennai,Tamil Nadu,,ACTIVE,792.91
MCH1004,Pillai-Mohan,4131.0,TRANSPORT & TRAVEL,SOLE_PROPRIETOR,Lucknow,Uttar Pradesh,2023-04-08 00:00:00,ACTIVE,342.7
MCH1005,SAGAR AND SONS,5912.0,PHARMACY,PARTNERSHIP,Ludhiana,Punjab,2024-02-06 00:00:00,ACTIVE,967.53
MCH1007,Jain-Wadhwa,7011.0,HOTEL & LODGING,PRIVATE_LIMITED,Chennai,Tamil Nadu,2025-06-30 00:00:00,INACTIVE,-927.51
MCH1009,Bha11a-Dave,,TRANSPORT & TRAVEL,INDIVIDUAL,Mumbai,Maharashtra,2024-01-08 00:00:00,ACTIVE,1496.0
MCH1010,Menon-Andra,,GROCERY,PRIVATE_LIMITED,Delhi,Delhi,2024-11-17 00:00:00,ACTIVE,678.36
MCH1011,Wable and Sons,5411.0,GROCERY,PRIVATE_LIMITED,Ludhiana,Punjab,2023-02-11 00:00:00,ACTIVE,6536.07
MCH1014,"Raghavan, Barad and Bahl",581.0,FOOD & DINING,PARTNERSHIP,Pune,Maharashtra,2024-03-23 00:00:00,ACTIVE,
MCH1015,Mannan-Subramaniam,7011.0,HOTEL & LODGING,INDIVIDUAL,Hyderabad,Telangana,2024-05-19 00:00:00,ACTIVE,-1116.83
MCH1016,"Mangat, Som and Deshmukh",5942.0,BOOKS & STATIONERY,INDIVIDUAL,Pune,Maharashtra,2025-08-02 00:00:00,SUSPENDED,756.28
MCH1018,Kannan-Khatri,5311.0,DEPARTMENT STORE,INDIVIDUAL,Jalandhar,Punjab,2023-03-19 00:00:00,ACTIVE,1791.0
MCH1019,Iyer-Thaker,5699.0,CLOTHING,PARTNERSHIP,Kolkata,West Bengal,2025-05-23 00:00:00,ACTIVE,
MCH1020,Garg-Kale,4131.0,TRANSPORT & TRAVEL,SOLE_PROPRIETOR,Asr,Punjab,2023-05-09 00:00:00,ACTIVE,1015.68
MCH1021,Naik-Karpe,5411.0,GROCERY,SOLE_PROPRIETOR,Mumbai,Maharashtra,2025-11-16 17:48:36,ACTIVE,2341.57
MCH1022,Ramesh-Bhat,,OTHER,PRIVATE_LIMITED,Hyderabad,Telangana,,ACTIVE,3026.17
MCH1032,Nori-Nigam,7011.0,HOTEL & LODGING,SOLE_PROPRIETOR,Pune,Maharashtra,2025-09-21 00:00:00,ACTIVE,652.29
MCH1033,Sidhu and Sons,4814.0,TELECOM,INDIVIDUAL,Jalandhar,Punjab,2023-09-11 00:00:00,ACTIVE,1871.48
MCH1034,DEVI-CHAUDHARI,7011.0,HOTEL & LODGING,PRIVATE_LIMITED,Delhi,Delhi,2024-06-17 22:15:00,ACTIVE,243.38
MCH1035,  Minhas-Khatri  ,5812.0,FOOD & DINING,SOLE_PROPRIETOR,Mumbay,Maharashtra,2024-01-24 00:00:00,ACTIVE,5777.68
MCH1039,Lal-Barad,4814.0,TELECOM,SOLE_PROPRIETOR,Lucknow,Uttar Pradesh,2025-07-28 00:43:00,ACTIVE,3062.03
MCH1040,chand plc,5912.0,PHARMACY,INDIVIDUAL,Pune,Maharashtra,2024-09-08 00:00:00,ACTIVE,653.92
MCH1041,Pat1a-S0m,,APPAREL,PRIVATE_LIMITED,Kolkata,West Bengal,2024-04-21 00:00:00,ACTIVE,3701.53
MCH1044,"Jha, Salvi and Setty",5311.0,RETAIL,PARTNERSHIP,Hyderabad,Telangana,2024-10-28 00:00:00,ACTIVE,1084.93
MCH1047,Rana-Aurora,4814.0,TELECOM,PARTNERSHIP,Bangalore,Karnataka,2023-08-20 01:01:00,ACTIVE,1003.46
MCH1050,Trivedi-Zachariah,5699.0,APPAREL,SOLE_PROPRIETOR,Jaipur,Rajasthan,2025-01-30 00:00:00,ACTIVE,2479.88
MCH1053,"gera, grover and sehgal",4814.0,TELECOM,INDIVIDUAL,Amritsar,Punjab,2025-02-22 00:00:00,ACTIVE,-708.11
MCH1054,  Cheema Ltd  ,5311.0,DEPARTMENT STORE,PRIVATE_LIMITED,Pune,Maharashtra,2023-05-27 00:00:00,ACTIVE,868.09
MCH1055,Dhingra-Kapoor,5311.0,RETAIL,PARTNERSHIP,Blr,Karnataka,2024-12-30 03:08:34,ACTIVE,-770.74
MCH1056,Mital-Jhaveri,5311.0,DEPARTMENT STORES,PARTNERSHIP,Asr,Punjab,2023-09-10 00:09:34,ACTIVE,5938.05
MCH1058,"Vyas,VirkandDatta",531.0,DEPARTMENT STORE,PARTNERSHIP,Pune,Maharashtra,2023-01-20 00:00:00,ACTIVE,1504.39
MCH1059,Prasad Ltd,4814.0,TELECOM,PARTNERSHIP,Hyderabad,Telangana,2023-03-18 00:00:00,ACTIVE,4187.75
MCH1060,"Subramaniam, Rama and Contractor",4131.0,TRANSPORT & TRAVEL,INDIVIDUAL,Hyderabad,Telangana,2024-05-02 09:00:14,ACTIVE,480.0
MCH1063,"Samra, Sur and Venkataraman",5999.0,RETAIL OTHER,PRIVATE_LIMITED,Chennai,Tamil Nadu,2023-06-13 00:00:00,ACTIVE,1297.7
MCH1064,Mishra-Badami,5942.0,BOOKS & STATIONERY,SOLE_PROPRIETOR,Lucknow,Uttar Pradesh,2025-12-03 00:00:00,ACTIVE,2393.66
MCH1068,Mall-Palan,,OTHER,SOLE_PROPRIETOR,Jaipur,Rajasthan,2026-09-02 09:23:00,ACTIVE,663.04
MCH1070,Pandya PLC,5999.0,MISC RETAIL,PRIVATE_LIMITED,Chennai,Tamil Nadu,2024-09-03 00:00:00,ACTIVE,1259.2
MCH1071,"Keer, Roy and Narayanan",,PHARMACY,SOLE_PROPRIETOR,Jpr,Rajasthan,2025-04-17 00:00:00,ACTIVE,619.21
MCH1072,Kalla-Khalsa,5812.0,FOOD & DINING,PRIVATE_LIMITED,Mumbai,Maharashtra,2025-11-10 00:00:00,INACTIVE,422.23
MCH1073,"Dasgupta,RayandDara",,PHARMACY,PARTNERSHIP,Lucknow,Uttar Pradesh,2024-09-22 00:00:00,SUSPENDED,1002.63
MCH1075,Pingle-Mohan,5912.0,PHARMACY,SOLE_PROPRIETOR,Ludhiana,Punjab,2025-02-24 00:00:00,ACTIVE,1639.19
MCH1077,Taneja-Nagar,5411.0,GROCERY,INDIVIDUAL,Asr,Punjab,2026-02-27 00:00:00,ACTIVE,358.21
MCH1079,Sharaf and Sons,,TELECOM,SOLE_PROPRIETOR,Pune,Maharashtra,2023-10-20 00:00:00,ACTIVE,455.39
MCH1081,Mistry Group,5812.0,FOOD & DINING,PRIVATE_LIMITED,Mumbay,Maharashtra,2025-05-27 00:00:00,ACTIVE,2299.04
MCH1082,Oommen Inc,7011.0,HOTEL & LODGING,PARTNERSHIP,Amritsar,Punjab,,ACTIVE,833.19
MCH1083,Chaudhry-Bhat,5812.0,FOOD & DINING,SOLE_PROPRIETOR,Jalandhar,Punjab,2025-04-30 00:00:00,INACTIVE,730.39
MCH1084,Krishnamurthy Inc,5999.0,OTHER,PRIVATE_LIMITED,Jalandhar,Punjab,2025-04-21 00:00:00,ACTIVE,4469.21
MCH1086,Agrawal-Sule,,APPAREL,INDIVIDUAL,Ludhiana,Punjab,2023-11-13 00:00:00,ACTIVE,1355.59
MCH1087,"Mitter, Sawhney and Luthra",7011.0,HOTEL & LODGING,PARTNERSHIP,Chennai,Tamil Nadu,2025-04-19 00:00:00,SUSPENDED,2381.71
MCH1089,RANDHAWA-BARAD,594.0,BOOKS & STATIONERY,INDIVIDUAL,Jalandhar,Punjab,2025-12-06 00:00:00,ACTIVE,8714.78
MCH1093,"dubey, uppal and bhatt",5812.0,FOOD & DINING,PRIVATE_LIMITED,Pune,Maharashtra,2025-04-26 00:00:00,INACTIVE,4005.67
MCH1095,Mander Group,481.0,TELECOM,PARTNERSHIP,Kolkata,West Bengal,2023-01-30 03:08:00,ACTIVE,1277.94
MCH1096,Subramanian-Prasad,5699.0,APPAREL,INDIVIDUAL,Hyderabad,Telangana,2025-03-07 02:41:50,ACTIVE,8373.82
MCH1097,"Narayan, Datta and Chowdhury",5999.0,OTHER,INDIVIDUAL,Lucknow,Uttar Pradesh,2025-05-09 00:00:00,ACTIVE,343.8
MCH1098,"raval, yadav and yogi",7011.0,HOTEL & LODGING,PRIVATE_LIMITED,Jaipur,Rajasthan,2023-01-12 00:00:00,ACTIVE,181.0
MCH1100,swamy inc,5311.0,RETAIL,PARTNERSHIP,Ludhiana,Punjab,2024-08-17 00:00:00,INACTIVE,2008.22
MCH1101,Ramaswamy-Prabhakar,5912.0,PHARMACY,SOLE_PROPRIETOR,Chennai,Tamil Nadu,2025-06-02 00:00:00,ACTIVE,8687.0
MCH1104,Chander LLC,4814.0,TELECOM,PRIVATE_LIMITED,Delhi,Delhi,2024-05-09 00:00:00,ACTIVE,778.62
MCH1106,"Agrawal, Ganguly and Kalla",5411.0,GROCERY STORES,PRIVATE_LIMITED,Delhi,Delhi,2024-08-25 00:00:00,ACTIVE,1100.28
MCH1107,Sen-Das,,TELECOM,PRIVATE_LIMITED,Chennai,Tamil Nadu,2024-09-16 00:00:00,ACTIVE,
MCH1109,Sinha-Bumb,4131.0,TRANSPORT & TRAVEL,PRIVATE_LIMITED,Amritsar,Punjab,2023-11-02 07:38:00,ACTIVE,-1745.05
MCH1115,Nadkarni LLC,4131.0,TRANSPORT & TRAVEL,PARTNERSHIP,Jalandhar,Punjab,,ACTIVE,6943.0
MCH1118,"BASAK, PILLAI AND ARORA",5999.0,RETAIL OTHER,PRIVATE_LIMITED,Chennai,Tamil Nadu,2026-01-06 00:00:00,ACTIVE,3933.25
MCH1122,"Rana, Choudhury and Garde",5912.0,PHARMACY,PARTNERSHIP,Ludhiana,Punjab,2024-11-30 00:00:00,ACTIVE,4792.92
MCH1124,"Hayre, Chana and Bhasin",5699.0,CLOTHING,SOLE_PROPRIETOR,Jaipur,Rajasthan,2024-10-05 00:00:00,ACTIVE,843.01
MCH1126,"Nayak, Dhaliwal and Soman",5411.0,GROCERY STORES,PARTNERSHIP,Jalandhar,Punjab,2026-02-12 00:00:00,ACTIVE,564.83
MCH1128,Natt-Keer,599.0,RETAIL OTHER,SOLE_PROPRIETOR,Hyderabad,Telangana,2026-01-10 12:42:55,ACTIVE,1028.32
MCH1130,"K0thari, Singh and Sura",5311.0,DEPARTMENT STORES,SOLE_PROPRIETOR,Ludhiana,Punjab,2025-09-20 00:31:00,ACTIVE,3514.91
MCH1132,Cheema Inc,5999.0,RETAIL OTHER,SOLE_PROPRIETOR,Ludhiana,Punjab,2023-09-10 00:00:00,ACTIVE,
MCH1133,Shere Ltd,5912.0,PHARMACY,PARTNERSHIP,Bengaluru,Karnataka,2025-10-06 00:00:00,ACTIVE,11501.53
MCH1134,"Sani, Uppal and Pillai",,PHARMACY,PARTNERSHIP,Kolkata,West Bengal,2025-11-04 00:00:00,ACTIVE,6246.52
MCH1136,"bahri, kanda and seth",5942.0,BOOK STORE,PRIVATE_LIMITED,Chennai,Tamil Nadu,2023-07-17 00:00:00,ACTIVE,896.84
MCH1138,"Shan,BuchandTank",5942.0,BOOKS & STATIONERY,SOLE_PROPRIETOR,Bangalore,Karnataka,2024-03-07 21:25:00,ACTIVE,1369.64
MCH1142,"Master, Soni and Kapadia",4814.0,TELECOM,SOLE_PROPRIETOR,Chennai,Tamil Nadu,2024-10-06 12:07:57,ACTIVE,252.13
MCH1143,ARYA-KHANNA,4131.0,TRANSPORT & TRAVEL,SOLE_PROPRIETOR,Jalandhar,Punjab,2023-08-16 00:00:00,ACTIVE,486.39
MCH1144,Morar-Rattan,5699.0,APPAREL,SOLE_PROPRIETOR,Jaipur,Rajasthan,2025-01-20 00:00:00,ACTIVE,1182.28
MCH1147,Dayal-Sabharwal,4814.0,TELECOM,INDIVIDUAL,Kolkata,West Bengal,2023-11-23 00:00:00,INACTIVE,939.97
MCH1148,Deep-Manda,4131.0,TRANSPORT & TRAVEL,INDIVIDUAL,Asr,Punjab,2025-06-15 00:35:23,ACTIVE,3461.0
MCH1152,Raman-Choudhury,,GROCERY,PARTNERSHIP,Chennai,Tamil Nadu,2025-12-19 00:00:00,ACTIVE,233.0
MCH1153,"Oommen, Sastry and Varty",5311.0,DEPARTMENT STORE,PRIVATE_LIMITED,Asr,Punjab,2024-06-17 00:00:00,ACTIVE,873.51
MCH1154,"oommen, tata and randhawa",,HOTEL & LODGING,PARTNERSHIP,Kolkata,West Bengal,2025-04-18 00:00:00,ACTIVE,655.3
MCH1155,Sha LLC,4131.0,TRANSPORT & TRAVEL,SOLE_PROPRIETOR,Amritsar,Punjab,2024-08-03 00:00:00,INACTIVE,1753.08
MCH1159,De Ltd,5942.0,BOOKS & STATIONERY,INDIVIDUAL,Kolkata,West Bengal,2025-12-05 15:35:26,ACTIVE,1672.61
MCH1161,"Kuruvilla, Pall and Ravel",5411.0,GROCERY,PRIVATE_LIMITED,Jalandhar,Punjab,2023-12-29 00:00:00,ACTIVE,549.82
MCH1162,"Anand, Mistry and Khare",5999.0,OTHER,PRIVATE_LIMITED,New Delhi,Delhi,2025-12-02 00:00:00,ACTIVE,1311.0
MCH1163,"Gour, Comar and Palan",4814.0,TELECOM,PARTNERSHIP,Ludhiana,Punjab,2025-10-25 00:00:00,INACTIVE,5449.73
MCH1164,Goda PLC,4131.0,TRANSPORT & TRAVEL,PARTNERSHIP,Ludhiana,Punjab,2025-10-27 00:00:00,ACTIVE,953.0
MCH1168,"Seshadri, Borah and Sachdeva",,PHARMACY,INDIVIDUAL,Pune,Maharashtra,2026-01-04 03:19:25,ACTIVE,4780.41
MCH1169,Dey-Gupta,5812.0,EATING PLACE,INDIVIDUAL,Blr,Karnataka,2023-03-17 00:00:00,ACTIVE,1427.7
MCH1170,"Wali, Bala and Sanghvi",531.0,DEPARTMENT STORE,SOLE_PROPRIETOR,Blr,Karnataka,2023-01-04 15:30:00,INACTIVE,1109.65
MCH1171,Sampath-Shroff,591.0,PHARMACY,PARTNERSHIP,Dilli,Delhi,2026-01-19 05:21:00,ACTIVE,393.94
MCH1174,Mander-Kari,541.0,GROCERY,PARTNERSHIP,Jalandhar,Punjab,2023-01-05 00:00:00,ACTIVE,1013.97
MCH1177,"Mistry, Savant and Jha",4131.0,TRANSPORT & TRAVEL,SOLE_PROPRIETOR,Amritsar,Punjab,2025-08-29 18:32:00,ACTIVE,1663.99
MCH1179,Suresh-Chand,5942.0,BOOKS & STATIONERY,PARTNERSHIP,Chennai,Tamil Nadu,2025-11-19 00:00:00,ACTIVE,
MCH1180,Sangha and Sons,5411.0,GROCERY,INDIVIDUAL,Hyderabad,Telangana,2023-11-03 00:00:00,ACTIVE,993.08
MCH1183,Rajan LLC,5812.0,FOOD & DINING,PRIVATE_LIMITED,Bengaluru,Karnataka,2023-02-02 00:00:00,ACTIVE,1717.84
MCH1185,"Buch, Barad and Toor",5999.0,OTHER,PARTNERSHIP,Jalandhar,Punjab,2024-06-16 00:00:00,ACTIVE,2955.34
MCH1188,M0rar Ltd,5912.0,PHARMACY,INDIVIDUAL,Hyderabad,Telangana,2024-02-19 00:00:00,ACTIVE,1156.7
MCH1189,"rai, doctor and dar",5699.0,APPAREL,SOLE_PROPRIETOR,Mumbay,Maharashtra,2024-11-13 20:40:00,ACTIVE,1513.0
MCH1191,raval ltd,4814.0,TELECOM,INDIVIDUAL,Kolkata,West Bengal,2023-01-19 00:18:56,INACTIVE,1670.52
MCH1193,"Padmanabhan, Sekhon and Dhawan",5812.0,FOOD & DINING,PARTNERSHIP,Lucknow,Uttar Pradesh,2025-01-16 00:00:00,ACTIVE,1712.05
MCH1195,Cherian-Rana,4131.0,TRANSPORT & TRAVEL,SOLE_PROPRIETOR,Jalandhar,Punjab,2025-09-09 00:00:00,ACTIVE,364.17
MCH1197,"Gaba, Wadhwa and Sahni",5411.0,GROCERY STORES,PRIVATE_LIMITED,Mumbai,Maharashtra,2024-01-08 00:00:00,ACTIVE,488.96
MCH1199,"  Chatterjee, Chada and Ghose  ",5812.0,EATING PLACE,PRIVATE_LIMITED,Chennai,Tamil Nadu,2025-04-14 01:46:00,ACTIVE,6574.56
MCH1200,  Vora and Sons  ,,APPAREL,PRIVATE_LIMITED,Pune,Maharashtra,2023-02-08 00:00:00,ACTIVE,1072.0
MCH1202,KOSHY-BORDE,5311.0,RETAIL,PARTNERSHIP,Ludhiana,Punjab,2023-04-27 14:11:10,ACTIVE,1998.99
MCH1204,  Rana Group  ,5311.0,DEPARTMENT STORE,PRIVATE_LIMITED,Jpr,Rajasthan,2025-05-24 15:30:29,ACTIVE,733.33
MCH1207,"pillai, oak and barman",5812.0,FOOD & DINING,INDIVIDUAL,Delhi,Delhi,2024-04-11 00:00:00,ACTIVE,1280.08
MCH1210,"Dua, Buch and Kaul",,BOOK STORE,PRIVATE_LIMITED,Mumbai,Maharashtra,,SUSPENDED,1903.0
MCH1211,"  Munshi, Pai and Sibal  ",5311.0,RETAIL,SOLE_PROPRIETOR,Delhi,Delhi,2023-01-04 00:00:00,ACTIVE,296.16
MCH1213,Ray LLC,5912.0,PHARMACY,PARTNERSHIP,Pune,Maharashtra,2024-01-07 18:33:52,ACTIVE,1556.0
MCH1214,Padmanabhan Gr0up,4814.0,TELECOM,INDIVIDUAL,Amritsar,Punjab,2025-08-24 00:00:00,ACTIVE,-362.46
MCH1216,Mani Ltd,5999.0,MISC RETAIL,SOLE_PROPRIETOR,Amritsar,Punjab,2025-04-05 19:50:02,ACTIVE,228.0
MCH1219,Buta1a Ltd,569.0,APPAREL,SOLE_PROPRIETOR,Lucknow,Uttar Pradesh,2025-10-23 00:00:00,ACTIVE,1046.51
MCH1221,"SASTRY, KAPOOR AND VARUGHESE",5812.0,EATING PLACE,PARTNERSHIP,Jalandhar,Punjab,2025-04-26 00:00:00,INACTIVE,3430.0
MCH1222,Dass-Dugar,5411.0,GROCERY,SOLE_PROPRIETOR,Kolkata,West Bengal,2023-11-07 18:19:21,ACTIVE,
MCH1224,setty-sami,5942.0,BOOKS & STATIONERY,INDIVIDUAL,Kolkata,West Bengal,2023-02-09 05:59:00,ACTIVE,609.48
MCH1226,"APTE, PINGLE AND PAL",,HOTEL & LODGING,PRIVATE_LIMITED,Hyderabad,Telangana,2024-03-01 00:00:00,ACTIVE,2290.0
MCH1227,  Dyal Ltd  ,5999.0,OTHER,INDIVIDUAL,Ludhiana,Punjab,2025-09-21 00:00:00,ACTIVE,602.09
MCH1229,"Sen, Dewan and Tripathi",5942.0,BOOKS & STATIONERY,PRIVATE_LIMITED,Asr,Punjab,2025-02-19 00:00:00,ACTIVE,2028.74
MCH1233,"Upadhyay, Lall and Kala",5942.0,BOOKS & STATIONERY,PRIVATE_LIMITED,Pune,Maharashtra,2024-07-19 00:00:00,ACTIVE,-1465.98
MCH1234,"Shah, Pathak and Bera",,HOTEL & LODGING,PARTNERSHIP,Jpr,Rajasthan,2025-06-10 00:00:00,ACTIVE,354.58
MCH1237,Agarwal-Kibe,701.0,HOTEL & LODGING,PARTNERSHIP,Mumbay,Maharashtra,2023-03-30 00:00:00,ACTIVE,750.84
MCH1243,"Buch, Atwal and Roy",5912.0,PHARMACY,PARTNERSHIP,Ludhiana,Punjab,2025-12-06 08:43:00,ACTIVE,1323.94
MCH1245,"Kumer, Varghese and Dhawan",,PHARMACY,PARTNERSHIP,Pune,Maharashtra,2023-08-23 00:00:00,ACTIVE,725.32
MCH1247,"Nayak, Lala and Pillai",5411.0,GROCERY,SOLE_PROPRIETOR,Bengaluru,Karnataka,2023-01-19 00:00:00,INACTIVE,677.02
MCH1249,"Garg, Saha and Rattan",5999.0,OTHER,PARTNERSHIP,Jalandhar,Punjab,2023-08-21 00:00:00,ACTIVE,-854.43
MCH1250,BHARDWAJ-WABLE,4131.0,TRANSPORT & TRAVEL,PRIVATE_LIMITED,Pune,Maharashtra,2025-04-11 10:39:00,ACTIVE,515.0
MCH1254,Pant-Muni,4131.0,TRANSPORT & TRAVEL,PARTNERSHIP,Delhi,Delhi,2023-10-21 00:00:00,ACTIVE,781.27
MCH1255,La1a and S0ns,4814.0,TELECOM,PARTNERSHIP,Kolkata,West Bengal,2023-07-19 00:00:00,INACTIVE,772.22
MCH1256,Vala Inc,591.0,PHARMACY,SOLE_PROPRIETOR,Kolkata,West Bengal,2025-01-17 00:00:00,SUSPENDED,1415.24
MCH1257,Varma-Maharaj,5942.0,BOOKS & STATIONERY,SOLE_PROPRIETOR,Kolkata,West Bengal,2023-04-15 16:16:00,ACTIVE,3059.27
MCH1259,"Wagle, Verma and Ramanathan",,PHARMACY,PRIVATE_LIMITED,Jaipur,Rajasthan,2025-08-12 00:00:00,ACTIVE,548.2
MCH1260,KOTHARI-NADKARNI,5699.0,CLOTHING,PRIVATE_LIMITED,Lucknow,Uttar Pradesh,2026-01-15 00:00:00,ACTIVE,2375.4
MCH1261,"Cheema, Savant and Bakshi",5311.0,RETAIL,SOLE_PROPRIETOR,Ludhiana,Punjab,2024-06-03 00:00:00,INACTIVE,
MCH1262,Lad and Sons,7011.0,HOTEL & LODGING,INDIVIDUAL,Jalandhar,Punjab,2025-11-17 01:26:45,ACTIVE,503.65
MCH1263,Memon-Choudhary,591.0,PHARMACY,PRIVATE_LIMITED,Hyderabad,Telangana,2025-11-27 22:51:46,ACTIVE,1888.17
MCH1267,master-tiwari,4814.0,TELECOM,PRIVATE_LIMITED,Lucknow,Uttar Pradesh,,INACTIVE,1213.17
MCH1268,Vyas Ltd,5311.0,RETAIL,INDIVIDUAL,Amritsar,Punjab,2023-06-28 00:00:00,ACTIVE,
MCH1269,SHUKLA PLC,5699.0,CLOTHING,INDIVIDUAL,Hyderabad,Telangana,2025-03-03 19:00:09,ACTIVE,1758.28
MCH1270,Tiwari and Sons,5311.0,DEPARTMENT STORE,PRIVATE_LIMITED,Hyderabad,Telangana,2023-06-02 14:56:50,ACTIVE,1107.02
MCH1272,  Garg Inc  ,4131.0,TRANSPORT & TRAVEL,PARTNERSHIP,Jpr,Rajasthan,2023-05-28 22:37:00,ACTIVE,549.87
MCH1275,Kata Group,7011.0,HOTEL & LODGING,PARTNERSHIP,Lucknow,Uttar Pradesh,2025-11-09 07:33:00,ACTIVE,252.53
MCH1277,Deol-Nayak,4131.0,TRANSPORT & TRAVEL,INDIVIDUAL,Bengaluru,Karnataka,,ACTIVE,1188.0
MCH1280,"Ben, Madan and Dey",5942.0,BOOKS & STATIONERY,PRIVATE_LIMITED,Lucknow,Uttar Pradesh,2025-06-13 00:00:00,ACTIVE,1308.81
MCH1285,hayer plc,5912.0,PHARMACY,INDIVIDUAL,Blr,Karnataka,2023-09-24 07:15:32,ACTIVE,436.7
MCH1288,"jain, loke and zacharia",4131.0,TRANSPORT & TRAVEL,SOLE_PROPRIETOR,Blr,Karnataka,2023-07-17 08:08:00,ACTIVE,915.81
MCH1292,Gera-Nayak,7011.0,HOTEL & LODGING,SOLE_PROPRIETOR,Chennai,Tamil Nadu,2023-09-25 00:00:00,ACTIVE,267.0
MCH1293,"Kohli, Rajan and Nair",5699.0,APPAREL,SOLE_PROPRIETOR,Jaipur,Rajasthan,2023-04-09 06:47:00,ACTIVE,915.17
MCH1294,Rajagopalan Group,591.0,PHARMACY,INDIVIDUAL,Amritsar,Punjab,2024-08-29 05:38:00,ACTIVE,539.82
MCH1296,Gaba-Rama,5912.0,PHARMACY,INDIVIDUAL,Delhi,Delhi,2023-01-16 00:00:00,ACTIVE,2547.8
MCH1297,Luthra and Sons,5411.0,GROCERY STORES,PRIVATE_LIMITED,New Delhi,Delhi,2023-06-12 01:16:32,ACTIVE,381.86
MCH1298,"Raghavan,ReddyandSangha",5942.0,BOOKS & STATIONERY,SOLE_PROPRIETOR,Hyderabad,Telangana,2025-04-28 00:00:00,ACTIVE,364.92
MCH1299,mutti plc,5699.0,CLOTHING,PARTNERSHIP,Jaipur,Rajasthan,2023-06-27 00:00:00,ACTIVE,605.64
MCH1304,sama ltd,591.0,PHARMACY,INDIVIDUAL,Bengaluru,Karnataka,2024-02-27 00:00:00,ACTIVE,4095.57
MCH1305,Ghose-Batta,413.0,TRANSPORT & TRAVEL,INDIVIDUAL,Hyderabad,Telangana,2025-12-20 00:00:00,INACTIVE,380.06
MCH1308,SUBRAMANIAM-SHANKAR,5912.0,PHARMACY,PARTNERSHIP,Bengaluru,Karnataka,2024-12-28 00:00:00,INACTIVE,2112.78
MCH1309,"Jhaveri, Dasgupta and Kata",5699.0,APPAREL,INDIVIDUAL,Mumbai,Maharashtra,2023-09-20 00:00:00,ACTIVE,929.23
MCH1311,"Dugal, Munshi and Kunda",4814.0,TELECOM,INDIVIDUAL,Jaipur,Rajasthan,2025-03-27 21:22:00,ACTIVE,1605.92
MCH1314,"Pant, Mammen and Doctor",5699.0,CLOTHING,INDIVIDUAL,Jaipur,Rajasthan,2023-11-12 16:47:12,ACTIVE,1045.43
MCH1318,GUPTA LLC,4814.0,TELECOM,PRIVATE_LIMITED,Jaipur,Rajasthan,,ACTIVE,
MCH1320,  Babu-Khatri  ,5699.0,APPAREL,INDIVIDUAL,Kolkata,West Bengal,2023-11-24 10:52:12,SUSPENDED,
MCH1321,Borah-Dhaliwal,7011.0,HOTEL & LODGING,SOLE_PROPRIETOR,Amritsar,Punjab,2025-12-06 00:00:00,ACTIVE,7973.89
MCH1323,DHAR AND SONS,5942.0,BOOKS & STATIONERY,PARTNERSHIP,Amritsar,Punjab,,ACTIVE,-3792.9
MCH1324,"EDWIN, SAVANT AND TANDON",7011.0,HOTEL & LODGING,PARTNERSHIP,Bangalore,Karnataka,2026-01-26 00:00:00,ACTIVE,1192.31
MCH1326,"Chaudhry, Agrawa1 and Sridhar",5942.0,BOOKS & STATIONERY,SOLE_PROPRIETOR,Bangalore,Karnataka,2024-05-20 00:00:00,ACTIVE,177.58
MCH1327,GandhiPLC,5699.0,APPAREL,SOLE_PROPRIETOR,Lucknow,Uttar Pradesh,2023-11-02 00:00:00,ACTIVE,902.09
MCH1328,Buch and Sons,7011.0,HOTEL & LODGING,SOLE_PROPRIETOR,Chennai,Tamil Nadu,2025-03-28 00:00:00,ACTIVE,711.0
MCH1331,"Garg, Bobal and Jain",4131.0,TRANSPORT & TRAVEL,INDIVIDUAL,Kolkata,West Bengal,2024-06-29 00:00:00,ACTIVE,3720.61
MCH1333,Sastry PLC,4814.0,TELECOM,INDIVIDUAL,Amritsar,Punjab,2025-09-18 18:25:49,INACTIVE,1548.51
MCH1334,"KALITA, SARRAF AND BHARDWAJ",5999.0,RETAIL OTHER,INDIVIDUAL,Bangalore,Karnataka,2025-09-28 00:00:00,ACTIVE,1780.83
MCH1335,"Wagle, Kamdar and Mallick",7011.0,HOTEL & LODGING,SOLE_PROPRIETOR,Mumbai,Maharashtra,2024-05-03 01:55:00,SUSPENDED,398.0
MCH1336,Tandon-Pant,5311.0,DEPARTMENT STORE,SOLE_PROPRIETOR,Jaipur,Rajasthan,2025-09-04 05:40:18,ACTIVE,991.0
MCH1340,"Dash, Saxena and Kara",4131.0,TRANSPORT & TRAVEL,PRIVATE_LIMITED,Hyderabad,Telangana,2024-04-03 00:00:00,INACTIVE,4203.63
MCH1343,"Madan,TrivediandGanguly",,APPAREL,INDIVIDUAL,Blr,Karnataka,2025-10-15 00:00:00,ACTIVE,1927.76
MCH1345,Bhat Inc,5311.0,DEPARTMENT STORES,PRIVATE_LIMITED,Hyderabad,Telangana,2025-01-28 00:00:00,ACTIVE,1702.79
MCH1347,D’ALIA GROUP,7011.0,HOTEL & LODGING,PRIVATE_LIMITED,Chennai,Tamil Nadu,2023-07-02 00:00:00,ACTIVE,1739.0
MCH1349,Bahri and Sons,5912.0,PHARMACY,INDIVIDUAL,Hyderabad,Telangana,2025-06-08 00:00:00,ACTIVE,2320.2
MCH1350,"KRISHNAMURTHY, DUTT AND SURA",4814.0,TELECOM,PARTNERSHIP,Mumbai,Maharashtra,2024-07-25 00:00:00,ACTIVE,1360.18
MCH1352,"Bandi, Soman and Manne",5812.0,FOOD & DINING,INDIVIDUAL,Jalandhar,Punjab,2026-01-28 00:00:00,ACTIVE,4146.0
MCH1353,Chada and Sons,4131.0,TRANSPORT & TRAVEL,PARTNERSHIP,Jpr,Rajasthan,2023-11-25 07:19:00,ACTIVE,2641.0
MCH1358,"CHAUDRY, BARAL AND MODI",4131.0,TRANSPORT & TRAVEL,INDIVIDUAL,Ludhiana,Punjab,2025-07-06 00:00:00,ACTIVE,2115.38
MCH1359,  Palan-Minhas  ,,APPAREL,INDIVIDUAL,Chennai,Tamil Nadu,2024-08-24 00:00:00,ACTIVE,1891.91
MCH1363,Rattan-Shere,7011.0,HOTEL & LODGING,SOLE_PROPRIETOR,Chennai,Tamil Nadu,2025-08-19 00:00:00,ACTIVE,926.5
MCH1364,Ba1 Gr0up,594.0,BOOK STORE,SOLE_PROPRIETOR,Lucknow,Uttar Pradesh,2025-02-21 00:00:00,ACTIVE,-2000.66
MCH1365,  Agate PLC  ,5942.0,BOOKS & STATIONERY,PARTNERSHIP,Pune,Maharashtra,2024-10-12 00:00:00,ACTIVE,-2839.17
MCH1366,"shah, roy and srinivasan",,GROCERY,SOLE_PROPRIETOR,Kolkata,West Bengal,2023-08-03 07:31:06,ACTIVE,935.11
MCH1370,Wable LLC,4814.0,TELECOM,PRIVATE_LIMITED,Jalandhar,Punjab,2023-11-19 00:00:00,ACTIVE,3898.88
MCH1375,"sahota, johal and shanker",5411.0,GROCERY,INDIVIDUAL,Jalandhar,Punjab,2025-03-02 00:00:00,SUSPENDED,1836.94
MCH1377,Sinha-Gaba,5411.0,GROCERY,PRIVATE_LIMITED,Pune,Maharashtra,2025-12-04 06:37:25,INACTIVE,1471.43
MCH1378,Patil-Deshmukh,531.0,DEPARTMENT STORE,PRIVATE_LIMITED,Chennai,Tamil Nadu,2023-09-10 00:00:00,ACTIVE,387.99
MCH1379,Chokshi Ltd,5912.0,PHARMACY,INDIVIDUAL,Chennai,Tamil Nadu,2024-01-23 00:00:00,ACTIVE,2729.5
MCH1380,Mahal-Khare,5999.0,OTHER,PRIVATE_LIMITED,Mumbai,Maharashtra,2025-02-23 00:44:00,ACTIVE,3004.0
MCH1383,dubey group,,GROCERY,INDIVIDUAL,Hyderabad,Telangana,2023-03-09 16:33:00,ACTIVE,
MCH1384,Naidu-Bhatti,5812.0,FOOD & DINING,INDIVIDUAL,Ludhiana,Punjab,2024-03-04 00:00:00,ACTIVE,3910.34
MCH1387,HANDA-TALWAR,4131.0,TRANSPORT & TRAVEL,SOLE_PROPRIETOR,Lucknow,Uttar Pradesh,2023-05-10 03:18:00,ACTIVE,754.0
MCH1388,"Kala, Kunda and Pandit",5912.0,PHARMACY,SOLE_PROPRIETOR,Bengaluru,Karnataka,2025-07-22 00:00:00,ACTIVE,3155.43
MCH1389,munshi-behl,5411.0,GROCERY,INDIVIDUAL,Pune,Maharashtra,2023-06-17 00:00:00,ACTIVE,3913.0
MCH1391,"Kale, Shroff and Barad",7011.0,HOTEL & LODGING,INDIVIDUAL,Kolkata,West Bengal,2025-10-31 06:57:00,SUSPENDED,2757.0
MCH1392,Johal-Gaba,591.0,PHARMACY,PRIVATE_LIMITED,Pune,Maharashtra,2024-02-20 00:00:00,INACTIVE,4352.7
MCH1393,HEGDE-BAHRI,5912.0,PHARMACY,PARTNERSHIP,Ludhiana,Punjab,2024-11-15 00:00:00,ACTIVE,6478.07
MCH1395,Venkatesh LLC,5812.0,FOOD & DINING,PARTNERSHIP,Lucknow,Uttar Pradesh,2023-04-16 01:21:59,ACTIVE,641.0
MCH1397,Memon LLC,,BOOKS & STATIONERY,PRIVATE_LIMITED,Blr,Karnataka,2025-04-18 00:00:00,ACTIVE,1062.38
MCH1400,Kapoor-Bhalla,5699.0,APPAREL,PARTNERSHIP,Chennai,Tamil Nadu,2023-05-17 00:00:00,ACTIVE,913.08
MCH1401,Din and Sons,5411.0,GROCERY,INDIVIDUAL,Amritsar,Punjab,2025-07-20 20:31:24,ACTIVE,286.09
MCH1405,chandra inc,5311.0,DEPARTMENT STORE,PARTNERSHIP,Ludhiana,Punjab,2026-10-02 00:00:00,INACTIVE,1248.0
MCH1406,Parmer-Goswami,7011.0,HOTEL & LODGING,PRIVATE_LIMITED,Bengaluru,Karnataka,2024-07-11 00:00:00,ACTIVE,2632.53
MCH1409,Baral LLC,5912.0,PHARMACY,INDIVIDUAL,Hyderabad,Telangana,2023-06-03 00:00:00,ACTIVE,-1891.12
MCH1417,"sekhon, parsa and bandi",4814.0,TELECOM,SOLE_PROPRIETOR,Mumbay,Maharashtra,2026-01-26 00:00:00,ACTIVE,1501.66
MCH1420,Aggarwal-Garde,4131.0,TRANSPORT & TRAVEL,SOLE_PROPRIETOR,Mumbai,Maharashtra,2024-03-18 00:00:00,ACTIVE,830.85
MCH1422,Merchant and Sons,5912.0,PHARMACY,INDIVIDUAL,Hyderabad,Telangana,2023-04-25 00:00:00,ACTIVE,4074.0
MCH1424,"GOEL, BALAY AND DUA",7011.0,HOTEL & LODGING,PRIVATE_LIMITED,Jalandhar,Punjab,2025-10-19 00:36:54,ACTIVE,5339.46
MCH1428,De-Natarajan,4131.0,TRANSPORT & TRAVEL,INDIVIDUAL,Mumbai,Maharashtra,2025-12-30 00:00:00,ACTIVE,1289.0
MCH1429,Pal Ltd,5411.0,GROCERY,INDIVIDUAL,Jaipur,Rajasthan,2024-10-13 00:00:00,ACTIVE,258.0
MCH1430,"Bhavsar, Dora and Singh",5812.0,FOOD & DINING,PRIVATE_LIMITED,Dilli,Delhi,2024-03-07 00:00:00,ACTIVE,238.76
MCH1434,Kale and Sons,5812.0,FOOD & DINING,PRIVATE_LIMITED,Jalandhar,Punjab,2023-04-25 00:00:00,ACTIVE,985.73
MCH1438,"Memon, Chaudhuri and Choudhry",5812.0,FOOD & DINING,SOLE_PROPRIETOR,Amritsar,Punjab,2024-05-17 00:00:00,ACTIVE,2393.0
MCH1439,Chawla Ltd,,TRANSPORT & TRAVEL,INDIVIDUAL,Chennai,Tamil Nadu,2023-05-10 00:00:00,ACTIVE,6190.53
MCH1441,"Kakar, Parsa and Sodhi",5999.0,OTHER,PARTNERSHIP,Lucknow,Uttar Pradesh,2024-09-06 00:00:00,ACTIVE,1723.15
MCH1442,  Wadhwa-Walla  ,7011.0,HOTEL & LODGING,PRIVATE_LIMITED,Pune,Maharashtra,2025-12-13 00:00:00,ACTIVE,1483.74
MCH1443,Swamy PLC,5999.0,MISC RETAIL,PRIVATE_LIMITED,Lucknow,Uttar Pradesh,2023-10-06 00:00:00,INACTIVE,209.63
MCH1445,Wali PLC,5411.0,GROCERY,SOLE_PROPRIETOR,Hyderabad,Telangana,2023-11-09 17:23:59,ACTIVE,1200.0
MCH1446,Sunder-Sathe,5311.0,DEPARTMENT STORES,SOLE_PROPRIETOR,Chennai,Tamil Nadu,2024-11-18 00:00:00,ACTIVE,3885.08
MCH1447,Uppal Ltd,5912.0,PHARMACY,PARTNERSHIP,Lucknow,Uttar Pradesh,2026-02-20 00:00:00,ACTIVE,236.04
MCH1448,TAK AND SONS,599.0,OTHER,SOLE_PROPRIETOR,Mumbay,Maharashtra,2024-03-30 02:02:17,ACTIVE,2897.23
MCH1449,"Chadha, Ramakrishnan and Badami",7011.0,HOTEL & LODGING,PARTNERSHIP,Hyderabad,Telangana,2023-09-28 15:52:52,SUSPENDED,1634.83
MCH1450,"HORA, KUNDA AND DANI",5311.0,DEPARTMENT STORE,SOLE_PROPRIETOR,Ludhiana,Punjab,2023-10-30 00:00:00,INACTIVE,1853.9
MCH1454,WableInc,5999.0,MISC RETAIL,INDIVIDUAL,Lucknow,Uttar Pradesh,2025-06-18 00:00:00,ACTIVE,2617.0
MCH1456,Madan-Ganesh,5699.0,APPAREL,INDIVIDUAL,Amritsar,Punjab,2025-01-11 00:00:00,ACTIVE,
MCH1457,Shetty Group,5999.0,OTHER,INDIVIDUAL,Jalandhar,Punjab,2025-11-07 00:00:00,ACTIVE,1159.43
MCH1458,Chatterjee-Saran,,DEPARTMENT STORES,SOLE_PROPRIETOR,Jalandhar,Punjab,2025-09-05 00:00:00,INACTIVE,658.54
MCH1459,"Palla, Saini and Date",7011.0,HOTEL & LODGING,INDIVIDUAL,Ludhiana,Punjab,2024-02-20 00:00:00,SUSPENDED,1582.79
MCH1462,Swamy Inc,5912.0,PHARMACY,PRIVATE_LIMITED,Jalandhar,Punjab,2023-09-13 00:00:00,INACTIVE,1411.0
MCH1465,"Shah, Solanki and Rajagopalan",5699.0,APPAREL,INDIVIDUAL,Lucknow,Uttar Pradesh,2024-04-10 00:00:00,SUSPENDED,725.72
MCH1469,"CHOUDHURY, JANI AND RAMASWAMY",5942.0,BOOKS & STATIONERY,SOLE_PROPRIETOR,Blr,Karnataka,2025-03-28 00:00:00,ACTIVE,416.0
MCH1473,Lata-Khurana,,PHARMACY,PARTNERSHIP,Hyderabad,Telangana,,INACTIVE,326.76
MCH1474,"sami, sur and tank",413.0,TRANSPORT & TRAVEL,PRIVATE_LIMITED,Pune,Maharashtra,,ACTIVE,1645.61
MCH1475,"Bora, Bhakta and Aurora",,DEPARTMENT STORES,PRIVATE_LIMITED,Kolkata,West Bengal,2024-06-11 00:00:00,ACTIVE,1652.87
MCH1477,Ahluwalia-Devan,5912.0,PHARMACY,PARTNERSHIP,Jpr,Rajasthan,2024-04-15 00:00:00,ACTIVE,551.17
MCH1478,Sah0ta LLC,5912.0,PHARMACY,INDIVIDUAL,Jaipur,Rajasthan,2024-09-12 18:14:03,INACTIVE,2037.0
MCH1479,"Mandal, Barad and Srinivasan",5942.0,BOOKS & STATIONERY,PARTNERSHIP,Kolkata,West Bengal,2025-07-27 00:00:00,ACTIVE,
MCH1480,  Bala-Magar  ,599.0,MISC RETAIL,INDIVIDUAL,Hyderabad,Telangana,,ACTIVE,
MCH1482,"Bahri,SarinandHora",5999.0,OTHER,PARTNERSHIP,Hyderabad,Telangana,2024-01-26 00:00:00,SUSPENDED,1651.0
MCH1483,Mohan-Kari,5942.0,BOOKS & STATIONERY,PRIVATE_LIMITED,Amritsar,Punjab,2026-02-11 00:00:00,ACTIVE,1901.08
MCH1484,"  Uppal, Butala and Tata  ",701.0,HOTEL & LODGING,INDIVIDUAL,Bangalore,Karnataka,2025-02-18 00:00:00,ACTIVE,-3825.1
MCH1488,"Chada, Gopal and Rajagopal",4814.0,TELECOM,SOLE_PROPRIETOR,Jaipur,Rajasthan,2026-01-02 00:00:00,ACTIVE,1905.0
MCH1491,"Sarna, Chand and Goda",4814.0,TELECOM,SOLE_PROPRIETOR,Ludhiana,Punjab,2026-01-27 00:00:00,ACTIVE,1075.6
MCH1492,"PANCHAL, BAIL AND NADKARNI",591.0,PHARMACY,SOLE_PROPRIETOR,Jaipur,Rajasthan,2024-07-05 00:00:00,SUSPENDED,6674.02
MCH1493,"Kar, Nath and Koshy",5942.0,BOOKS & STATIONERY,INDIVIDUAL,Blr,Karnataka,2023-01-28 00:00:00,ACTIVE,
MCH1494,Joshi-Bala,5311.0,RETAIL,SOLE_PROPRIETOR,Mumbai,Maharashtra,2023-12-07 00:00:00,ACTIVE,997.33
MCH1497,Lanka PLC,5912.0,PHARMACY,PRIVATE_LIMITED,Asr,Punjab,2025-09-24 00:00:00,ACTIVE,1817.0
MCH1498,Deo-Mand,5999.0,RETAIL OTHER,SOLE_PROPRIETOR,Chennai,Tamil Nadu,2025-01-03 00:00:00,ACTIVE,1460.33
MCH1501,Anand-Bhatt,481.0,TELECOM,PARTNERSHIP,Hyderabad,Telangana,2025-11-07 00:00:00,ACTIVE,4185.6
MCH1506,GANDHI-LOKE,5912.0,PHARMACY,PARTNERSHIP,Chennai,Tamil Nadu,2024-06-13 17:59:00,ACTIVE,967.0
MCH1509,"Rajan, Dash and Bora",,TRANSPORT & TRAVEL,PRIVATE_LIMITED,Amritsar,Punjab,2025-04-26 00:00:00,INACTIVE,806.0
MCH1514,"Lata, Raja and Parsa",5311.0,RETAIL,PRIVATE_LIMITED,Jalandhar,Punjab,2024-06-14 17:26:04,ACTIVE,553.18
MCH1515,"MALL, KARA AND SASTRY",5699.0,APPAREL,PARTNERSHIP,Hyderabad,Telangana,2024-07-19 00:00:00,ACTIVE,
MCH1516,LOYAL AND SONS,5999.0,MISC RETAIL,PRIVATE_LIMITED,Ludhiana,Punjab,2023-12-01 14:16:00,ACTIVE,1471.99
MCH1518,"Deol, Mand and Bhattacharyya",4131.0,TRANSPORT & TRAVEL,PARTNERSHIP,Jaipur,Rajasthan,2023-09-17 16:16:07,SUSPENDED,862.0
MCH1522,Mody Inc,5912.0,PHARMACY,SOLE_PROPRIETOR,Jaipur,Rajasthan,2024-08-04 00:00:00,ACTIVE,631.57
MCH1525,sant-bhavsar,594.0,BOOKS & STATIONERY,INDIVIDUAL,Jaipur,Rajasthan,2023-09-10 00:00:00,ACTIVE,754.82
MCH1526,CHOWDHURY AND SONS,4814.0,TELECOM,SOLE_PROPRIETOR,Bangalore,Karnataka,2023-07-14 00:00:00,ACTIVE,2697.93
MCH1529,"Sangha,BanerjeeandSengupta",7011.0,HOTEL & LODGING,PRIVATE_LIMITED,Ludhiana,Punjab,2023-02-06 00:00:00,INACTIVE,1257.59
MCH1530,"suresh, kadakia and iyer",5912.0,PHARMACY,PRIVATE_LIMITED,Jalandhar,Punjab,2024-08-23 14:54:00,ACTIVE,158.58
MCH1531,Savant and Sons,7011.0,HOTEL & LODGING,PRIVATE_LIMITED,Delhi,Delhi,2026-02-10 00:00:00,INACTIVE,1019.94
MCH1532,sarna-kota,599.0,OTHER,PRIVATE_LIMITED,New Delhi,Delhi,2024-10-21 00:00:00,ACTIVE,4843.68
MCH1533,Wason and Sons,5812.0,EATING PLACE,PARTNERSHIP,Amritsar,Punjab,2025-03-27 07:32:49,INACTIVE,419.64
MCH1534,"MERCHANT, SARNA AND KORPAL",5912.0,PHARMACY,PRIVATE_LIMITED,Hyderabad,Telangana,2023-02-04 14:45:00,INACTIVE,3752.5
MCH1537,Goswami-Sibal,5812.0,FOOD & DINING,PARTNERSHIP,Hyderabad,Telangana,2023-04-05 00:00:00,ACTIVE,360.35
MCH1540,DAVE LLC,5942.0,BOOKS & STATIONERY,SOLE_PROPRIETOR,Mumbai,Maharashtra,2024-05-21 00:00:00,ACTIVE,525.0
MCH1541,Bhattacharyya-Hans,7011.0,HOTEL & LODGING,PRIVATE_LIMITED,Kolkata,West Bengal,2024-03-24 00:00:00,ACTIVE,621.01
MCH1543,  Parmer Group  ,4131.0,TRANSPORT & TRAVEL,INDIVIDUAL,Hyderabad,Telangana,2025-04-02 20:13:00,ACTIVE,1064.76
MCH1551,malhotra-subramanian,5812.0,EATING PLACE,PARTNERSHIP,Pune,Maharashtra,2024-06-13 00:00:00,ACTIVE,1909.07
MCH1552,uppal plc,4131.0,TRANSPORT & TRAVEL,SOLE_PROPRIETOR,Hyderabad,Telangana,,ACTIVE,1136.0
MCH1553,basu-varma,5942.0,BOOK STORE,SOLE_PROPRIETOR,Kolkata,West Bengal,,ACTIVE,1630.0
MCH1555,Raj LLC,5942.0,BOOKS & STATIONERY,INDIVIDUAL,Pune,Maharashtra,2023-04-23 00:00:00,ACTIVE,602.0
MCH1558,Shroff-Khanna,4814.0,TELECOM,PARTNERSHIP,Blr,Karnataka,2023-01-20 12:52:42,ACTIVE,1953.35
MCH1561,Gera-Kota,5942.0,BOOKS & STATIONERY,SOLE_PROPRIETOR,Jaipur,Rajasthan,2024-06-15 00:00:00,INACTIVE,530.0
MCH1563,Mandal-Biswas,4814.0,TELECOM,PARTNERSHIP,Jaipur,Rajasthan,2023-10-11 00:00:00,SUSPENDED,-376.51
MCH1567,  Bhargava-Bora  ,5812.0,FOOD & DINING,PRIVATE_LIMITED,Jalandhar,Punjab,2024-12-20 00:00:00,ACTIVE,101.33
MCH1568,Chandran Ltd,7011.0,HOTEL & LODGING,SOLE_PROPRIETOR,Lucknow,Uttar Pradesh,2024-09-04 00:00:00,ACTIVE,3618.31
MCH1569,"Bal, Wali and Sheth",4814.0,TELECOM,PRIVATE_LIMITED,Chennai,Tamil Nadu,2025-10-11 00:00:00,ACTIVE,1678.57
MCH1571,"Rao, Viswanathan and Joshi",4131.0,TRANSPORT & TRAVEL,SOLE_PROPRIETOR,Chennai,Tamil Nadu,2023-08-03 04:40:51,ACTIVE,866.2
MCH1573,"Tailor, Som and Soni",481.0,TELECOM,PARTNERSHIP,Jalandhar,Punjab,2023-12-11 00:00:00,ACTIVE,540.2
MCH1578,gala ltd,5999.0,OTHER,INDIVIDUAL,Blr,Karnataka,2023-04-13 00:00:00,ACTIVE,446.42
MCH1580,"  Subramaniam, Krishnamurthy and Din  ",5999.0,OTHER,SOLE_PROPRIETOR,Kolkata,West Bengal,2025-08-01 00:00:00,ACTIVE,2992.77
MCH1581,"Nayak, Verma and Sawhney",5311.0,DEPARTMENT STORES,PARTNERSHIP,Mumbai,Maharashtra,2025-01-11 00:00:00,ACTIVE,3655.93
MCH1583,SARIN-MORE,5812.0,FOOD & DINING,PRIVATE_LIMITED,Asr,Punjab,2023-10-05 00:00:00,ACTIVE,1435.48
MCH1585,Khalsa-Kulkarni,5311.0,DEPARTMENT STORE,PARTNERSHIP,New Delhi,Delhi,2023-05-22 00:00:00,ACTIVE,3398.13
MCH1587,Srivastava-Saha,5912.0,PHARMACY,PRIVATE_LIMITED,Kolkata,West Bengal,,ACTIVE,1502.0
MCH1588,Doctor Ltd,4131.0,TRANSPORT & TRAVEL,INDIVIDUAL,Ludhiana,Punjab,2025-07-27 00:00:00,SUSPENDED,1791.21
MCH1591,Ramaswamy-Babu,5311.0,DEPARTMENT STORE,PARTNERSHIP,Amritsar,Punjab,2024-04-18 00:00:00,ACTIVE,1638.46
MCH1592,AgateInc,531.0,RETAIL,PRIVATE_LIMITED,Hyderabad,Telangana,2025-01-30 02:00:41,SUSPENDED,1072.45
MCH1593,Wali-Murthy,5999.0,OTHER,SOLE_PROPRIETOR,Blr,Karnataka,2026-02-23 12:14:26,ACTIVE,15388.22
MCH1594,Bera Inc,5999.0,RETAIL OTHER,PRIVATE_LIMITED,Amritsar,Punjab,2024-09-05 00:00:00,ACTIVE,2187.43
MCH1599,RASTOGI-KUMER,5311.0,DEPARTMENT STORE,PARTNERSHIP,Jalandhar,Punjab,2025-12-25 00:00:00,ACTIVE,361.82
MCH1600,"warrior, anand and kata",5311.0,DEPARTMENT STORE,INDIVIDUAL,Chennai,Tamil Nadu,2025-07-10 00:00:00,ACTIVE,2937.03
MCH1605,Kar-Peri,,MISC RETAIL,INDIVIDUAL,Dilli,Delhi,2025-12-14 20:52:47,ACTIVE,3940.67
MCH1609,Ram-Palla,4814.0,TELECOM,PRIVATE_LIMITED,Mumbai,Maharashtra,2023-07-17 21:30:00,ACTIVE,554.3
MCH1610,Sodhi-Parekh,5411.0,GROCERY,PARTNERSHIP,Amritsar,Punjab,,ACTIVE,1488.13
MCH1611,Karan-Kibe,,GROCERY,SOLE_PROPRIETOR,Jalandhar,Punjab,2024-06-03 00:00:00,ACTIVE,343.64
MCH1612,"Andra, Chana and Saha",5812.0,EATING PLACE,SOLE_PROPRIETOR,Lucknow,Uttar Pradesh,2025-10-27 00:00:00,INACTIVE,655.56
MCH1616,"Suresh, Borra and Ganesh",4814.0,TELECOM,INDIVIDUAL,Chennai,Tamil Nadu,2023-11-10 00:00:00,ACTIVE,2818.0
MCH1617,Cherian LLC,531.0,DEPARTMENT STORE,INDIVIDUAL,Hyderabad,Telangana,2024-02-09 07:13:57,ACTIVE,-11340.36
MCH1618,Muni Ltd,5812.0,FOOD & DINING,INDIVIDUAL,Delhi,Delhi,2023-11-01 18:31:16,ACTIVE,1051.73
MCH1619,DIVAN-BHATTI,5912.0,PHARMACY,SOLE_PROPRIETOR,New Delhi,Delhi,2025-12-24 00:00:00,ACTIVE,477.85
MCH1621,pandey-soni,5812.0,FOOD & DINING,SOLE_PROPRIETOR,Pune,Maharashtra,2023-11-15 00:00:00,INACTIVE,769.0
MCH1625,"Bora, Hayer and Koshy",,OTHER,INDIVIDUAL,Bangalore,Karnataka,2024-10-24 00:32:36,ACTIVE,-1201.74
MCH1626,"Pau, Iyengar and Khare",5999.0,MISC RETAIL,SOLE_PROPRIETOR,Delhi,Delhi,2025-07-12 00:00:00,ACTIVE,550.42
MCH1627,DUA LTD,5999.0,OTHER,PRIVATE_LIMITED,Lucknow,Uttar Pradesh,2024-07-31 00:00:00,ACTIVE,160.25
MCH1628,"rao, buch and kala",5912.0,PHARMACY,INDIVIDUAL,Lucknow,Uttar Pradesh,2025-01-08 16:04:25,ACTIVE,789.95
MCH1630,Yogi-Agate,5942.0,BOOK STORE,PARTNERSHIP,Kolkata,West Bengal,2023-10-31 00:00:00,ACTIVE,444.27
MCH1636,"Natt, Mitter and Oza",7011.0,HOTEL & LODGING,SOLE_PROPRIETOR,Delhi,Delhi,2025-01-17 21:22:17,ACTIVE,987.0
MCH1639,"  Borah, Dhaliwal and Morar  ",5999.0,MISC RETAIL,PARTNERSHIP,Kolkata,West Bengal,2024-11-14 10:51:00,ACTIVE,7799.0
MCH1640,Trivedi-Agrawal,5411.0,GROCERY,PRIVATE_LIMITED,Jalandhar,Punjab,2025-01-25 11:29:34,ACTIVE,2316.65
MCH1641,bali llc,5999.0,OTHER,SOLE_PROPRIETOR,Delhi,Delhi,,ACTIVE,-3239.36
MCH1642,Zacharia-Dhawan,5411.0,GROCERY,PARTNERSHIP,Kolkata,West Bengal,2023-01-02 04:08:32,ACTIVE,363.0
MCH1645,Savant-Singha1,5942.0,BOOKS & STATIONERY,SOLE_PROPRIETOR,Chennai,Tamil Nadu,2024-04-19 00:00:00,ACTIVE,337.0
MCH1646,Golla and Sons,,GROCERY,INDIVIDUAL,Mumbai,Maharashtra,2024-09-23 00:00:00,INACTIVE,-790.28
MCH1647,NARULA LLC,5699.0,APPAREL,INDIVIDUAL,Ludhiana,Punjab,2024-10-05 18:51:00,SUSPENDED,1898.14
MCH1649,Venkatesh PLC,5812.0,FOOD & DINING,PRIVATE_LIMITED,Delhi,Delhi,2024-08-03 17:27:00,SUSPENDED,851.41
MCH1651,Kumar Inc,5942.0,BOOKS & STATIONERY,SOLE_PROPRIETOR,Mumbai,Maharashtra,2024-03-09 00:00:00,ACTIVE,1249.76
MCH1652,Tripathi-Vasa,531.0,DEPARTMENT STORE,PRIVATE_LIMITED,Amritsar,Punjab,2025-03-08 00:00:00,INACTIVE,1419.63
MCH1653,  Mitra Inc  ,7011.0,HOTEL & LODGING,SOLE_PROPRIETOR,Chennai,Tamil Nadu,,ACTIVE,1669.53
MCH1654,More PLC,5999.0,RETAIL OTHER,INDIVIDUAL,Bengaluru,Karnataka,2025-02-18 00:00:00,ACTIVE,2598.19
MCH1656,Dhar PLC,5311.0,DEPARTMENT STORE,PARTNERSHIP,Amritsar,Punjab,2025-05-29 22:52:00,ACTIVE,2992.0
MCH1657,"Kaur, Sandhu and Shanker",569.0,APPAREL,PRIVATE_LIMITED,Mumbai,Maharashtra,2025-01-14 15:44:00,ACTIVE,1224.96
MCH1658,khatri-mohanty,5812.0,FOOD & DINING,SOLE_PROPRIETOR,Jpr,Rajasthan,2025-08-08 00:00:00,INACTIVE,2016.79
MCH1661,kothari-dara,591.0,PHARMACY,PARTNERSHIP,Hyderabad,Telangana,2026-01-16 22:10:04,ACTIVE,
MCH1663,"Edwin, Kala and Barad",4131.0,TRANSPORT & TRAVEL,INDIVIDUAL,Chennai,Tamil Nadu,2024-07-04 00:00:00,ACTIVE,449.21
MCH1664,Karan Ltd,4131.0,TRANSPORT & TRAVEL,PARTNERSHIP,Chennai,Tamil Nadu,2025-02-06 00:00:00,ACTIVE,
MCH1665,Salvi Group,5699.0,CLOTHING,INDIVIDUAL,Bangalore,Karnataka,2025-11-30 00:00:00,ACTIVE,946.53
MCH1667,Prashad-Samra,581.0,FOOD & DINING,PRIVATE_LIMITED,Dilli,Delhi,2025-10-20 03:57:00,ACTIVE,7788.38
MCH1674,Kari-Tara,4814.0,TELECOM,PARTNERSHIP,Mumbay,Maharashtra,2024-08-16 00:00:00,ACTIVE,1266.21
MCH1675,"Dey, Sathe and Sibal",4131.0,TRANSPORT & TRAVEL,PRIVATE_LIMITED,Chennai,Tamil Nadu,2025-11-09 00:00:00,ACTIVE,1577.75
MCH1676,"Palla, Gupta and Narain",4814.0,TELECOM,SOLE_PROPRIETOR,Jalandhar,Punjab,2025-11-27 17:23:23,ACTIVE,750.53
MCH1679,"Chawla, Sura and Pal",4131.0,TRANSPORT & TRAVEL,INDIVIDUAL,Lucknow,Uttar Pradesh,2026-01-30 14:56:48,SUSPENDED,1030.0
MCH1680,"Dube, Sekhon and Nagarajan",569.0,APPAREL,SOLE_PROPRIETOR,Ludhiana,Punjab,2025-02-03 01:50:32,ACTIVE,855.0
MCH1683,"Sampath, Anne and Madan",5812.0,FOOD & DINING,PARTNERSHIP,Chennai,Tamil Nadu,2026-02-14 00:00:00,ACTIVE,2458.98
MCH1686,Chokshi and Sons,5942.0,BOOKS & STATIONERY,INDIVIDUAL,Bangalore,Karnataka,2024-02-02 00:00:00,ACTIVE,1116.34
MCH1696,Prakash-Dhar,5411.0,GROCERY,PARTNERSHIP,Blr,Karnataka,2025-01-09 00:00:00,ACTIVE,567.04
MCH1697,Sodhi-Ramakrishnan,4814.0,TELECOM,PRIVATE_LIMITED,Lucknow,Uttar Pradesh,2023-04-13 07:04:31,SUSPENDED,1234.06
MCH1704,"Shukla, Hari and Chopra",4131.0,TRANSPORT & TRAVEL,SOLE_PROPRIETOR,Lucknow,Uttar Pradesh,2023-08-04 00:00:00,INACTIVE,2965.45
MCH1706,"Vala, Nagarajan and Saxena",5311.0,DEPARTMENT STORE,PARTNERSHIP,Mumbai,Maharashtra,2023-08-27 00:00:00,INACTIVE,513.27
MCH1709,sachdeva-khanna,5999.0,OTHER,PARTNERSHIP,Chennai,Tamil Nadu,2023-08-25 07:56:38,ACTIVE,481.17
MCH1710,"Tara, Dash and Pau",5912.0,PHARMACY,PARTNERSHIP,Lucknow,Uttar Pradesh,2026-02-26 00:00:00,ACTIVE,804.19
MCH1711,"Sastry, Kota and Merchant",5411.0,GROCERY,SOLE_PROPRIETOR,Ludhiana,Punjab,2023-12-17 08:04:00,ACTIVE,1991.22
MCH1713,Dubey Inc,5812.0,FOOD & DINING,SOLE_PROPRIETOR,Kolkata,West Bengal,2025-02-06 00:00:00,ACTIVE,1132.0
MCH1714,Sampath LLC,5699.0,APPAREL,PARTNERSHIP,Lucknow,Uttar Pradesh,2026-02-17 00:00:00,ACTIVE,585.92
MCH1718,Wason-Vaidya,5311.0,RETAIL,PRIVATE_LIMITED,Jalandhar,Punjab,2025-04-04 17:19:00,ACTIVE,705.66
MCH1721,"Mammen, Ka1a and Gara",7011.0,HOTEL & LODGING,INDIVIDUAL,Kolkata,West Bengal,2023-10-07 01:39:20,ACTIVE,1736.83
MCH1722,Patel-Warrior,701.0,HOTEL & LODGING,INDIVIDUAL,Kolkata,West Bengal,2025-03-15 00:00:00,ACTIVE,420.0
MCH1725,"Narayanan, Thaker and Sandhu",5999.0,RETAIL OTHER,PARTNERSHIP,Jpr,Rajasthan,2025-02-15 04:37:51,ACTIVE,385.5
MCH1726,RAJA AND SONS,4131.0,TRANSPORT & TRAVEL,PRIVATE_LIMITED,New Delhi,Delhi,2025-12-13 00:00:00,ACTIVE,639.24
MCH1727,Chacko LLC,599.0,RETAIL OTHER,PARTNERSHIP,Amritsar,Punjab,2023-07-23 00:00:00,ACTIVE,1914.68
MCH1729,GANESH PLC,5812.0,FOOD & DINING,PRIVATE_LIMITED,Hyderabad,Telangana,2025-05-23 00:00:00,ACTIVE,
MCH1730,  Buch Ltd  ,5699.0,APPAREL,INDIVIDUAL,Kolkata,West Bengal,2023-04-25 00:00:00,ACTIVE,813.32
MCH1732,"BAL, LOKE AND CHADHA",5411.0,GROCERY,PRIVATE_LIMITED,Delhi,Delhi,2024-10-24 00:00:00,ACTIVE,3477.98
MCH1736,Barman Inc,4131.0,TRANSPORT & TRAVEL,PARTNERSHIP,Jpr,Rajasthan,2025-08-06 20:56:00,ACTIVE,1937.05
MCH1739,Joshi Group,,BOOK STORE,INDIVIDUAL,Ludhiana,Punjab,2024-08-31 19:16:02,INACTIVE,
MCH1740,"Dhaliwal, Boase and Walla",7011.0,HOTEL & LODGING,PARTNERSHIP,Pune,Maharashtra,2025-09-02 00:00:00,ACTIVE,903.0
MCH1744,"Mani, Tara and Mane",4131.0,TRANSPORT & TRAVEL,SOLE_PROPRIETOR,Ludhiana,Punjab,2023-03-20 16:42:33,INACTIVE,466.22
MCH1747,"Vig, Cherian and Ch0udhury",5999.0,OTHER,INDIVIDUAL,New Delhi,Delhi,2025-08-22 05:19:05,ACTIVE,1469.56
MCH1750,"Dube, Natt and V0hra",4131.0,TRANSPORT & TRAVEL,INDIVIDUAL,Pune,Maharashtra,2024-12-18 12:18:45,ACTIVE,
MCH1751,"Keer, Dara and Gour",5942.0,BOOKS & STATIONERY,INDIVIDUAL,Ludhiana,Punjab,2023-06-29 00:00:00,SUSPENDED,1719.3
MCH1755,Kulkarni and Sons,4814.0,TELECOM,INDIVIDUAL,Mumbai,Maharashtra,2025-12-29 00:00:00,ACTIVE,-1088.47
MCH1756,"Borah, Sura and Kunda",5411.0,GROCERY,PRIVATE_LIMITED,Jaipur,Rajasthan,2025-10-21 00:00:00,ACTIVE,1371.78
MCH1763,  Dhillon Ltd  ,,DEPARTMENT STORE,PARTNERSHIP,Jalandhar,Punjab,2026-02-22 00:00:00,ACTIVE,231.69
MCH1764,"Kurian, Vaidya and Loyal",5999.0,MISC RETAIL,INDIVIDUAL,Lucknow,Uttar Pradesh,2025-11-16 04:20:00,SUSPENDED,419.98
MCH1767,Bhatnagar-Ka1a,,TELECOM,INDIVIDUAL,Jalandhar,Punjab,,ACTIVE,314.16
MCH1768,"  Mody, Tata and Chatterjee  ",4131.0,TRANSPORT & TRAVEL,SOLE_PROPRIETOR,Chennai,Tamil Nadu,2024-09-08 00:00:00,ACTIVE,360.87
MCH1769,"Sekhon, Goswami and Rajan",4814.0,TELECOM,SOLE_PROPRIETOR,Lucknow,Uttar Pradesh,2025-06-28 07:25:18,ACTIVE,1009.67
MCH1770,Prabhu Inc,5411.0,GROCERY STORES,PARTNERSHIP,Kolkata,West Bengal,2026-02-19 00:00:00,ACTIVE,1130.22
MCH1772,"Thakur, Talwar and Chahal",591.0,PHARMACY,PARTNERSHIP,Pune,Maharashtra,2025-11-19 01:49:18,ACTIVE,645.09
MCH1773,Prakash-Malhotra,5411.0,GROCERY STORES,INDIVIDUAL,Jalandhar,Punjab,,ACTIVE,1551.73
MCH1774,"Sundaram, Dani and Mall",5942.0,BOOKS & STATIONERY,PARTNERSHIP,Lucknow,Uttar Pradesh,2024-08-23 00:00:00,ACTIVE,10785.29
MCH1775,Karnik Inc,5411.0,GROCERY,PRIVATE_LIMITED,Lucknow,Uttar Pradesh,2023-04-13 08:51:51,ACTIVE,313.0
MCH1776,Vohra and Sons,5999.0,RETAIL OTHER,PRIVATE_LIMITED,Lucknow,Uttar Pradesh,2023-06-16 00:00:00,ACTIVE,843.8
MCH1779,"MAHARAJ, JAGGI AND REDDY",7011.0,HOTEL & LODGING,PARTNERSHIP,Bengaluru,Karnataka,2024-02-09 00:00:00,ACTIVE,1540.91
MCH1782,Kari PLC,5411.0,GROCERY,SOLE_PROPRIETOR,Mumbai,Maharashtra,2024-06-26 00:00:00,ACTIVE,-4762.58
MCH1785,  Shere-Pall  ,5311.0,DEPARTMENT STORE,SOLE_PROPRIETOR,Kolkata,West Bengal,2023-05-08 05:22:00,ACTIVE,2271.85
MCH1786,"Ganguly, Mammen and Babu",5411.0,GROCERY,SOLE_PROPRIETOR,Pune,Maharashtra,2025-05-22 00:00:00,ACTIVE,1212.0
MCH1787,JOHAL AND SONS,5942.0,BOOKS & STATIONERY,SOLE_PROPRIETOR,Chennai,Tamil Nadu,2024-04-09 00:00:00,ACTIVE,1495.88
MCH1788,"Dass, Rajagopal and Madan",,TELECOM,PRIVATE_LIMITED,Pune,Maharashtra,2024-12-11 00:00:00,SUSPENDED,1479.46
MCH1789,Loke-Chanda,594.0,BOOKS & STATIONERY,PARTNERSHIP,Jaipur,Rajasthan,2023-02-25 00:00:00,ACTIVE,15713.68
MCH1792,"Suresh, Chada and Mahal",5311.0,DEPARTMENT STORE,SOLE_PROPRIETOR,Kolkata,West Bengal,2025-03-24 00:00:00,ACTIVE,
MCH1793,Jaggi PLC,7011.0,HOTEL & LODGING,SOLE_PROPRIETOR,Delhi,Delhi,2024-08-21 00:47:16,ACTIVE,2705.89
MCH1796,Kohli-Nagar,5942.0,BOOKS & STATIONERY,INDIVIDUAL,Amritsar,Punjab,2024-07-20 00:00:00,ACTIVE,741.16
MCH1800,Mall PLC,5311.0,DEPARTMENT STORE,PRIVATE_LIMITED,Hyderabad,Telangana,2025-10-24 00:00:00,ACTIVE,1030.0
MCH1806,Thaker-Dutt,,APPAREL,INDIVIDUAL,Ludhiana,Punjab,2024-05-02 09:16:54,ACTIVE,6418.0
MCH1809,Grewal Inc,5311.0,DEPARTMENT STORES,PRIVATE_LIMITED,Blr,Karnataka,2025-10-31 03:18:09,ACTIVE,2181.93
MCH1811,  Varkey Inc  ,5311.0,DEPARTMENT STORE,SOLE_PROPRIETOR,Blr,Karnataka,2026-02-25 00:00:00,ACTIVE,592.0
MCH1812,Om PLC,5812.0,FOOD & DINING,SOLE_PROPRIETOR,Amritsar,Punjab,2024-11-26 18:01:01,ACTIVE,2079.98
MCH1813,Balan-Deo,5311.0,DEPARTMENT STORES,PARTNERSHIP,Pune,Maharashtra,2024-08-28 00:00:00,ACTIVE,-610.94
MCH1815,  Bhasin-Hans  ,5999.0,MISC RETAIL,PRIVATE_LIMITED,Hyderabad,Telangana,2025-05-10 00:00:00,ACTIVE,789.34
MCH1816,Aurora-Kata,531.0,RETAIL,SOLE_PROPRIETOR,Lucknow,Uttar Pradesh,2025-03-15 01:24:29,ACTIVE,1797.52
MCH1817,"Mohanty, Behl and Rao",4131.0,TRANSPORT & TRAVEL,INDIVIDUAL,Pune,Maharashtra,2025-07-23 00:00:00,INACTIVE,2347.62
MCH1818,BAKSHI-GOLLA,5699.0,CLOTHING,PRIVATE_LIMITED,Kolkata,West Bengal,2023-10-04 00:00:00,ACTIVE,4859.19
MCH1823,"Patla, Bhasin and Parsa",,HOTEL & LODGING,PARTNERSHIP,Lucknow,Uttar Pradesh,2023-06-15 00:00:00,ACTIVE,3003.2
MCH1827,  Saha Ltd  ,5999.0,OTHER,PARTNERSHIP,Pune,Maharashtra,2026-01-12 00:00:00,ACTIVE,790.89
MCH1828,  Goel PLC  ,5699.0,CLOTHING,PRIVATE_LIMITED,Chennai,Tamil Nadu,2025-10-15 00:00:00,ACTIVE,4227.93
MCH1829,Ramaswamy Group,4131.0,TRANSPORT & TRAVEL,SOLE_PROPRIETOR,Kolkata,West Bengal,2024-03-15 00:00:00,ACTIVE,2351.23
MCH1830,shan llc,7011.0,HOTEL & LODGING,PRIVATE_LIMITED,Lucknow,Uttar Pradesh,,ACTIVE,405.35
MCH1832,Mistry-Chaudhary,599.0,OTHER,INDIVIDUAL,Hyderabad,Telangana,2024-12-11 00:06:45,INACTIVE,448.33
MCH1833,"Sabharwal, Chopra and Nayar",4131.0,TRANSPORT & TRAVEL,PRIVATE_LIMITED,Pune,Maharashtra,2023-07-26 05:30:00,ACTIVE,1391.53
MCH1836,"  Nazareth, Bahl and Manda  ",5411.0,GROCERY,PRIVATE_LIMITED,Hyderabad,Telangana,2023-11-15 00:00:00,ACTIVE,
MCH1838,Manda-Deshpande,594.0,BOOKS & STATIONERY,PARTNERSHIP,Jalandhar,Punjab,2025-09-04 06:22:16,ACTIVE,2224.32
MCH1839,Krish Group,541.0,GROCERY STORES,SOLE_PROPRIETOR,Jalandhar,Punjab,2024-01-29 20:47:00,ACTIVE,1503.47
MCH1840,Chahal and Sons,5942.0,BOOKS & STATIONERY,SOLE_PROPRIETOR,Ludhiana,Punjab,2026-02-06 00:00:00,ACTIVE,764.0
MCH1841,Kadakia-Rao,,HOTEL & LODGING,SOLE_PROPRIETOR,Kolkata,West Bengal,2025-07-01 00:00:00,ACTIVE,532.17
MCH1842,"Singh, Dhillon and Garg",4814.0,TELECOM,PARTNERSHIP,Lucknow,Uttar Pradesh,2024-10-21 00:00:00,INACTIVE,-182.82
MCH1843,Edwin and Sons,599.0,OTHER,SOLE_PROPRIETOR,Dilli,Delhi,2024-09-19 00:00:00,ACTIVE,
MCH1845,Goel Inc,4131.0,TRANSPORT & TRAVEL,PRIVATE_LIMITED,Dilli,Delhi,2023-10-17 00:00:00,ACTIVE,1675.96
MCH1846,Kurian-Chad,7011.0,HOTEL & LODGING,PARTNERSHIP,Chennai,Tamil Nadu,2023-03-23 22:54:26,ACTIVE,597.53
MCH1848,Acharya-Bail,5311.0,RETAIL,PARTNERSHIP,Pune,Maharashtra,2025-09-05 00:00:00,ACTIVE,3044.0
MCH1852,Prabhu Group,5411.0,GROCERY STORES,INDIVIDUAL,Mumbai,Maharashtra,2024-03-31 00:00:00,ACTIVE,786.71
MCH1853,Mukhopadhyay Inc,5699.0,APPAREL,INDIVIDUAL,Asr,Punjab,2024-10-04 00:00:00,ACTIVE,2522.93
MCH1854,"Sule, Prashad and Balay",,HOTEL & LODGING,PARTNERSHIP,Amritsar,Punjab,2023-09-21 00:00:00,ACTIVE,5318.31
MCH1855,Kala-Shan,,FOOD & DINING,PRIVATE_LIMITED,Kolkata,West Bengal,2023-11-13 00:38:34,SUSPENDED,1474.0
MCH1856,Baria-Balay,5311.0,DEPARTMENT STORE,SOLE_PROPRIETOR,Lucknow,Uttar Pradesh,2023-12-26 15:21:00,ACTIVE,2071.73
MCH1861,Vora-Balan,5411.0,GROCERY,SOLE_PROPRIETOR,Pune,Maharashtra,2025-10-17 00:39:00,INACTIVE,2646.57
MCH1862,Puri Inc,4131.0,TRANSPORT & TRAVEL,INDIVIDUAL,Mumbay,Maharashtra,2024-11-15 12:30:15,ACTIVE,1444.68
MCH1863,  Sachar-Gokhale  ,5942.0,BOOK STORE,PRIVATE_LIMITED,Hyderabad,Telangana,2024-03-24 16:08:37,ACTIVE,760.42
MCH1865,Chandra-Pandey,5942.0,BOOKS & STATIONERY,INDIVIDUAL,Pune,Maharashtra,2025-11-15 00:00:00,ACTIVE,3847.74
MCH1872,rege llc,4814.0,TELECOM,PARTNERSHIP,Bengaluru,Karnataka,2024-06-26 00:00:00,ACTIVE,768.52
MCH1873,Oak-Ramachandran,,TELECOM,PRIVATE_LIMITED,Amritsar,Punjab,2024-05-23 15:31:00,ACTIVE,942.83
MCH1874,"Bail, Madan and Mahal",5411.0,GROCERY STORES,PRIVATE_LIMITED,Jalandhar,Punjab,2025-11-03 21:30:47,ACTIVE,928.89
MCH1876,"Deol, Sandal and Nagi",5999.0,OTHER,PARTNERSHIP,Bengaluru,Karnataka,2024-04-29 00:00:00,ACTIVE,603.93
MCH1878,Narula Group,7011.0,HOTEL & LODGING,PRIVATE_LIMITED,Delhi,Delhi,2025-02-26 00:00:00,ACTIVE,
MCH1879,muni-sachdeva,599.0,OTHER,INDIVIDUAL,Chennai,Tamil Nadu,2023-12-16 00:00:00,ACTIVE,687.52
MCH1881,"Bawa, Ganesan and Oak",5912.0,PHARMACY,PARTNERSHIP,Chennai,Tamil Nadu,2023-12-14 00:00:00,SUSPENDED,-1349.05
MCH1882,kamdar-banik,5812.0,FOOD & DINING,PARTNERSHIP,Ludhiana,Punjab,,INACTIVE,427.5
MCH1883,"BAHL, KASHYAP AND SIBAL",5812.0,FOOD & DINING,PRIVATE_LIMITED,Jalandhar,Punjab,2023-01-04 00:00:00,ACTIVE,
MCH1884,Nagi LLC,4131.0,TRANSPORT & TRAVEL,PRIVATE_LIMITED,Bengaluru,Karnataka,2025-01-08 00:00:00,ACTIVE,628.95
MCH1885,mahal ltd,599.0,OTHER,PRIVATE_LIMITED,Hyderabad,Telangana,2025-11-07 18:42:57,ACTIVE,618.0
MCH1887,Peri Inc,5311.0,DEPARTMENT STORES,PRIVATE_LIMITED,Bangalore,Karnataka,2023-02-26 00:00:00,ACTIVE,2706.7
MCH1889,Bakshi LLC,5999.0,RETAIL OTHER,INDIVIDUAL,Jalandhar,Punjab,2024-02-13 09:50:36,ACTIVE,2474.04
MCH1892,Shanker-De,7011.0,HOTEL & LODGING,PRIVATE_LIMITED,Mumbai,Maharashtra,2024-02-12 01:08:42,ACTIVE,987.4
MCH1894,Setty-Doshi,581.0,FOOD & DINING,PARTNERSHIP,Blr,Karnataka,2025-08-11 00:00:00,ACTIVE,2961.06
MCH1899,Subramaniam-Bedi,,BOOKS & STATIONERY,PRIVATE_LIMITED,Ludhiana,Punjab,2025-09-27 00:00:00,ACTIVE,
MCH1904,Sandal Inc,4814.0,TELECOM,INDIVIDUAL,Jalandhar,Punjab,2024-03-23 06:08:07,ACTIVE,1398.65
MCH1906,"TANEJA, MAHAJAN AND SARNA",531.0,RETAIL,INDIVIDUAL,Bangalore,Karnataka,2026-01-16 00:00:00,INACTIVE,2772.0
MCH1908,"RAGHAVAN, BADAMI AND MANI",594.0,BOOKS & STATIONERY,PARTNERSHIP,Kolkata,West Bengal,2025-05-29 11:41:39,ACTIVE,856.0
MCH1909,murthy and sons,5942.0,BOOKS & STATIONERY,SOLE_PROPRIETOR,Pune,Maharashtra,2023-11-25 00:00:00,ACTIVE,823.0
MCH1912,Keer-Mitra,413.0,TRANSPORT & TRAVEL,SOLE_PROPRIETOR,Chennai,Tamil Nadu,2024-10-27 18:55:18,ACTIVE,3259.24
MCH1913,"Sandal, Srinivas and Lata",5912.0,PHARMACY,PARTNERSHIP,Lucknow,Uttar Pradesh,2023-09-06 00:00:00,ACTIVE,468.17
MCH1917,"Chowdhury, Krishna and Rajagopal",5699.0,APPAREL,SOLE_PROPRIETOR,Amritsar,Punjab,2024-10-20 00:00:00,SUSPENDED,909.84
MCH1921,Raj LLC,5999.0,OTHER,PARTNERSHIP,Lucknow,Uttar Pradesh,2024-02-12 00:00:00,ACTIVE,2280.24
MCH1922,"DEO, SARAF AND KALE",,BOOKS & STATIONERY,SOLE_PROPRIETOR,Lucknow,Uttar Pradesh,,ACTIVE,2507.85
MCH1923,Barad-Devan,5699.0,APPAREL,PRIVATE_LIMITED,Hyderabad,Telangana,2025-08-12 00:00:00,ACTIVE,300.28
MCH1924,"Choudhary, Iyer and Boase",591.0,PHARMACY,PARTNERSHIP,Jaipur,Rajasthan,2024-11-12 00:00:00,ACTIVE,7220.04
MCH1926,bhattacharyya-om,5311.0,DEPARTMENT STORE,INDIVIDUAL,Mumbay,Maharashtra,2025-06-16 00:00:00,ACTIVE,2425.42
MCH1929,"Bahri,DaraandSaran",5942.0,BOOK STORE,PRIVATE_LIMITED,Jpr,Rajasthan,2025-12-26 09:06:43,ACTIVE,-2563.73
MCH1934,"Deol,DugarandParmer",5942.0,BOOKS & STATIONERY,PRIVATE_LIMITED,Chennai,Tamil Nadu,2025-06-26 13:50:54,ACTIVE,2520.96
MCH1936,"Batra, Ramanathan and Din",5912.0,PHARMACY,SOLE_PROPRIETOR,Hyderabad,Telangana,2024-07-16 00:00:00,ACTIVE,143.98
MCH1939,"Lal,SahniandChopra",7011.0,HOTEL & LODGING,PRIVATE_LIMITED,Ludhiana,Punjab,2026-05-02 00:00:00,ACTIVE,509.0
MCH1940,Ravel Inc,4814.0,TELECOM,SOLE_PROPRIETOR,Chennai,Tamil Nadu,2025-09-17 00:00:00,INACTIVE,1112.95
MCH1941,Bath-Sunder,4814.0,TELECOM,SOLE_PROPRIETOR,Jaipur,Rajasthan,2024-05-22 00:00:00,SUSPENDED,
MCH1944,Srinivas-Singh,,HOTEL & LODGING,INDIVIDUAL,Mumbai,Maharashtra,2025-08-27 00:00:00,ACTIVE,1161.95
MCH1946,Sibal LLC,7011.0,HOTEL & LODGING,SOLE_PROPRIETOR,Jalandhar,Punjab,2026-01-24 21:05:43,ACTIVE,2804.71
MCH1947,BHATTI PLC,,TRANSPORT & TRAVEL,SOLE_PROPRIETOR,Hyderabad,Telangana,2025-10-17 03:35:00,ACTIVE,860.05
MCH1948,Prabhakar-Kari,5699.0,APPAREL,SOLE_PROPRIETOR,Mumbay,Maharashtra,2025-11-21 00:00:00,ACTIVE,-6392.07
MCH1952,Madan Inc,5942.0,BOOKS & STATIONERY,PARTNERSHIP,Chennai,Tamil Nadu,2024-06-28 00:00:00,INACTIVE,1643.17
MCH1953,"Banerjee, Maharaj and Rege",7011.0,HOTEL & LODGING,SOLE_PROPRIETOR,Jalandhar,Punjab,2025-12-14 00:00:00,ACTIVE,1226.94
MCH1954,"Kunda, Kata and Shetty",,TELECOM,INDIVIDUAL,Pune,Maharashtra,2025-10-19 00:00:00,ACTIVE,923.81
MCH1955,"SRINIVAS, KHURANA AND CHOUDHRY",5999.0,RETAIL OTHER,PRIVATE_LIMITED,Jalandhar,Punjab,2025-01-18 12:28:00,ACTIVE,883.05
MCH1956,Sodhi PLC,5912.0,PHARMACY,INDIVIDUAL,Amritsar,Punjab,2025-09-28 15:41:51,INACTIVE,1459.74
MCH1959,"Barad, Bala and Chad",5999.0,RETAIL OTHER,INDIVIDUAL,Pune,Maharashtra,2025-10-12 19:55:24,ACTIVE,578.42
MCH1960,Bail-Chand,5411.0,GROCERY,PARTNERSHIP,Hyderabad,Telangana,2024-08-26 00:00:00,ACTIVE,613.0
MCH1965,chawla-sawhney,4814.0,TELECOM,INDIVIDUAL,Blr,Karnataka,2025-08-21 00:00:00,ACTIVE,4592.95
MCH1966,Munshi-Bath,4131.0,TRANSPORT & TRAVEL,PRIVATE_LIMITED,Bangalore,Karnataka,2026-01-27 00:00:00,SUSPENDED,1858.12
MCH1968,Shroff-Mani,,GROCERY,PARTNERSHIP,Mumbai,Maharashtra,2024-10-04 00:00:00,ACTIVE,1674.0
MCH1969,Narain-Menon,5311.0,RETAIL,INDIVIDUAL,Dilli,Delhi,2025-11-16 00:00:00,ACTIVE,453.33
MCH1971,Khanna and Sons,4814.0,TELECOM,PARTNERSHIP,Mumbai,Maharashtra,2026-02-06 00:00:00,ACTIVE,2326.17
MCH1973,"Walia, Khatri and Saha",5942.0,BOOKS & STATIONERY,SOLE_PROPRIETOR,Lucknow,Uttar Pradesh,2025-11-16 00:00:00,ACTIVE,
MCH1974,Kap00r LLC,4131.0,TRANSPORT & TRAVEL,PARTNERSHIP,Chennai,Tamil Nadu,2024-05-12 08:25:13,ACTIVE,
MCH1976,"MUTTI, SASTRY AND JHA",5942.0,BOOKS & STATIONERY,PRIVATE_LIMITED,Amritsar,Punjab,2023-08-04 00:00:00,ACTIVE,2928.73
MCH1977,Chahal-Kumer,5942.0,BOOKS & STATIONERY,SOLE_PROPRIETOR,Kolkata,West Bengal,2025-09-01 00:00:00,ACTIVE,897.0
MCH1982,"Behl, Jayaraman and Divan",5699.0,APPAREL,SOLE_PROPRIETOR,Mumbai,Maharashtra,2025-09-10 00:00:00,ACTIVE,298.94
MCH1983,Jayaraman PLC,5912.0,PHARMACY,SOLE_PROPRIETOR,Hyderabad,Telangana,2024-12-13 00:00:00,ACTIVE,657.32
MCH1984,"Lala, Wagle and Bal",5699.0,APPAREL,PARTNERSHIP,Chennai,Tamil Nadu,2025-08-01 00:00:00,ACTIVE,5244.88
MCH1986,"Bains, Chanda and Gh0sh",5311.0,RETAIL,INDIVIDUAL,Jalandhar,Punjab,2026-10-01 00:00:00,ACTIVE,1427.52
MCH1987,"DORA, SARMA AND BISWAS",4814.0,TELECOM,PARTNERSHIP,Mumbai,Maharashtra,2023-01-31 00:00:00,ACTIVE,3268.84
MCH1990,Sawhney-Parekh,481.0,TELECOM,PRIVATE_LIMITED,Jpr,Rajasthan,2026-01-26 00:00:00,ACTIVE,507.78
MCH1993,DHALIWAL PLC,4814.0,TELECOM,SOLE_PROPRIETOR,Amritsar,Punjab,,ACTIVE,428.65
MCH1994,"Naik, Bhasin and Virk",7011.0,HOTEL & LODGING,SOLE_PROPRIETOR,Asr,Punjab,2024-09-24 12:17:05,ACTIVE,886.83
MCH1995,"Mand, Halder and Rajagopalan",5942.0,BOOKS & STATIONERY,PARTNERSHIP,Jaipur,Rajasthan,2024-04-04 00:00:00,INACTIVE,158.78
MCH2003,Rajagopalan Inc,5311.0,DEPARTMENT STORE,INDIVIDUAL,Pune,Maharashtra,2023-06-16 00:00:00,ACTIVE,567.0
MCH2007,"MAHAL, DIVAN AND SHARAF",5999.0,OTHER,SOLE_PROPRIETOR,Jalandhar,Punjab,2023-02-02 22:14:37,ACTIVE,435.32
MCH2009,"Tiwari, Naidu and Muni",5699.0,APPAREL,PARTNERSHIP,Pune,Maharashtra,2024-04-05 00:00:00,ACTIVE,732.0
MCH2013,"Nanda, Saraf and Halder",5411.0,GROCERY,INDIVIDUAL,Kolkata,West Bengal,2025-04-22 00:00:00,ACTIVE,-1721.62
MCH2014,Sundaram and Sons,5999.0,OTHER,PRIVATE_LIMITED,Ludhiana,Punjab,2024-01-27 00:00:00,ACTIVE,4199.0
MCH2015,Gulati LLC,4814.0,TELECOM,PRIVATE_LIMITED,Jaipur,Rajasthan,2023-06-22 07:04:00,ACTIVE,17945.28
MCH2016,"Amble, Yadav and Dube",5999.0,RETAIL OTHER,PARTNERSHIP,Kolkata,West Bengal,2025-03-18 00:00:00,SUSPENDED,10324.69
MCH2019,WALLA-RANGANATHAN,5999.0,MISC RETAIL,PARTNERSHIP,Bengaluru,Karnataka,2024-05-22 00:00:00,ACTIVE,1915.39
MCH2020,Prabhu-Kar,5699.0,APPAREL,PRIVATE_LIMITED,Jalandhar,Punjab,2025-03-15 21:17:00,SUSPENDED,2649.5
MCH2021,Shenoy-Wable,5912.0,PHARMACY,SOLE_PROPRIETOR,Delhi,Delhi,2025-05-06 00:00:00,ACTIVE,2287.51
MCH2022,Nagi-Gala,5999.0,MISC RETAIL,INDIVIDUAL,Chennai,Tamil Nadu,2024-04-08 00:00:00,ACTIVE,3182.35
MCH2024,"Ram, Manda and Chopra",4131.0,TRANSPORT & TRAVEL,SOLE_PROPRIETOR,Pune,Maharashtra,2025-07-24 00:00:00,ACTIVE,-1122.98
MCH2027,"Boase, Ghosh and Manda",5311.0,DEPARTMENT STORE,PARTNERSHIP,Chennai,Tamil Nadu,2023-12-16 00:00:00,ACTIVE,1163.7
MCH2028,"Sanghvi, Sibal and Vala",,TRANSPORT & TRAVEL,INDIVIDUAL,Mumbai,Maharashtra,2024-12-06 00:00:00,ACTIVE,868.81
MCH2029,  Bhalla-Brahmbhatt  ,599.0,MISC RETAIL,SOLE_PROPRIETOR,Jalandhar,Punjab,2023-06-20 12:29:06,ACTIVE,276.02
MCH2030,Singh-Banerjee,4131.0,TRANSPORT & TRAVEL,INDIVIDUAL,Ludhiana,Punjab,2023-02-25 00:00:00,ACTIVE,3976.0
MCH2032,"  Doshi, Sur and Sarna  ",,FOOD & DINING,PRIVATE_LIMITED,Pune,Maharashtra,2023-07-15 00:00:00,ACTIVE,771.07
MCH2033,"Munshi, Sundaram and Bhasin",569.0,APPAREL,PRIVATE_LIMITED,Pune,Maharashtra,2025-09-30 00:00:00,ACTIVE,294.83
MCH2035,HORA-GROVER,4131.0,TRANSPORT & TRAVEL,SOLE_PROPRIETOR,New Delhi,Delhi,2026-01-07 09:43:17,ACTIVE,212.97
MCH2037,Kadakia LLC,,GROCERY STORES,PARTNERSHIP,New Delhi,Delhi,2024-10-13 00:00:00,ACTIVE,426.54
MCH2038,Keer Inc,5311.0,DEPARTMENT STORES,PARTNERSHIP,Pune,Maharashtra,2025-07-06 19:52:00,INACTIVE,
MCH2040,Goel-Dewan,,OTHER,INDIVIDUAL,Delhi,Delhi,2025-07-12 00:00:00,ACTIVE,320.83
MCH2041,"Sagar, Chakraborty and Kurian",4131.0,TRANSPORT & TRAVEL,SOLE_PROPRIETOR,Ludhiana,Punjab,2024-03-22 10:36:41,INACTIVE,
MCH2042,"Rai, Das and Bava",5311.0,RETAIL,PARTNERSHIP,Pune,Maharashtra,2023-12-17 00:00:00,ACTIVE,1564.88
MCH2044,"Upadhyay, Kapoor and Nazareth",7011.0,HOTEL & LODGING,INDIVIDUAL,Lucknow,Uttar Pradesh,2023-01-02 00:58:55,ACTIVE,368.05
MCH2045,Nadig-Bal,5699.0,APPAREL,PRIVATE_LIMITED,Pune,Maharashtra,2024-05-02 23:14:00,ACTIVE,-2363.1
MCH2046,Konda-Garde,5411.0,GROCERY,SOLE_PROPRIETOR,Lucknow,Uttar Pradesh,2026-01-28 00:00:00,ACTIVE,1405.98
MCH2047,Ghose-Kannan,5942.0,BOOK STORE,SOLE_PROPRIETOR,Lucknow,Uttar Pradesh,2025-05-24 00:00:00,ACTIVE,1609.08
MCH2051,  Deshpande PLC  ,5912.0,PHARMACY,PRIVATE_LIMITED,Chennai,Tamil Nadu,2024-10-06 00:00:00,ACTIVE,625.93
MCH2052,"Saraf, Maharaj and Kakar",5999.0,MISC RETAIL,INDIVIDUAL,Pune,Maharashtra,2025-01-30 00:00:00,ACTIVE,3476.81
MCH2056,"  Kadakia, Nagi and Ramakrishnan  ",5699.0,APPAREL,SOLE_PROPRIETOR,Mumbai,Maharashtra,2023-02-23 00:00:00,ACTIVE,2168.0
MCH2060,Grover-Dugar,,HOTEL & LODGING,INDIVIDUAL,Chennai,Tamil Nadu,2025-10-02 05:31:26,ACTIVE,540.0
MCH2063,Bhavsar Gr0up,4131.0,TRANSPORT & TRAVEL,PRIVATE_LIMITED,Chennai,Tamil Nadu,2025-10-10 15:34:00,ACTIVE,2405.73
MCH2064,date and sons,5812.0,FOOD & DINING,PRIVATE_LIMITED,Delhi,Delhi,2025-05-08 00:00:00,ACTIVE,1715.0
MCH2067,"Choudhry, Bhalla and Jaggi",5942.0,BOOK STORE,INDIVIDUAL,Jalandhar,Punjab,2023-03-11 00:00:00,INACTIVE,952.93
MCH2071,Dube-Kapadia,,TELECOM,SOLE_PROPRIETOR,Amritsar,Punjab,2024-08-19 04:07:47,ACTIVE,1392.0
MCH2074,D’Alia Inc,569.0,APPAREL,PARTNERSHIP,Jaipur,Rajasthan,2025-10-22 19:54:55,ACTIVE,1616.2
MCH2075,"Dhar,DeoandRau",5912.0,PHARMACY,INDIVIDUAL,Delhi,Delhi,2024-09-01 00:59:41,ACTIVE,1584.12
MCH2076,Chad Ltd,594.0,BOOK STORE,SOLE_PROPRIETOR,Jalandhar,Punjab,2024-03-07 02:08:00,ACTIVE,579.16
MCH2077,KARA PLC,5812.0,EATING PLACE,INDIVIDUAL,Amritsar,Punjab,2025-11-15 02:48:00,ACTIVE,239.1
MCH2078,Chada-Dubey,5311.0,DEPARTMENT STORES,INDIVIDUAL,Bengaluru,Karnataka,2025-03-14 00:00:00,ACTIVE,1915.85
MCH2081,Swaminathan and Sons,7011.0,HOTEL & LODGING,INDIVIDUAL,Jalandhar,Punjab,2026-02-24 00:00:00,ACTIVE,515.0
MCH2083,Patla-Basak,5912.0,PHARMACY,INDIVIDUAL,Kolkata,West Bengal,2024-08-10 01:26:00,SUSPENDED,556.93
MCH2084,"Murthy, Dutt and Bakshi",4131.0,TRANSPORT & TRAVEL,PRIVATE_LIMITED,Mumbai,Maharashtra,2024-04-03 00:00:00,ACTIVE,659.75
MCH2085,KALA-SHAH,4131.0,TRANSPORT & TRAVEL,PRIVATE_LIMITED,Pune,Maharashtra,2024-07-22 00:00:00,ACTIVE,3590.82
MCH2087,DUBEY-DOCTOR,5999.0,OTHER,INDIVIDUAL,Asr,Punjab,2025-04-17 00:00:00,ACTIVE,4751.6
MCH2090,Upadhyay PLC,5812.0,EATING PLACE,SOLE_PROPRIETOR,Dilli,Delhi,2026-01-05 04:15:56,ACTIVE,439.31
MCH2092,"Dubey, Tara and Thaker",413.0,TRANSPORT & TRAVEL,INDIVIDUAL,Kolkata,West Bengal,2023-11-09 00:00:00,ACTIVE,1262.97
MCH2093,Ghosh-Gaba,,MISC RETAIL,SOLE_PROPRIETOR,Ludhiana,Punjab,2024-05-02 00:00:00,ACTIVE,2389.0
MCH2094,Ratti Ltd,541.0,GROCERY,SOLE_PROPRIETOR,Bengaluru,Karnataka,,ACTIVE,4897.48
MCH2096,"Taneja, Basu and Bal",4814.0,TELECOM,PRIVATE_LIMITED,Pune,Maharashtra,2024-09-28 00:00:00,ACTIVE,1660.3
MCH2098,Ranganathan-Chopra,4131.0,TRANSPORT & TRAVEL,PRIVATE_LIMITED,Chennai,Tamil Nadu,2023-05-13 00:00:00,ACTIVE,4538.04
MCH2099,  Atwal Group  ,,APPAREL,PARTNERSHIP,Mumbai,Maharashtra,2025-10-23 20:48:00,ACTIVE,245.52
MCH2100,"  Jani, Bobal and Singhal  ",7011.0,HOTEL & LODGING,INDIVIDUAL,Bangalore,Karnataka,,ACTIVE,1281.0
MCH2102,"Mand, Bobal and Saini",5812.0,FOOD & DINING,INDIVIDUAL,Ludhiana,Punjab,2024-04-25 00:00:00,ACTIVE,-2985.52
MCH2104,Iyengar PLC,,APPAREL,PRIVATE_LIMITED,Lucknow,Uttar Pradesh,2025-03-20 13:20:17,SUSPENDED,1344.05
MCH2105,"Savant, Chauhan and Kumer",591.0,PHARMACY,PRIVATE_LIMITED,Amritsar,Punjab,2024-09-28 00:00:00,ACTIVE,-898.76
MCH2106,"  Doctor, Karnik and Sridhar  ",5999.0,RETAIL OTHER,PARTNERSHIP,Bengaluru,Karnataka,2023-08-16 00:00:00,INACTIVE,871.69
MCH2107,"wali, srinivas and vyas",5912.0,PHARMACY,PRIVATE_LIMITED,Chennai,Tamil Nadu,2023-08-29 00:00:00,ACTIVE,679.27
MCH2108,  Sankar-Desai  ,591.0,PHARMACY,SOLE_PROPRIETOR,Ludhiana,Punjab,2023-10-30 00:00:00,SUSPENDED,1535.43
MCH2111,Dubey-Oommen,701.0,HOTEL & LODGING,INDIVIDUAL,Ludhiana,Punjab,2023-07-26 08:03:00,ACTIVE,5111.16
MCH2115,Kohli-Doshi,4131.0,TRANSPORT & TRAVEL,SOLE_PROPRIETOR,Chennai,Tamil Nadu,2024-05-24 11:16:59,ACTIVE,8526.65
MCH2116,Chaudhari and Sons,5699.0,APPAREL,INDIVIDUAL,Jpr,Rajasthan,2023-02-09 00:00:00,ACTIVE,947.14
MCH2117,Lal Group,,HOTEL & LODGING,PARTNERSHIP,Jaipur,Rajasthan,2025-10-28 00:00:00,ACTIVE,2615.21
MCH2118,Jani-Subramaniam,5942.0,BOOKS & STATIONERY,PARTNERSHIP,Ludhiana,Punjab,2024-05-30 00:00:00,ACTIVE,1546.09
MCH2119,Kashyap Ltd,569.0,APPAREL,INDIVIDUAL,Chennai,Tamil Nadu,2023-07-23 08:53:50,INACTIVE,1155.58
MCH2120,"Yohannan, Patla and Parmer",7011.0,HOTEL & LODGING,PARTNERSHIP,Delhi,Delhi,2024-01-01 00:00:00,ACTIVE,-3366.53
MCH2122,"Bava, Bal and Mittal",,PHARMACY,INDIVIDUAL,Pune,Maharashtra,2024-04-01 00:00:00,ACTIVE,1119.03
MCH2123,Lala and Sons,5311.0,DEPARTMENT STORES,PRIVATE_LIMITED,Mumbai,Maharashtra,2025-03-01 05:53:00,ACTIVE,13187.41
MCH2124,"Chander, Kohli and Dube",4131.0,TRANSPORT & TRAVEL,INDIVIDUAL,Delhi,Delhi,2024-02-15 00:00:00,ACTIVE,1551.09
MCH2126,Golla and Sons,5311.0,DEPARTMENT STORE,PARTNERSHIP,Hyderabad,Telangana,2024-04-15 00:00:00,ACTIVE,342.0
MCH2128,Ghosh-Sharaf,5812.0,FOOD & DINING,PARTNERSHIP,Amritsar,Punjab,2023-12-21 00:00:00,ACTIVE,3157.17
MCH2129,Bhavsar-De,5912.0,PHARMACY,SOLE_PROPRIETOR,Hyderabad,Telangana,,ACTIVE,4898.0
MCH2131,Boase-Varghese,5699.0,CLOTHING,SOLE_PROPRIETOR,Pune,Maharashtra,2025-03-29 00:00:00,ACTIVE,2157.11
MCH2133,Bose-Saraf,5999.0,MISC RETAIL,SOLE_PROPRIETOR,Mumbai,Maharashtra,2024-09-19 00:00:00,ACTIVE,-434.11
MCH2135,"Singh, Talwar and Sur",5411.0,GROCERY,PRIVATE_LIMITED,Jalandhar,Punjab,2025-01-15 00:00:00,SUSPENDED,704.34
MCH2137,Saran and Sons,5699.0,APPAREL,PRIVATE_LIMITED,Delhi,Delhi,2023-10-11 00:00:00,ACTIVE,2376.86
MCH2139,"Bali, Mahajan and Oza",594.0,BOOKS & STATIONERY,SOLE_PROPRIETOR,Bengaluru,Karnataka,2023-02-12 00:00:00,ACTIVE,512.11
MCH2142,"Banerjee, Ghose and Parekh",594.0,BOOKS & STATIONERY,SOLE_PROPRIETOR,Delhi,Delhi,2024-08-23 00:00:00,ACTIVE,-3367.02
MCH2144,Choudhary-Kashyap,5942.0,BOOKS & STATIONERY,PARTNERSHIP,Ludhiana,Punjab,2024-08-13 16:56:48,ACTIVE,350.72
MCH2148,Dora Ltd,5912.0,PHARMACY,PRIVATE_LIMITED,Asr,Punjab,2024-05-30 17:40:28,ACTIVE,343.34
MCH2149,"Doctor, Varughese and Hans",5942.0,BOOKS & STATIONERY,INDIVIDUAL,Bengaluru,Karnataka,2025-05-07 00:00:00,ACTIVE,3778.33
MCH2152,"Choudhry, Chauhan and Dayal",5942.0,BOOKS & STATIONERY,PRIVATE_LIMITED,Pune,Maharashtra,2025-11-28 17:27:17,ACTIVE,1507.67
MCH2153,"Dara, Vala and Venkatesh",5699.0,APPAREL,PARTNERSHIP,Chennai,Tamil Nadu,2023-06-21 00:00:00,ACTIVE,-1608.19
MCH2154,"Chhabra, Walla and Ramakrishnan",594.0,BOOK STORE,SOLE_PROPRIETOR,Ludhiana,Punjab,2023-10-28 00:00:00,INACTIVE,1662.0
MCH2155,Vig-Bobal,4814.0,TELECOM,PRIVATE_LIMITED,New Delhi,Delhi,2023-05-03 00:00:00,ACTIVE,8483.0
MCH2157,PARMER-SINHA,5912.0,PHARMACY,PARTNERSHIP,New Delhi,Delhi,2023-10-22 03:49:00,ACTIVE,1536.42
MCH2159,Sawhney LLC,5812.0,FOOD & DINING,SOLE_PROPRIETOR,Jalandhar,Punjab,2024-05-16 00:00:00,ACTIVE,1420.0
MCH2165,  Venkataraman-Seshadri  ,591.0,PHARMACY,SOLE_PROPRIETOR,Pune,Maharashtra,2024-06-26 00:00:00,ACTIVE,137.68
MCH2166,SANT-VENKATESH,5912.0,PHARMACY,INDIVIDUAL,Asr,Punjab,2024-09-20 00:00:00,ACTIVE,789.14
MCH2169,"Munshi, Srinivas and Ramanathan",5942.0,BOOKS & STATIONERY,PARTNERSHIP,Chennai,Tamil Nadu,2024-07-09 00:00:00,ACTIVE,351.61
MCH2172,"taneja, raj and vora",7011.0,HOTEL & LODGING,SOLE_PROPRIETOR,Hyderabad,Telangana,2025-06-15 03:11:00,ACTIVE,466.45
MCH2174,"Sood, Chowdhury and Chacko",701.0,HOTEL & LODGING,PRIVATE_LIMITED,New Delhi,Delhi,2024-03-13 00:00:00,INACTIVE,1287.16
MCH2177,"Boase, Bajaj and Krish",599.0,OTHER,PRIVATE_LIMITED,Jalandhar,Punjab,2025-08-01 00:00:00,ACTIVE,420.77
MCH2179,CHANDA-SURA,5699.0,APPAREL,PRIVATE_LIMITED,Jalandhar,Punjab,2026-01-07 00:00:00,ACTIVE,1281.24
MCH2180,Chaudry-Sidhu,,APPAREL,PRIVATE_LIMITED,Pune,Maharashtra,,ACTIVE,3354.42
MCH2183,Savant LLC,4131.0,TRANSPORT & TRAVEL,SOLE_PROPRIETOR,Dilli,Delhi,,ACTIVE,-202.62
MCH2185,wagle inc,,PHARMACY,PRIVATE_LIMITED,Pune,Maharashtra,,SUSPENDED,828.0
MCH2186,Venkatesh and Sons,5912.0,PHARMACY,SOLE_PROPRIETOR,Lucknow,Uttar Pradesh,2025-11-23 00:00:00,ACTIVE,661.82
MCH2187,Balan and Sons,5999.0,RETAIL OTHER,SOLE_PROPRIETOR,Bangalore,Karnataka,2024-10-22 00:00:00,ACTIVE,1340.0
MCH2188,"Sundaram, Prakash and Sheth",5699.0,APPAREL,SOLE_PROPRIETOR,Hyderabad,Telangana,2025-02-11 20:29:00,ACTIVE,-778.36
MCH2189,"  Mammen, Balakrishnan and Prakash  ",5311.0,RETAIL,SOLE_PROPRIETOR,Jaipur,Rajasthan,2025-05-14 00:00:00,ACTIVE,2363.97
MCH2191,"CHOUDHRY, RAI AND CHOKSHI",,BOOK STORE,PRIVATE_LIMITED,Chennai,Tamil Nadu,2025-04-14 00:00:00,ACTIVE,3020.11
MCH2196,Badal-Ghosh,4131.0,TRANSPORT & TRAVEL,INDIVIDUAL,Delhi,Delhi,2024-04-07 00:00:00,ACTIVE,188.84
MCH2197,Palan-Bhatti,5311.0,DEPARTMENT STORES,PARTNERSHIP,Delhi,Delhi,,ACTIVE,2800.25
MCH2198,"Arya, Dalal and Keer",5812.0,FOOD & DINING,PRIVATE_LIMITED,Jaipur,Rajasthan,2023-09-08 16:05:16,ACTIVE,2776.31
MCH2199,Subramanian Inc,5311.0,DEPARTMENT STORES,PRIVATE_LIMITED,Bangalore,Karnataka,2024-01-14 00:00:00,SUSPENDED,369.25
MCH2200,Choudhry-Vig,4814.0,TELECOM,PRIVATE_LIMITED,Jaipur,Rajasthan,2023-04-21 06:16:00,ACTIVE,207.14
MCH2201,"Chandra, Sen and Ray",5812.0,EATING PLACE,PRIVATE_LIMITED,Blr,Karnataka,2025-11-17 00:00:00,ACTIVE,-384.1
MCH2202,"dass, vala and goda",5912.0,PHARMACY,PRIVATE_LIMITED,Hyderabad,Telangana,2023-06-19 00:00:00,SUSPENDED,-1191.83
MCH2203,"DAR, KHURANA AND VASA",5812.0,FOOD & DINING,SOLE_PROPRIETOR,Jaipur,Rajasthan,2024-05-07 09:28:00,ACTIVE,14312.42
MCH2205,Mannan and Sons,5999.0,OTHER,SOLE_PROPRIETOR,Ludhiana,Punjab,2023-07-23 00:00:00,INACTIVE,490.97
MCH2211,KRISHNAN-SIBAL,5942.0,BOOKS & STATIONERY,INDIVIDUAL,Bengaluru,Karnataka,2023-05-28 18:32:06,ACTIVE,1189.37
MCH2212,Parmar Group,,TRANSPORT & TRAVEL,PRIVATE_LIMITED,Jalandhar,Punjab,2025-01-02 07:40:00,ACTIVE,4432.56
MCH2213,"Dash,SoniandPalla",7011.0,HOTEL & LODGING,INDIVIDUAL,Kolkata,West Bengal,2023-04-30 00:00:00,ACTIVE,4392.08
MCH2214,Varkey-Seshadri,4131.0,TRANSPORT & TRAVEL,PARTNERSHIP,New Delhi,Delhi,2024-12-18 00:00:00,ACTIVE,-649.44
MCH2215,Maharaj-Kale,7011.0,HOTEL & LODGING,INDIVIDUAL,Kolkata,West Bengal,2024-08-03 00:00:00,ACTIVE,3526.35
MCH2217,"Rai, Bala and Shenoy",5411.0,GROCERY STORES,INDIVIDUAL,Mumbay,Maharashtra,2023-08-15 00:00:00,ACTIVE,728.77
MCH2218,"Upadhyay, Sharma and Kothari",7011.0,HOTEL & LODGING,PARTNERSHIP,Lucknow,Uttar Pradesh,2024-04-23 18:51:00,ACTIVE,-341.57
MCH2220,Tailor and Sons,5311.0,DEPARTMENT STORE,SOLE_PROPRIETOR,Mumbay,Maharashtra,2025-06-23 20:54:27,ACTIVE,940.64
MCH2222,"Mani, Ravel and Agrawal",,APPAREL,SOLE_PROPRIETOR,Lucknow,Uttar Pradesh,2023-10-01 00:00:00,ACTIVE,815.84
MCH2223,  Dhaliwal LLC  ,4814.0,TELECOM,INDIVIDUAL,Mumbai,Maharashtra,2024-07-14 16:20:52,ACTIVE,543.88
MCH2224,Nadig-Varma,5812.0,FOOD & DINING,PRIVATE_LIMITED,Chennai,Tamil Nadu,2025-10-29 00:00:00,ACTIVE,2261.0
MCH2229,"Kala, Baral and Subramanian",5311.0,DEPARTMENT STORE,PRIVATE_LIMITED,Mumbai,Maharashtra,2025-12-21 00:00:00,ACTIVE,577.0
MCH2231,"Goyal, Balakrishnan and Patla",7011.0,HOTEL & LODGING,PRIVATE_LIMITED,Blr,Karnataka,2024-11-10 09:09:32,INACTIVE,1360.71
MCH2232,Borde-Sule,5311.0,DEPARTMENT STORE,PARTNERSHIP,Hyderabad,Telangana,2025-02-24 00:00:00,ACTIVE,642.26
MCH2236,Yohannan-Chada,5311.0,DEPARTMENT STORE,PRIVATE_LIMITED,Kolkata,West Bengal,2023-01-24 08:58:43,INACTIVE,5340.64
MCH2237,Chatterjee-Din,4814.0,TELECOM,SOLE_PROPRIETOR,Lucknow,Uttar Pradesh,2023-01-23 00:00:00,ACTIVE,
MCH2238,Chakrabarti-Lata,5699.0,APPAREL,INDIVIDUAL,Amritsar,Punjab,2024-10-19 10:57:01,ACTIVE,1650.0
MCH2240,"Shenoy, Tara and Kala",5912.0,PHARMACY,PARTNERSHIP,Chennai,Tamil Nadu,2023-03-25 00:00:00,ACTIVE,1500.77
MCH2241,Patla-Prabhakar,5942.0,BOOKS & STATIONERY,PARTNERSHIP,Kolkata,West Bengal,2026-01-15 00:00:00,ACTIVE,868.0
MCH2244,Master PLC,5912.0,PHARMACY,PRIVATE_LIMITED,Jalandhar,Punjab,2024-10-06 01:44:00,INACTIVE,2383.0
MCH2248,  Mutti-Manne  ,5812.0,FOOD & DINING,PARTNERSHIP,Ludhiana,Punjab,2023-11-22 00:00:00,INACTIVE,1021.0
MCH2249,Bahri-Nagarajan,7011.0,HOTEL & LODGING,SOLE_PROPRIETOR,Ludhiana,Punjab,2024-11-17 00:00:00,ACTIVE,590.8
MCH2250,  Borra and Sons  ,5942.0,BOOKS & STATIONERY,INDIVIDUAL,Hyderabad,Telangana,2024-07-18 18:37:00,ACTIVE,
MCH2255,  Lal Ltd  ,5311.0,DEPARTMENT STORES,INDIVIDUAL,Jpr,Rajasthan,2023-05-29 00:00:00,ACTIVE,1404.67
MCH2257,Mandal-Sankaran,5311.0,DEPARTMENT STORES,INDIVIDUAL,Mumbai,Maharashtra,2024-04-18 23:11:42,ACTIVE,4831.04
MCH2258,Walia Group,5311.0,DEPARTMENT STORE,SOLE_PROPRIETOR,Jalandhar,Punjab,2025-10-14 00:00:00,ACTIVE,1902.49
MCH2261,Gr0ver Inc,5812.0,FOOD & DINING,SOLE_PROPRIETOR,Mumbai,Maharashtra,2025-11-25 01:19:55,ACTIVE,1519.0
MCH2263,Puri-D’Alia,5311.0,DEPARTMENT STORE,PRIVATE_LIMITED,Asr,Punjab,2024-08-29 00:00:00,ACTIVE,2781.79
MCH2264,"Sule, Sarma and Sur",5311.0,RETAIL,INDIVIDUAL,New Delhi,Delhi,2025-10-21 00:00:00,SUSPENDED,4017.0
MCH2265,"Bail, Gopal and Khare",,PHARMACY,PARTNERSHIP,Lucknow,Uttar Pradesh,2024-08-04 00:00:00,INACTIVE,-785.4
MCH2266,Natarajan and Sons,5912.0,PHARMACY,INDIVIDUAL,Chennai,Tamil Nadu,2025-04-17 01:53:35,ACTIVE,447.78
MCH2267,Bobal and Sons,7011.0,HOTEL & LODGING,PARTNERSHIP,Delhi,Delhi,2023-03-01 00:00:00,ACTIVE,2114.71
MCH2268,"  Verma, Aurora and De  ",5999.0,OTHER,PRIVATE_LIMITED,Jalandhar,Punjab,,ACTIVE,995.42
MCH2269,"dalal, samra and kala",7011.0,HOTEL & LODGING,SOLE_PROPRIETOR,Pune,Maharashtra,2025-08-10 00:00:00,ACTIVE,-356.96
MCH2274,D’Alia Group,4131.0,TRANSPORT & TRAVEL,SOLE_PROPRIETOR,Ludhiana,Punjab,2024-04-26 00:00:00,SUSPENDED,
MCH2278,"Mohanty, Bobal and Minhas",701.0,HOTEL & LODGING,SOLE_PROPRIETOR,Pune,Maharashtra,2023-08-25 22:07:00,ACTIVE,4540.82
MCH2279,Sarma Inc,5912.0,PHARMACY,PRIVATE_LIMITED,Mumbai,Maharashtra,2024-07-29 00:00:00,ACTIVE,2197.82
MCH2282,mall group,,RETAIL,PARTNERSHIP,Jalandhar,Punjab,2024-02-08 23:31:25,ACTIVE,654.0
MCH2283,"Dhawan, Pa11a and Krishnan",7011.0,HOTEL & LODGING,PARTNERSHIP,Hyderabad,Telangana,,ACTIVE,954.74
MCH2284,Nayak Group,5699.0,APPAREL,PRIVATE_LIMITED,Mumbai,Maharashtra,2025-10-01 04:44:36,SUSPENDED,998.2
MCH2287,Baral Inc,5912.0,PHARMACY,INDIVIDUAL,Delhi,Delhi,2025-11-06 00:00:00,ACTIVE,920.82
MCH2289,Tank-Datta,581.0,FOOD & DINING,PRIVATE_LIMITED,Hyderabad,Telangana,2025-10-26 00:00:00,ACTIVE,372.03
MCH2293,"pandit, bhavsar and barman",4814.0,TELECOM,PRIVATE_LIMITED,Pune,Maharashtra,2023-03-20 00:50:23,ACTIVE,792.61
MCH2296,Buch Ltd,4131.0,TRANSPORT & TRAVEL,PARTNERSHIP,Ludhiana,Punjab,2023-06-19 12:35:26,ACTIVE,8012.35
MCH2297,Mutti and Sons,5942.0,BOOKS & STATIONERY,PARTNERSHIP,Ludhiana,Punjab,2026-01-15 05:18:27,ACTIVE,1134.74
MCH2299,Ahluwalia Inc,4131.0,TRANSPORT & TRAVEL,PARTNERSHIP,Ludhiana,Punjab,2024-02-12 23:31:00,ACTIVE,2936.54
MCH2302,"Sekhon, Tak and Dhingra",5942.0,BOOK STORE,SOLE_PROPRIETOR,Amritsar,Punjab,2023-11-11 00:00:00,ACTIVE,852.28
MCH2306,GOSWAMI INC,7011.0,HOTEL & LODGING,SOLE_PROPRIETOR,Bengaluru,Karnataka,,ACTIVE,1562.95
MCH2308,Bhattacharyya LLC,5311.0,DEPARTMENT STORE,SOLE_PROPRIETOR,Jalandhar,Punjab,2023-10-14 00:00:00,INACTIVE,4753.89
MCH2309,"bajaj, chakraborty and malhotra",5311.0,DEPARTMENT STORE,INDIVIDUAL,Amritsar,Punjab,2026-01-24 07:59:49,ACTIVE,355.13
MCH2310,Raj Ltd,5411.0,GROCERY STORES,PARTNERSHIP,Jpr,Rajasthan,2026-02-13 22:28:00,INACTIVE,681.98
MCH2313,gulati llc,5999.0,RETAIL OTHER,PRIVATE_LIMITED,Kolkata,West Bengal,2024-06-09 00:00:00,INACTIVE,-3231.31
MCH2314,"  Tank, Bera and Dash  ",,FOOD & DINING,SOLE_PROPRIETOR,Kolkata,West Bengal,2023-01-02 01:03:00,ACTIVE,2905.93
MCH2327,KIBE-CHAR,5812.0,FOOD & DINING,PARTNERSHIP,Hyderabad,Telangana,2025-09-10 00:00:00,ACTIVE,848.32
MCH2332,Toor Inc,701.0,HOTEL & LODGING,INDIVIDUAL,Ludhiana,Punjab,2023-04-20 08:12:00,ACTIVE,-3555.73
MCH2335,GaneshLtd,5999.0,OTHER,PRIVATE_LIMITED,Pune,Maharashtra,2025-03-03 00:00:00,ACTIVE,
MCH2336,Narasimhan Inc,,GROCERY,SOLE_PROPRIETOR,Jalandhar,Punjab,2025-06-18 00:00:00,INACTIVE,791.05
MCH2344,"Purohit, Rege and Patil",,APPAREL,PRIVATE_LIMITED,Jaipur,Rajasthan,,ACTIVE,
MCH2345,"Kibe, Verma and Koshy",4814.0,TELECOM,INDIVIDUAL,Bengaluru,Karnataka,2024-06-28 00:00:00,ACTIVE,808.61
MCH2346,Palla-Mannan,5699.0,APPAREL,PARTNERSHIP,Chennai,Tamil Nadu,2025-04-29 00:00:00,ACTIVE,468.76
MCH2347,"  Dara, Ravel and Soni  ",5912.0,PHARMACY,SOLE_PROPRIETOR,Asr,Punjab,2023-12-09 00:00:00,ACTIVE,3169.93
MCH2350,"Gill, Sura and Doshi",5812.0,FOOD & DINING,INDIVIDUAL,Pune,Maharashtra,2026-02-19 21:03:12,ACTIVE,668.0
MCH2353,sood-vasa,5411.0,GROCERY,SOLE_PROPRIETOR,Mumbai,Maharashtra,2026-01-24 05:19:00,ACTIVE,2728.11
MCH2354,"TOOR, NAGI AND DARA",5912.0,PHARMACY,SOLE_PROPRIETOR,Pune,Maharashtra,2024-04-12 23:57:41,ACTIVE,1954.79
MCH2356,"Vyas, Chhabra and Kala",,HOTEL & LODGING,PRIVATE_LIMITED,Chennai,Tamil Nadu,2024-08-07 00:00:00,ACTIVE,2064.97
MCH2357,SHAN LTD,5999.0,RETAIL OTHER,INDIVIDUAL,Jalandhar,Punjab,2025-06-16 00:00:00,ACTIVE,945.26
MCH2360,Bhakta-Nazareth,5942.0,BOOKS & STATIONERY,PRIVATE_LIMITED,Jpr,Rajasthan,2024-06-21 00:00:00,INACTIVE,755.69
MCH2368,Chadha-Barman,591.0,PHARMACY,INDIVIDUAL,Jalandhar,Punjab,2025-11-27 00:00:00,SUSPENDED,3326.29
MCH2370,Mutti-Sarma,5699.0,APPAREL,INDIVIDUAL,Delhi,Delhi,2024-08-03 00:00:00,ACTIVE,6053.56
MCH2376,"Lata, Krishnamurthy and Lal",531.0,RETAIL,PARTNERSHIP,Jalandhar,Punjab,2025-12-05 00:00:00,ACTIVE,113.0
MCH2378,"Rau, Pradhan and Bansa1",5411.0,GROCERY,INDIVIDUAL,Lucknow,Uttar Pradesh,2024-02-09 01:00:15,ACTIVE,6158.0
MCH2382,Parsa-Mandal,4814.0,TELECOM,INDIVIDUAL,Jalandhar,Punjab,2026-01-30 05:50:43,SUSPENDED,16892.62
MCH2383,Dewan-Misra,4814.0,TELECOM,SOLE_PROPRIETOR,Ludhiana,Punjab,2023-09-05 17:41:00,ACTIVE,923.06
MCH2384,Sarkar-Aur0ra,5912.0,PHARMACY,SOLE_PROPRIETOR,Jaipur,Rajasthan,2025-01-22 04:54:23,ACTIVE,4909.55
MCH2387,Dar-Dass,5912.0,PHARMACY,PARTNERSHIP,Lucknow,Uttar Pradesh,,ACTIVE,1022.15
MCH2390,Bandi-Sidhu,5311.0,RETAIL,SOLE_PROPRIETOR,Jpr,Rajasthan,,ACTIVE,1091.1
MCH2392,Shetty and Sons,,GROCERY STORES,INDIVIDUAL,Amritsar,Punjab,2025-12-18 00:00:00,ACTIVE,655.01
MCH2394,RAJAGOPALAN LLC,5812.0,EATING PLACE,PARTNERSHIP,Kolkata,West Bengal,,ACTIVE,2001.35
MCH2395,Sathe-Dixit,4131.0,TRANSPORT & TRAVEL,PRIVATE_LIMITED,Chennai,Tamil Nadu,2023-12-24 00:00:00,ACTIVE,941.52
MCH2398,"Nagarajan, Radhakrishnan and Amble",5311.0,DEPARTMENT STORE,INDIVIDUAL,Kolkata,West Bengal,2023-10-08 00:00:00,ACTIVE,3317.39
MCH2402,  Dhillon Group  ,5912.0,PHARMACY,INDIVIDUAL,Mumbay,Maharashtra,2024-02-12 07:15:12,ACTIVE,1477.89
MCH2403,Chana-Yohannan,541.0,GROCERY,PARTNERSHIP,Kolkata,West Bengal,2025-07-28 00:00:00,ACTIVE,574.13
MCH2404,  Mutti-Seshadri  ,5411.0,GROCERY,INDIVIDUAL,Ludhiana,Punjab,2026-01-13 07:54:00,ACTIVE,233.4
MCH2407,CHAUDHRY PLC,,PHARMACY,PRIVATE_LIMITED,Pune,Maharashtra,,ACTIVE,5215.07
MCH2408,"Kumar, Din and Sule",5999.0,MISC RETAIL,SOLE_PROPRIETOR,Bengaluru,Karnataka,,ACTIVE,-2001.55
MCH2411,SARAF-GOLA,4131.0,TRANSPORT & TRAVEL,INDIVIDUAL,Jpr,Rajasthan,2023-02-09 06:15:13,ACTIVE,2300.71
MCH2412,Nadig Inc,5942.0,BOOKS & STATIONERY,INDIVIDUAL,Hyderabad,Telangana,2024-12-08 07:03:51,ACTIVE,144.12
MCH2416,"Gokhale, Dua and Murty",5411.0,GROCERY,SOLE_PROPRIETOR,New Delhi,Delhi,2024-09-15 00:00:00,ACTIVE,4341.41
MCH2417,"Reddy, Patel and Manda",5912.0,PHARMACY,INDIVIDUAL,Bengaluru,Karnataka,2025-03-13 00:00:00,ACTIVE,1553.29
MCH2418,mangal-krishnamurthy,5942.0,BOOKS & STATIONERY,INDIVIDUAL,Delhi,Delhi,2024-07-21 00:00:00,ACTIVE,436.58
MCH2419,Suri Ltd,5999.0,MISC RETAIL,INDIVIDUAL,Mumbai,Maharashtra,2024-05-02 00:00:00,ACTIVE,-5184.52
MCH2421,Chanda PLC,4131.0,TRANSPORT & TRAVEL,PARTNERSHIP,Lucknow,Uttar Pradesh,2023-11-10 20:31:00,ACTIVE,146.0
MCH2422,SAMPATH-BALASUBRAMANIAN,,TELECOM,PRIVATE_LIMITED,Bangalore,Karnataka,2025-06-25 00:00:00,ACTIVE,2352.58
MCH2423,"lad, kibe and bora",7011.0,HOTEL & LODGING,INDIVIDUAL,Pune,Maharashtra,2023-10-25 07:48:35,INACTIVE,2425.0
MCH2424,PATIL LTD,5912.0,PHARMACY,PARTNERSHIP,Chennai,Tamil Nadu,2023-08-10 14:00:00,ACTIVE,737.41
MCH2425,SURI-KURIAN,541.0,GROCERY,PARTNERSHIP,Ludhiana,Punjab,2023-06-06 04:11:03,ACTIVE,1800.35
MCH2428,Suresh-Varma,4814.0,TELECOM,PRIVATE_LIMITED,Hyderabad,Telangana,2024-05-31 00:00:00,ACTIVE,949.0
MCH2430,Bora Group,4814.0,TELECOM,INDIVIDUAL,Amritsar,Punjab,2026-01-27 15:52:53,ACTIVE,827.43
MCH2432,Parmar-Parmer,4131.0,TRANSPORT & TRAVEL,INDIVIDUAL,Kolkata,West Bengal,,ACTIVE,2557.63
MCH2435,"BADAL, CHADA AND NARANG",5699.0,APPAREL,PRIVATE_LIMITED,Ludhiana,Punjab,,ACTIVE,2576.23
MCH2436,"Bhagat, Amble and Dixit",4131.0,TRANSPORT & TRAVEL,INDIVIDUAL,Lucknow,Uttar Pradesh,2024-07-27 10:21:56,ACTIVE,2085.74
MCH2438,Saxena-Sagar,5999.0,MISC RETAIL,SOLE_PROPRIETOR,Amritsar,Punjab,2025-06-21 03:10:13,ACTIVE,1010.25
MCH2440,Hans-Master,7011.0,HOTEL & LODGING,SOLE_PROPRIETOR,Ludhiana,Punjab,2023-02-15 11:47:00,ACTIVE,1395.0
MCH2441,bhatnagar plc,4814.0,TELECOM,INDIVIDUAL,Jaipur,Rajasthan,2024-04-05 23:00:00,ACTIVE,1789.0
MCH2442,Gole PLC,5812.0,EATING PLACE,PARTNERSHIP,Mumbai,Maharashtra,2024-08-28 00:00:00,ACTIVE,625.13
MCH2444,"Sachar, Das and Deo",4131.0,TRANSPORT & TRAVEL,SOLE_PROPRIETOR,Jalandhar,Punjab,2025-05-12 00:00:00,ACTIVE,563.27
MCH2445,"Vohra, Gill and Saini",5311.0,DEPARTMENT STORE,INDIVIDUAL,Jpr,Rajasthan,2025-05-01 00:00:00,INACTIVE,887.98
MCH2447,anand llc,4131.0,TRANSPORT & TRAVEL,SOLE_PROPRIETOR,Jpr,Rajasthan,,INACTIVE,1803.52
MCH2448,shan ltd,5699.0,APPAREL,PRIVATE_LIMITED,Delhi,Delhi,2023-03-22 16:55:53,ACTIVE,331.32
MCH2450,bail plc,5812.0,EATING PLACE,PRIVATE_LIMITED,Hyderabad,Telangana,2024-04-25 12:52:00,ACTIVE,3923.0
MCH2451,"HALDER, KANNAN AND DIXIT",7011.0,HOTEL & LODGING,PRIVATE_LIMITED,Kolkata,West Bengal,2025-11-20 00:00:00,INACTIVE,610.7
MCH2459,Gala and Sons,4131.0,TRANSPORT & TRAVEL,SOLE_PROPRIETOR,Jaipur,Rajasthan,2025-04-16 00:00:00,ACTIVE,789.05
MCH2463,"Pillai, Tank and Das",7011.0,HOTEL & LODGING,SOLE_PROPRIETOR,Chennai,Tamil Nadu,2025-08-13 00:00:00,ACTIVE,1834.3
MCH2470,Mutti-Bawa,,PHARMACY,INDIVIDUAL,Jalandhar,Punjab,2025-12-13 00:00:00,SUSPENDED,444.91
MCH2471,Das Group,5942.0,BOOKS & STATIONERY,INDIVIDUAL,Jalandhar,Punjab,2024-05-30 00:00:00,ACTIVE,3177.16
MCH2473,Lanka Inc,5942.0,BOOKS & STATIONERY,INDIVIDUAL,Bengaluru,Karnataka,2025-01-20 01:42:00,ACTIVE,1883.19
MCH2474,"Setty, Reddy and Singh",,PHARMACY,SOLE_PROPRIETOR,Kolkata,West Bengal,2023-12-11 00:00:00,ACTIVE,3043.1
MCH2475,  Bains-Sahota  ,5411.0,GROCERY,INDIVIDUAL,Bangalore,Karnataka,2023-08-16 00:00:00,ACTIVE,-619.32
MCH2476,Choudhary-Borah,7011.0,HOTEL & LODGING,PRIVATE_LIMITED,Kolkata,West Bengal,2025-10-15 00:00:00,ACTIVE,1108.38
MCH2478,"  Bala, Sane and Som  ",569.0,APPAREL,SOLE_PROPRIETOR,Hyderabad,Telangana,2023-02-15 00:00:00,ACTIVE,911.53
MCH2480,Banik-Nagar,5812.0,EATING PLACE,PRIVATE_LIMITED,Jpr,Rajasthan,2025-07-27 00:00:00,ACTIVE,3594.0
MCH2486,"Mohanty, Iyer and Sharma",7011.0,HOTEL & LODGING,INDIVIDUAL,Chennai,Tamil Nadu,2023-10-23 21:00:00,ACTIVE,2266.0
MCH2487,"Virk, Ganguly and Saraf",5812.0,FOOD & DINING,PARTNERSHIP,Bengaluru,Karnataka,2024-04-24 00:00:00,INACTIVE,362.02
MCH2492,"dhawan, salvi and dara",5812.0,FOOD & DINING,PARTNERSHIP,Lucknow,Uttar Pradesh,2025-07-08 00:00:00,INACTIVE,3500.9
MCH2493,"Tella, Lata and Tripathi",4814.0,TELECOM,INDIVIDUAL,Jaipur,Rajasthan,2023-10-28 00:00:00,ACTIVE,-4200.08
MCH2494,Sane Ltd,5699.0,CLOTHING,PARTNERSHIP,Amritsar,Punjab,,ACTIVE,582.0
MCH2495,"sibal, shankar and malhotra",5699.0,APPAREL,INDIVIDUAL,Blr,Karnataka,2025-07-20 20:24:00,ACTIVE,529.0
MCH2498,Peri-Sachdeva,7011.0,HOTEL & LODGING,INDIVIDUAL,Lucknow,Uttar Pradesh,2024-07-22 00:00:00,ACTIVE,1576.69
MCH2501,ravel inc,,PHARMACY,PARTNERSHIP,Ludhiana,Punjab,2024-08-13 00:00:00,ACTIVE,2494.94
MCH2503,Ravel PLC,4814.0,TELECOM,INDIVIDUAL,Kolkata,West Bengal,2025-03-10 00:00:00,ACTIVE,858.0
MCH2504,Mittal Ltd,5999.0,RETAIL OTHER,INDIVIDUAL,Pune,Maharashtra,2024-12-29 00:00:00,INACTIVE,1689.96
MCH2506,"Sarna, Vora and Seth",4131.0,TRANSPORT & TRAVEL,INDIVIDUAL,Jaipur,Rajasthan,2024-06-13 02:51:27,ACTIVE,222.33
MCH2510,Kakar Group,5411.0,GROCERY,SOLE_PROPRIETOR,Hyderabad,Telangana,2024-03-29 12:22:51,ACTIVE,744.85
MCH2513,BhallaInc,,APPAREL,PARTNERSHIP,Amritsar,Punjab,2023-11-09 00:00:00,ACTIVE,5544.37
MCH2514,"Dua, Peri and Sani",,TELECOM,SOLE_PROPRIETOR,Kolkata,West Bengal,,ACTIVE,937.87
MCH2516,Ben-Varghese,,GROCERY,SOLE_PROPRIETOR,Chennai,Tamil Nadu,2023-04-08 21:20:00,SUSPENDED,398.68
MCH2522,Savant-Sangha,5311.0,RETAIL,PARTNERSHIP,Mumbai,Maharashtra,2024-01-03 15:56:00,ACTIVE,702.03
MCH2523,Sarma Inc,5999.0,RETAIL OTHER,INDIVIDUAL,Kolkata,West Bengal,2025-09-05 00:00:00,ACTIVE,2146.62
MCH2525,NARAYAN-MALLICK,5912.0,PHARMACY,SOLE_PROPRIETOR,Amritsar,Punjab,2025-03-17 22:22:00,ACTIVE,1084.48
MCH2528,  Cherian Ltd  ,5999.0,OTHER,PRIVATE_LIMITED,Jalandhar,Punjab,2024-08-03 00:00:00,ACTIVE,830.85
MCH2529,Sheth-Pal,5942.0,BOOKS & STATIONERY,INDIVIDUAL,Lucknow,Uttar Pradesh,2023-08-23 00:00:00,ACTIVE,1398.37
MCH2530,Palla-Datta,5942.0,BOOKS & STATIONERY,PARTNERSHIP,Pune,Maharashtra,2023-08-03 00:00:00,ACTIVE,2593.27
MCH2532,Chad Inc,599.0,RETAIL OTHER,PARTNERSHIP,Jpr,Rajasthan,2023-11-01 00:00:00,INACTIVE,351.38
MCH2533,"Chhabra, Shah and Tella",5912.0,PHARMACY,SOLE_PROPRIETOR,Jpr,Rajasthan,2025-03-05 00:00:00,ACTIVE,2439.28
MCH2534,Shetty-Sundaram,5411.0,GROCERY,PRIVATE_LIMITED,Pune,Maharashtra,2025-03-10 16:30:29,ACTIVE,709.87
MCH2535,MODY-GREWAL,5699.0,APPAREL,SOLE_PROPRIETOR,Mumbai,Maharashtra,2026-11-02 00:00:00,ACTIVE,1997.41
MCH2536,  Divan-Radhakrishnan  ,4131.0,TRANSPORT & TRAVEL,PRIVATE_LIMITED,Pune,Maharashtra,2025-07-09 00:00:00,ACTIVE,
MCH2542,Thakur Group,5411.0,GROCERY,SOLE_PROPRIETOR,Kolkata,West Bengal,2023-12-15 00:00:00,INACTIVE,3711.74
MCH2546,Kant Group,,PHARMACY,SOLE_PROPRIETOR,Amritsar,Punjab,2025-04-04 00:00:00,ACTIVE,4120.12
MCH2548,ANNE LLC,581.0,FOOD & DINING,PARTNERSHIP,Kolkata,West Bengal,2024-03-28 00:00:00,ACTIVE,2367.01
MCH2550,"  Basu, Madan and Chaudry  ",5999.0,OTHER,PRIVATE_LIMITED,Pune,Maharashtra,2024-10-23 11:38:00,ACTIVE,1412.55
MCH2551,"Krishnamurthy, Murthy and Savant",5699.0,APPAREL,PRIVATE_LIMITED,Pune,Maharashtra,2023-09-27 00:00:00,ACTIVE,3427.0
MCH2552,"MUKHERJEE, IYENGAR AND DEO",5942.0,BOOKS & STATIONERY,PARTNERSHIP,Pune,Maharashtra,2025-03-15 00:00:00,ACTIVE,3414.98
MCH2556,"ZACHARIAH, MANNE AND BEDI",5942.0,BOOKS & STATIONERY,PARTNERSHIP,Kolkata,West Bengal,2024-05-10 01:12:00,ACTIVE,1248.82
MCH2559,"  Sastry, Dhar and Kibe  ",701.0,HOTEL & LODGING,PARTNERSHIP,Pune,Maharashtra,2023-05-08 00:00:00,ACTIVE,1827.84
MCH2564,Bumb and Sons,7011.0,HOTEL & LODGING,PRIVATE_LIMITED,Hyderabad,Telangana,2025-04-18 00:00:00,ACTIVE,1155.71
MCH2566,Oommen Inc,5999.0,RETAIL OTHER,PRIVATE_LIMITED,New Delhi,Delhi,,ACTIVE,2200.23
MCH2567,"Magar, Hora and Khare",4131.0,TRANSPORT & TRAVEL,SOLE_PROPRIETOR,Delhi,Delhi,2024-09-30 00:00:00,ACTIVE,572.7
MCH2568,"Dhaliwal, Bhat and Sarin",5411.0,GROCERY,PARTNERSHIP,Mumbai,Maharashtra,2023-04-28 00:00:00,ACTIVE,803.0
MCH2571,Deep-Chakraborty,5812.0,FOOD & DINING,PARTNERSHIP,Delhi,Delhi,2024-07-31 00:00:00,SUSPENDED,3828.75
MCH2574,Bala and Sons,5699.0,APPAREL,INDIVIDUAL,Delhi,Delhi,,SUSPENDED,197.23
MCH2575,Rast0gi-Verma,5912.0,PHARMACY,INDIVIDUAL,Pune,Maharashtra,2025-04-09 16:48:12,ACTIVE,549.08
MCH2576,"Shan,SemandPau",531.0,DEPARTMENT STORES,PARTNERSHIP,Hyderabad,Telangana,2023-12-03 00:00:00,ACTIVE,472.21
MCH2577,Dua Inc,581.0,FOOD & DINING,SOLE_PROPRIETOR,Blr,Karnataka,2023-11-23 00:00:00,ACTIVE,23536.65
MCH2579,More Inc,,BOOK STORE,PARTNERSHIP,Jaipur,Rajasthan,2024-06-05 00:00:00,ACTIVE,4068.74
MCH2580,Rajag0pa1an-S0man,5812.0,EATING PLACE,PRIVATE_LIMITED,Jpr,Rajasthan,2023-07-17 00:00:00,ACTIVE,7864.69
MCH2582,  Lal PLC  ,5912.0,PHARMACY,SOLE_PROPRIETOR,Dilli,Delhi,2025-09-13 00:00:00,ACTIVE,1344.48
MCH2583,Gole-Prabhakar,4814.0,TELECOM,PRIVATE_LIMITED,Bangalore,Karnataka,2025-04-21 00:00:00,ACTIVE,323.0
MCH2585,ROY LLC,,GROCERY,SOLE_PROPRIETOR,Jpr,Rajasthan,2025-10-13 00:00:00,ACTIVE,2233.97
MCH2588,datta inc,5699.0,APPAREL,PRIVATE_LIMITED,Jaipur,Rajasthan,2024-09-28 00:00:00,ACTIVE,311.95
MCH2589,Dhawan-Thaker,5311.0,DEPARTMENT STORE,SOLE_PROPRIETOR,Hyderabad,Telangana,2025-12-01 00:00:00,INACTIVE,-611.95
MCH2590,Goyal Group,7011.0,HOTEL & LODGING,INDIVIDUAL,Delhi,Delhi,2025-06-22 04:22:00,ACTIVE,531.43
MCH2591,"Deol, Palla and Goel",,GROCERY,INDIVIDUAL,Hyderabad,Telangana,2025-08-22 00:00:00,ACTIVE,468.59
MCH2592,"Garg, Saha and Sampath",5999.0,OTHER,PRIVATE_LIMITED,Hyderabad,Telangana,2024-03-28 13:13:52,ACTIVE,3945.98
MCH2593,Gour Inc,5999.0,OTHER,SOLE_PROPRIETOR,Jalandhar,Punjab,2025-10-20 00:00:00,ACTIVE,1307.82
MCH2596,Vasa PLC,4131.0,TRANSPORT & TRAVEL,SOLE_PROPRIETOR,Hyderabad,Telangana,2025-08-20 22:49:00,ACTIVE,-2736.9
MCH2598,Sani Gr0up,,CLOTHING,PARTNERSHIP,Pune,Maharashtra,2025-11-27 17:05:19,ACTIVE,489.0
MCH2600,Prabhakar and Sons,5699.0,APPAREL,PARTNERSHIP,Kolkata,West Bengal,2024-12-17 20:12:43,ACTIVE,-1712.51
MCH2601,"Mangal, Lalla and Desai",4131.0,TRANSPORT & TRAVEL,PRIVATE_LIMITED,Ludhiana,Punjab,2025-02-19 00:00:00,ACTIVE,1601.46
MCH2604,Sharaf-Kaur,4131.0,TRANSPORT & TRAVEL,PRIVATE_LIMITED,Lucknow,Uttar Pradesh,2023-10-30 00:00:00,ACTIVE,1813.01
MCH2605,Gera-Karpe,5699.0,APPAREL,INDIVIDUAL,Mumbai,Maharashtra,2026-02-25 00:00:00,ACTIVE,1371.0
MCH2607,"Deep, Prasad and Dass",,APPAREL,PRIVATE_LIMITED,Hyderabad,Telangana,2023-05-29 00:00:00,INACTIVE,1570.82
MCH2608,"Loyal, Ghosh and Gaba",599.0,OTHER,INDIVIDUAL,Hyderabad,Telangana,2025-03-21 00:00:00,ACTIVE,869.47
MCH2610,"Dhar, Mahajan and Sarkar",5912.0,PHARMACY,PRIVATE_LIMITED,Dilli,Delhi,2025-08-09 18:24:29,ACTIVE,-3319.36
MCH2612,Vala Ltd,7011.0,HOTEL & LODGING,SOLE_PROPRIETOR,Lucknow,Uttar Pradesh,2023-08-11 00:00:00,ACTIVE,
MCH2613,"Grewal, Gade and Bhattacharyya",4814.0,TELECOM,PRIVATE_LIMITED,Kolkata,West Bengal,2023-06-04 01:02:27,SUSPENDED,1066.15
MCH2617,Mander-Parmar,481.0,TELECOM,PRIVATE_LIMITED,Kolkata,West Bengal,2023-05-08 08:15:00,ACTIVE,5191.58
MCH2618,"Loyal, Nadkarni and Mangal",5942.0,BOOKS & STATIONERY,PARTNERSHIP,Bangalore,Karnataka,2026-01-27 20:44:00,ACTIVE,816.0
MCH2623,dara-kulkarni,5942.0,BOOKS & STATIONERY,SOLE_PROPRIETOR,Kolkata,West Bengal,2025-06-28 00:00:00,ACTIVE,1296.1
MCH2624,Pandya Group,5311.0,DEPARTMENT STORE,INDIVIDUAL,Mumbai,Maharashtra,2023-09-12 00:00:00,SUSPENDED,606.95
MCH2627,Gupta and Sons,5699.0,APPAREL,INDIVIDUAL,Delhi,Delhi,2025-01-04 17:51:00,ACTIVE,1249.33
MCH2628,Muni PLC,,DEPARTMENT STORE,INDIVIDUAL,Pune,Maharashtra,2024-07-13 00:00:00,ACTIVE,-1382.04
MCH2632,Agate-Gandhi,5311.0,DEPARTMENT STORE,PARTNERSHIP,Chennai,Tamil Nadu,2026-01-14 00:00:00,ACTIVE,-243.56
MCH2634,"KARNIK, BAINS AND RATTI",5311.0,RETAIL,INDIVIDUAL,Bengaluru,Karnataka,2025-03-20 07:33:00,ACTIVE,581.71
MCH2636,Rau PLC,5311.0,DEPARTMENT STORE,PARTNERSHIP,Delhi,Delhi,2024-04-06 14:07:44,ACTIVE,5739.27
MCH2637,Joshi Group,5999.0,MISC RETAIL,PARTNERSHIP,Chennai,Tamil Nadu,2025-02-20 00:00:00,ACTIVE,-760.41
MCH2639,Sunder-Keer,5411.0,GROCERY STORES,PARTNERSHIP,Jaipur,Rajasthan,2025-04-19 00:00:00,ACTIVE,-853.1
MCH2641,Varma-Saha,5999.0,OTHER,INDIVIDUAL,Blr,Karnataka,2024-10-09 00:00:00,INACTIVE,5621.28
MCH2646,Parsa-Gole,5999.0,MISC RETAIL,PRIVATE_LIMITED,Hyderabad,Telangana,2025-12-18 03:23:00,ACTIVE,450.19
MCH2647,Saha Inc,5999.0,OTHER,PRIVATE_LIMITED,Lucknow,Uttar Pradesh,2023-04-06 00:00:00,ACTIVE,1551.4
MCH2648,Batta LLC,5999.0,RETAIL OTHER,PARTNERSHIP,Jaipur,Rajasthan,2024-10-10 00:00:00,ACTIVE,416.94
MCH2649,  Pandya PLC  ,,GROCERY,INDIVIDUAL,Pune,Maharashtra,2025-05-31 00:00:00,ACTIVE,6206.32
MCH2650,Choudhary Ltd,594.0,BOOKS & STATIONERY,INDIVIDUAL,New Delhi,Delhi,2024-09-22 00:00:00,INACTIVE,1197.2
MCH2654,saxena-sarkar,4814.0,TELECOM,SOLE_PROPRIETOR,Pune,Maharashtra,2026-01-10 00:00:00,ACTIVE,3080.46
MCH2655,"Brahmbhatt, Desai and Sangha",4814.0,TELECOM,SOLE_PROPRIETOR,Amritsar,Punjab,2026-01-04 00:00:00,ACTIVE,3102.0
MCH2656,"Patla, Deo and Babu",5912.0,PHARMACY,PARTNERSHIP,Jaipur,Rajasthan,2026-02-02 00:00:00,ACTIVE,1217.69
MCH2658,"Parmar, Purohit and Bhasin",5812.0,FOOD & DINING,SOLE_PROPRIETOR,Bengaluru,Karnataka,,ACTIVE,548.82
MCH2665,"  Arora, Bir and Mahal  ",5311.0,RETAIL,SOLE_PROPRIETOR,Lucknow,Uttar Pradesh,2024-11-15 20:23:00,INACTIVE,2101.74
MCH2671,Mohanty-Chakrabarti,5999.0,RETAIL OTHER,PARTNERSHIP,Jalandhar,Punjab,2023-05-08 18:02:00,ACTIVE,1187.55
MCH2674,nair llc,4131.0,TRANSPORT & TRAVEL,SOLE_PROPRIETOR,New Delhi,Delhi,2025-02-24 00:00:00,INACTIVE,-396.74
MCH2675,Venkataraman-Rastogi,5942.0,BOOK STORE,PRIVATE_LIMITED,Asr,Punjab,2025-06-23 00:00:00,ACTIVE,877.85
MCH2676,"Kohli, Biswas and Aggarwal",5912.0,PHARMACY,PARTNERSHIP,Pune,Maharashtra,2026-01-30 00:00:00,INACTIVE,
MCH2679,"Barman, Bains and Shan",591.0,PHARMACY,PRIVATE_LIMITED,Mumbai,Maharashtra,2024-12-25 00:00:00,ACTIVE,1334.82
MCH2681,Upadhyay-Bava,7011.0,HOTEL & LODGING,INDIVIDUAL,Pune,Maharashtra,2024-02-16 00:00:00,ACTIVE,230.72
MCH2684,  Barad-Jaggi  ,5942.0,BOOK STORE,SOLE_PROPRIETOR,New Delhi,Delhi,2024-04-13 01:13:00,ACTIVE,518.0
MCH2690,nagarajan inc,5912.0,PHARMACY,SOLE_PROPRIETOR,Lucknow,Uttar Pradesh,2023-06-22 00:00:00,SUSPENDED,3091.83
MCH2691,PATHAK AND SONS,,HOTEL & LODGING,PRIVATE_LIMITED,Lucknow,Uttar Pradesh,2024-09-06 00:00:00,ACTIVE,5340.32
MCH2693,  Tandon-Kaur  ,5311.0,RETAIL,INDIVIDUAL,Chennai,Tamil Nadu,2025-04-06 00:00:00,ACTIVE,1966.59
MCH2694,Misra PLC,569.0,CLOTHING,INDIVIDUAL,Pune,Maharashtra,,INACTIVE,2669.29
MCH2695,Patil Inc,5411.0,GROCERY,PARTNERSHIP,Pune,Maharashtra,2024-06-26 00:00:00,ACTIVE,792.09
MCH2696,"Dave, Chaudhari and Bhatti",5411.0,GROCERY,INDIVIDUAL,Delhi,Delhi,2024-11-25 00:00:00,ACTIVE,-9658.06
MCH2697,Shan-Warrior,4131.0,TRANSPORT & TRAVEL,PRIVATE_LIMITED,Bangalore,Karnataka,2024-08-02 04:05:00,INACTIVE,1199.93
MCH2698,KalaLLC,7011.0,HOTEL & LODGING,INDIVIDUAL,Lucknow,Uttar Pradesh,2023-08-19 00:00:00,INACTIVE,3590.19
MCH2701,BAIL LTD,,OTHER,INDIVIDUAL,Jpr,Rajasthan,2025-02-27 08:06:00,ACTIVE,863.24
MCH2704,Sengupta-Sarin,5699.0,APPAREL,PRIVATE_LIMITED,Pune,Maharashtra,2023-03-08 07:11:36,ACTIVE,2593.67
MCH2708,"Mand, Zacharia and Vora",413.0,TRANSPORT & TRAVEL,SOLE_PROPRIETOR,Chennai,Tamil Nadu,2026-01-20 00:00:00,ACTIVE,363.56
MCH2709,"Iyengar, Dugar and Chacko",7011.0,HOTEL & LODGING,PRIVATE_LIMITED,Jaipur,Rajasthan,2023-09-16 04:28:40,ACTIVE,2413.11
MCH2710,"Batta, Shetty and Ka1ita",5699.0,APPAREL,INDIVIDUAL,Hyderabad,Telangana,2025-08-17 02:25:30,ACTIVE,109.84
MCH2712,"RAI, GHOSE AND WADHWA",5411.0,GROCERY,PRIVATE_LIMITED,Amritsar,Punjab,2023-09-30 00:00:00,ACTIVE,2957.32
MCH2713,Dayal Group,5699.0,APPAREL,INDIVIDUAL,Pune,Maharashtra,2024-10-08 00:00:00,SUSPENDED,1199.07
MCH2718,"Krishna, Prabhu and Kara",7011.0,HOTEL & LODGING,INDIVIDUAL,Bengaluru,Karnataka,2024-12-20 00:00:00,ACTIVE,529.14
MCH2719,"RANGANATHAN, MALL AND AGGARWAL",5812.0,FOOD & DINING,PARTNERSHIP,Lucknow,Uttar Pradesh,2024-05-24 21:02:58,ACTIVE,2283.24
MCH2723,Purohit-Dani,,FOOD & DINING,INDIVIDUAL,Asr,Punjab,2024-04-16 04:10:00,ACTIVE,1384.67
MCH2724,Saha Group,,DEPARTMENT STORE,INDIVIDUAL,Jaipur,Rajasthan,2026-02-09 01:33:05,INACTIVE,
MCH2725,Varma-Loke,5812.0,FOOD & DINING,PARTNERSHIP,Kolkata,West Bengal,2023-12-21 15:48:41,INACTIVE,4486.37
MCH2726,"Chawla, Tata and Chander",5699.0,CLOTHING,PARTNERSHIP,Chennai,Tamil Nadu,2025-10-11 02:35:19,INACTIVE,2102.32
MCH2727,"viswanathan, kamdar and raman",4814.0,TELECOM,PARTNERSHIP,Jaipur,Rajasthan,2026-01-22 00:00:00,ACTIVE,2886.2
MCH2730,hans llc,,OTHER,INDIVIDUAL,Jpr,Rajasthan,2025-06-23 00:00:00,ACTIVE,1392.27
MCH2731,Krishna-Kumar,5311.0,DEPARTMENT STORE,PRIVATE_LIMITED,Ludhiana,Punjab,2025-12-18 00:00:00,ACTIVE,1031.53
MCH2733,CHAUHAN LTD,5411.0,GROCERY,SOLE_PROPRIETOR,New Delhi,Delhi,2024-12-27 00:00:00,ACTIVE,872.28
MCH2737,"Sani, Chowdhury and Ganesan",5999.0,RETAIL OTHER,PARTNERSHIP,Bengaluru,Karnataka,2023-05-01 00:00:00,ACTIVE,610.07
MCH2738,Grover PLC,4131.0,TRANSPORT & TRAVEL,PARTNERSHIP,Pune,Maharashtra,2025-11-22 22:59:56,ACTIVE,4547.63
MCH2741,"Palan, Bhalla and Srinivasan",581.0,FOOD & DINING,INDIVIDUAL,Jpr,Rajasthan,2025-12-19 01:05:00,ACTIVE,1319.0
MCH2742,"Manne, Patil and Mukhopadhyay",5942.0,BOOKS & STATIONERY,SOLE_PROPRIETOR,Pune,Maharashtra,2025-03-10 00:00:00,ACTIVE,1389.0
MCH2743,Joshi PLC,,PHARMACY,PRIVATE_LIMITED,Kolkata,West Bengal,2024-12-02 17:56:14,ACTIVE,
MCH2744,"DIVAN, NARANG AND JHAVERI",5912.0,PHARMACY,PARTNERSHIP,Lucknow,Uttar Pradesh,2025-11-04 23:49:11,SUSPENDED,734.64
MCH2746,"tella, mane and pillai",7011.0,HOTEL & LODGING,PRIVATE_LIMITED,Ludhiana,Punjab,2023-12-03 00:00:00,INACTIVE,395.56
MCH2748,"Banerjee, Wason and Dyal",5812.0,FOOD & DINING,PRIVATE_LIMITED,Pune,Maharashtra,2023-11-16 23:24:41,ACTIVE,1037.44
MCH2749,Borde PLC,701.0,HOTEL & LODGING,PARTNERSHIP,Jalandhar,Punjab,2025-11-15 14:42:20,ACTIVE,299.85
MCH2750,Rao-Narayanan,5942.0,BOOKS & STATIONERY,INDIVIDUAL,Ludhiana,Punjab,2024-05-13 00:00:00,ACTIVE,-3052.68
MCH2752,Palla LLC,4131.0,TRANSPORT & TRAVEL,SOLE_PROPRIETOR,Lucknow,Uttar Pradesh,2023-01-13 21:44:09,ACTIVE,69.28
MCH2753,"  Karan, Ganguly and Desai  ",5999.0,MISC RETAIL,PRIVATE_LIMITED,Amritsar,Punjab,2023-03-31 00:00:00,ACTIVE,1254.6
MCH2754,Chahal Group,5812.0,FOOD & DINING,SOLE_PROPRIETOR,Amritsar,Punjab,2023-09-27 00:00:00,ACTIVE,1452.51
MCH2755,"majumdar, ravi and dave",5999.0,OTHER,PARTNERSHIP,Mumbai,Maharashtra,2026-02-13 00:00:00,ACTIVE,-889.32
MCH2757,Chhabra-Dugar,5699.0,CLOTHING,SOLE_PROPRIETOR,Kolkata,West Bengal,2025-11-16 00:00:00,ACTIVE,1214.2
MCH2761,Sabharwa1-Pati1,5999.0,OTHER,PRIVATE_LIMITED,Hyderabad,Telangana,2025-04-04 00:00:00,INACTIVE,2607.92
MCH2763,Thaman-Virk,5912.0,PHARMACY,PRIVATE_LIMITED,Bangalore,Karnataka,2025-07-23 00:00:00,ACTIVE,563.88
MCH2764,"Yogi, Jani and Choudhry",4814.0,TELECOM,INDIVIDUAL,Ludhiana,Punjab,2024-04-19 00:00:00,ACTIVE,516.18
MCH2765,Buch LLC,4814.0,TELECOM,INDIVIDUAL,Jaipur,Rajasthan,2024-12-27 22:16:28,ACTIVE,132.32
MCH2766,Kanda-Brahmbhatt,5311.0,DEPARTMENT STORE,SOLE_PROPRIETOR,Chennai,Tamil Nadu,2025-06-18 00:00:00,ACTIVE,1540.08
MCH2767,"Munshi, Kohli and Pai",,APPAREL,PRIVATE_LIMITED,Lucknow,Uttar Pradesh,2026-02-28 11:47:10,ACTIVE,1994.09
MCH2769,sehgal plc,4814.0,TELECOM,PRIVATE_LIMITED,Asr,Punjab,2023-09-19 00:00:00,ACTIVE,131.0
MCH2770,"Deep, Ganguly and Solanki",5699.0,CLOTHING,INDIVIDUAL,Chennai,Tamil Nadu,2025-07-31 00:00:00,ACTIVE,660.0
MCH2772,  Rajagopalan-Lal  ,5699.0,APPAREL,PARTNERSHIP,Jalandhar,Punjab,2025-03-05 00:00:00,SUSPENDED,594.07
MCH2776,Datta Ltd,4814.0,TELECOM,PARTNERSHIP,Jpr,Rajasthan,2024-11-09 21:59:20,ACTIVE,1643.13
MCH2778,madan plc,5912.0,PHARMACY,SOLE_PROPRIETOR,Amritsar,Punjab,2024-03-25 00:00:00,ACTIVE,4029.72
MCH2786,Gola Inc,569.0,CLOTHING,PARTNERSHIP,Chennai,Tamil Nadu,2024-12-19 14:34:15,ACTIVE,576.47
MCH2788,"Dash, Mallick and Sachdev",5812.0,FOOD & DINING,INDIVIDUAL,Blr,Karnataka,2025-04-06 04:08:29,ACTIVE,3989.94
MCH2789,Peri-Panchal,5311.0,DEPARTMENT STORE,PARTNERSHIP,Jalandhar,Punjab,,ACTIVE,1044.19
MCH2791,"Rastogi, Mannan and Sabharwal",,PHARMACY,SOLE_PROPRIETOR,Delhi,Delhi,2025-08-21 00:00:00,ACTIVE,
MCH2792,"VARKEY, UPPAL AND MITTER",,TRANSPORT & TRAVEL,PARTNERSHIP,Delhi,Delhi,2024-11-06 13:47:30,ACTIVE,130.0
MCH2797,Sandhu-Singh,701.0,HOTEL & LODGING,PARTNERSHIP,Bengaluru,Karnataka,2025-05-27 00:00:00,ACTIVE,1083.54
MCH2799,KADAKIA-NAYAK,5812.0,EATING PLACE,SOLE_PROPRIETOR,Delhi,Delhi,2025-05-04 23:51:09,ACTIVE,-249.35
MCH2800,Raja-Naik,5311.0,DEPARTMENT STORE,PRIVATE_LIMITED,Bangalore,Karnataka,2024-04-18 00:00:00,INACTIVE,1096.85
MCH2801,"Khurana, Oza and Divan",4814.0,TELECOM,PRIVATE_LIMITED,New Delhi,Delhi,2025-10-14 00:00:00,ACTIVE,406.76
MCH2806,"Raman, Aggarwal and Salvi",5999.0,RETAIL OTHER,PARTNERSHIP,Hyderabad,Telangana,2024-10-16 00:00:00,ACTIVE,2271.51
MCH2813,"Panchal, Pradhan and Bora",5812.0,FOOD & DINING,INDIVIDUAL,Jalandhar,Punjab,2026-05-01 00:00:00,ACTIVE,-169.64
MCH2814,"SANI, KHARE AND RAMACHANDRAN",5912.0,PHARMACY,PARTNERSHIP,Jalandhar,Punjab,2024-02-24 00:00:00,ACTIVE,1581.52
MCH2816,Yogi-Palan,,OTHER,INDIVIDUAL,Mumbai,Maharashtra,2025-02-14 00:00:00,SUSPENDED,2753.81
MCH2817,Keer and Sons,5999.0,MISC RETAIL,PRIVATE_LIMITED,Ludhiana,Punjab,2025-05-19 00:00:00,INACTIVE,2074.28
MCH2818,Sibal Inc,5411.0,GROCERY,SOLE_PROPRIETOR,Jalandhar,Punjab,2025-06-03 00:00:00,ACTIVE,600.04
MCH2825,Koshy-Gola,5812.0,FOOD & DINING,PARTNERSHIP,Bangalore,Karnataka,2025-09-25 00:14:43,ACTIVE,-3012.53
MCH2827,Bala-Bhatti,5999.0,OTHER,INDIVIDUAL,Bangalore,Karnataka,2024-10-05 20:16:00,INACTIVE,381.0
MCH2829,Narain Ltd,5999.0,RETAIL OTHER,SOLE_PROPRIETOR,Bangalore,Karnataka,2023-02-15 14:46:04,ACTIVE,1912.36
MCH2830,"Joshi,ChaudhariandToor",5411.0,GROCERY STORES,INDIVIDUAL,Bangalore,Karnataka,2023-04-15 14:55:00,ACTIVE,756.0
MCH2831,Rastogi-Devi,,OTHER,PRIVATE_LIMITED,Delhi,Delhi,2023-10-20 00:00:00,ACTIVE,501.88
MCH2832,Parmer Inc,5311.0,RETAIL,PRIVATE_LIMITED,Pune,Maharashtra,2025-10-26 00:00:00,ACTIVE,831.48
MCH2833,Kapoor-Shankar,7011.0,HOTEL & LODGING,SOLE_PROPRIETOR,Jalandhar,Punjab,,ACTIVE,474.69
MCH2836,RAI AND SONS,591.0,PHARMACY,PRIVATE_LIMITED,Chennai,Tamil Nadu,2024-07-15 12:28:59,INACTIVE,3262.99
MCH2838,"Goel, Chand and Pai",5999.0,RETAIL OTHER,PARTNERSHIP,Pune,Maharashtra,2024-12-28 00:00:00,ACTIVE,-1086.22
MCH2839,"brar, varughese and cherian",5411.0,GROCERY,PARTNERSHIP,Pune,Maharashtra,2025-04-21 03:59:43,ACTIVE,614.31
MCH2841,"  Memon, Samra and Rajagopal  ",5942.0,BOOK STORE,SOLE_PROPRIETOR,Mumbai,Maharashtra,2024-06-13 00:00:00,ACTIVE,
MCH2842,Patel-Chacko,,HOTEL & LODGING,INDIVIDUAL,Bangalore,Karnataka,2025-08-13 00:00:00,ACTIVE,2354.89
MCH2844,Misra-Seth,4131.0,TRANSPORT & TRAVEL,INDIVIDUAL,Asr,Punjab,2023-05-24 00:00:00,ACTIVE,162.5
MCH2845,Narasimhan LLC,5999.0,OTHER,PARTNERSHIP,Amritsar,Punjab,2024-10-01 00:00:00,ACTIVE,5926.94
MCH2846,"SHA, RAMANATHAN AND KOTA",5411.0,GROCERY,INDIVIDUAL,Jaipur,Rajasthan,2025-09-30 00:00:00,INACTIVE,2995.95
MCH2849,"BHAVSAR, KOTA AND ZACHARIA",7011.0,HOTEL & LODGING,PRIVATE_LIMITED,Ludhiana,Punjab,2025-09-23 00:00:00,INACTIVE,2432.18
MCH2850,  Reddy-Kara  ,4131.0,TRANSPORT & TRAVEL,PRIVATE_LIMITED,Jaipur,Rajasthan,2024-04-22 00:00:00,ACTIVE,-953.86
MCH2851,Kalla-Jain,7011.0,HOTEL & LODGING,INDIVIDUAL,Mumbay,Maharashtra,2025-11-29 00:00:00,ACTIVE,3022.0
MCH2857,Bhattacharyya Inc,4131.0,TRANSPORT & TRAVEL,PRIVATE_LIMITED,Jalandhar,Punjab,2025-07-13 00:00:00,ACTIVE,4557.38
MCH2859,"Doctor, Bir and Lanka",5411.0,GROCERY,PRIVATE_LIMITED,Hyderabad,Telangana,2025-04-03 00:00:00,ACTIVE,2296.45
MCH2860,Ahluwalia Ltd,7011.0,HOTEL & LODGING,PRIVATE_LIMITED,Bengaluru,Karnataka,2026-01-27 00:00:00,ACTIVE,250.0
MCH2861,  Hayer Inc  ,5311.0,DEPARTMENT STORES,PRIVATE_LIMITED,Pune,Maharashtra,2024-11-09 19:09:35,ACTIVE,676.0
MCH2862,Bhasin Group,5699.0,APPAREL,PARTNERSHIP,Jpr,Rajasthan,2023-07-20 00:00:00,ACTIVE,544.8
MCH2870,"Loyal, Buch and Ghose",5812.0,FOOD & DINING,SOLE_PROPRIETOR,Delhi,Delhi,2025-05-27 02:11:43,ACTIVE,2213.61
MCH2875,Chander-Parmer,5311.0,DEPARTMENT STORE,PARTNERSHIP,Ludhiana,Punjab,2024-12-11 00:00:00,ACTIVE,351.55
MCH2879,"Pillay, Vora and Karnik",5812.0,FOOD & DINING,INDIVIDUAL,Ludhiana,Punjab,2024-05-20 19:55:26,ACTIVE,
MCH2881,J0ha1 PLC,,FOOD & DINING,PARTNERSHIP,Asr,Punjab,2023-05-16 23:44:00,ACTIVE,807.63
MCH2884,Malhotra-Sarin,5942.0,BOOKS & STATIONERY,SOLE_PROPRIETOR,Pune,Maharashtra,2025-02-27 00:00:00,ACTIVE,683.54
MCH2885,"Varkey, Goda and Bala",5812.0,EATING PLACE,PRIVATE_LIMITED,Mumbai,Maharashtra,2023-01-23 00:00:00,ACTIVE,4853.92
MCH2886,"Raja, Hayre and Deshmukh",5912.0,PHARMACY,PRIVATE_LIMITED,Kolkata,West Bengal,2024-04-07 00:00:00,ACTIVE,511.0
MCH2887,Rau-Saha,5699.0,CLOTHING,SOLE_PROPRIETOR,Delhi,Delhi,2023-08-17 00:00:00,ACTIVE,
MCH2888,Chahal LLC,5912.0,PHARMACY,PRIVATE_LIMITED,Mumbai,Maharashtra,2023-04-21 00:00:00,ACTIVE,631.05
MCH2894,Rege-Baria,5699.0,APPAREL,PRIVATE_LIMITED,Delhi,Delhi,2024-12-22 00:00:00,ACTIVE,2107.84
MCH2896,Jayaraman-Nazareth,5912.0,PHARMACY,PRIVATE_LIMITED,Kolkata,West Bengal,2025-07-30 12:10:42,ACTIVE,1312.79
MCH2897,Bath Ltd,5999.0,OTHER,PRIVATE_LIMITED,Hyderabad,Telangana,2025-07-23 05:48:07,ACTIVE,2239.12
MCH2899,Sampath-Mannan,5812.0,EATING PLACE,INDIVIDUAL,Bangalore,Karnataka,2023-05-27 00:00:00,ACTIVE,-379.53
MCH2902,SAMRA-KAPUR,5411.0,GROCERY,INDIVIDUAL,Chennai,Tamil Nadu,2024-04-24 00:00:00,ACTIVE,
MCH2903,Swamy-Parsa,569.0,APPAREL,INDIVIDUAL,Mumbai,Maharashtra,2023-04-14 00:00:00,INACTIVE,1218.16
MCH2904,IYENGAR-COMAR,5999.0,OTHER,PRIVATE_LIMITED,Delhi,Delhi,2026-05-01 00:00:00,ACTIVE,1147.91
MCH2905,Goyal-Gopal,5912.0,PHARMACY,INDIVIDUAL,Dilli,Delhi,2024-02-13 00:00:00,SUSPENDED,2312.5
MCH2907,VARUGHESE-MANI,5912.0,PHARMACY,SOLE_PROPRIETOR,Chennai,Tamil Nadu,2023-04-25 00:00:00,ACTIVE,1106.0
MCH2910,"Mall, Sankaran and Mittal",4131.0,TRANSPORT & TRAVEL,PRIVATE_LIMITED,Delhi,Delhi,2025-09-28 00:00:00,ACTIVE,3631.28
MCH2912,Natt-Kohli,,GROCERY,PRIVATE_LIMITED,Jalandhar,Punjab,2024-07-09 22:05:41,INACTIVE,1895.43
MCH2914,Sharaf-Tara,5311.0,RETAIL,INDIVIDUAL,Kolkata,West Bengal,2025-07-02 00:00:00,ACTIVE,542.0
MCH2915,"Vohra, Pathak and Bumb",5912.0,PHARMACY,INDIVIDUAL,Kolkata,West Bengal,2025-06-09 00:00:00,ACTIVE,459.58
MCH2917,Gole-Rau,581.0,FOOD & DINING,SOLE_PROPRIETOR,Chennai,Tamil Nadu,2025-10-10 00:00:00,INACTIVE,-1917.48
MCH2919,Menon-Vaidya,,PHARMACY,SOLE_PROPRIETOR,New Delhi,Delhi,2023-03-20 14:46:24,ACTIVE,3825.85
MCH2921,Bakshi-Narayanan,7011.0,HOTEL & LODGING,PRIVATE_LIMITED,Lucknow,Uttar Pradesh,2024-06-18 00:00:00,ACTIVE,-6327.48
MCH2922,Chhabra-Jha,5999.0,RETAIL OTHER,SOLE_PROPRIETOR,Mumbai,Maharashtra,2024-10-10 00:00:00,ACTIVE,-1096.49
MCH2923,bahri plc,5912.0,PHARMACY,SOLE_PROPRIETOR,Bengaluru,Karnataka,2024-11-11 00:00:00,ACTIVE,1195.19
MCH2924,Chaudhary-Dugar,5942.0,BOOKS & STATIONERY,INDIVIDUAL,Mumbai,Maharashtra,2024-12-26 03:07:13,ACTIVE,770.99
MCH2926,Sule-Thaker,5942.0,BOOKS & STATIONERY,PARTNERSHIP,Bengaluru,Karnataka,2024-12-16 18:18:00,ACTIVE,1590.53
MCH2928,"Hans, Parmer and Buch",5812.0,FOOD & DINING,PRIVATE_LIMITED,Ludhiana,Punjab,2025-04-12 00:00:00,INACTIVE,1903.0
MCH2934,Warri0r-Siba1,5999.0,OTHER,INDIVIDUAL,Amritsar,Punjab,2025-04-07 00:00:00,ACTIVE,
MCH2938,"Babu, Lata and Zacharia",5411.0,GROCERY,PRIVATE_LIMITED,Pune,Maharashtra,2024-09-06 00:00:00,ACTIVE,823.9
MCH2941,SenGroup,5311.0,DEPARTMENT STORE,SOLE_PROPRIETOR,Mumbai,Maharashtra,2024-09-22 00:00:00,ACTIVE,1783.76
MCH2943,Kh0s1a LLC,5812.0,FOOD & DINING,PRIVATE_LIMITED,Mumbay,Maharashtra,2024-03-29 00:00:00,ACTIVE,2741.64
MCH2945,Agarwa1-Cherian,,TELECOM,SOLE_PROPRIETOR,Jalandhar,Punjab,2025-10-06 00:00:00,INACTIVE,1759.15
MCH2946,Divan Inc,4814.0,TELECOM,PRIVATE_LIMITED,Jaipur,Rajasthan,2024-09-22 00:00:00,ACTIVE,1246.97
MCH2949,"Mahal, Natt and Ghosh",5999.0,OTHER,PARTNERSHIP,Jaipur,Rajasthan,2024-07-19 00:00:00,ACTIVE,-2320.74
MCH2950,"Rastogi, Bhavsar and Varghese",5942.0,BOOKS & STATIONERY,PRIVATE_LIMITED,Blr,Karnataka,2024-11-26 00:00:00,ACTIVE,2370.66
MCH2951,"THAKUR, SUBRAMANIAM AND AGRAWAL",7011.0,HOTEL & LODGING,PARTNERSHIP,Mumbai,Maharashtra,2026-06-02 00:00:00,ACTIVE,-3115.69
MCH2954,"  Keer, Borra and Hayre  ",7011.0,HOTEL & LODGING,PRIVATE_LIMITED,Ludhiana,Punjab,2025-12-23 00:00:00,ACTIVE,-1556.07
MCH2956,"wali, khatri and mistry",4814.0,TELECOM,SOLE_PROPRIETOR,Lucknow,Uttar Pradesh,2025-02-06 00:00:00,INACTIVE,4934.63
MCH2959,Kanda LLC,5812.0,FOOD & DINING,PRIVATE_LIMITED,Kolkata,West Bengal,2023-08-10 00:00:00,ACTIVE,6588.76
MCH2960,Malhotra-Buch,4131.0,TRANSPORT & TRAVEL,PRIVATE_LIMITED,Chennai,Tamil Nadu,2023-01-06 00:00:00,ACTIVE,2348.07
MCH2962,"Naik, Ranganathan and Sahota",4814.0,TELECOM,PARTNERSHIP,Pune,Maharashtra,2024-08-23 00:00:00,ACTIVE,174.64
MCH2964,Bala-Sarkar,4814.0,TELECOM,INDIVIDUAL,Jalandhar,Punjab,2025-06-20 00:00:00,ACTIVE,1298.45
MCH2965,shroff-prabhakar,5411.0,GROCERY,PARTNERSHIP,Amritsar,Punjab,,ACTIVE,2028.0
MCH2969,Randhawa-Karnik,7011.0,HOTEL & LODGING,SOLE_PROPRIETOR,Bengaluru,Karnataka,2023-07-27 00:00:00,ACTIVE,310.59
MCH2970,GOLLA-VORA,5699.0,APPAREL,INDIVIDUAL,Kolkata,West Bengal,2025-02-01 00:00:00,ACTIVE,326.25
MCH2971,"Garg, Merchant and Kuruvilla",569.0,APPAREL,INDIVIDUAL,Ludhiana,Punjab,2024-08-28 00:00:00,ACTIVE,-205.16
MCH2973,"Bhargava, Dani and Krishnamurthy",4131.0,TRANSPORT & TRAVEL,PARTNERSHIP,Ludhiana,Punjab,2023-08-30 00:00:00,ACTIVE,3748.31
MCH2975,"Bora, Mander and Dalal",5942.0,BOOKS & STATIONERY,SOLE_PROPRIETOR,Chennai,Tamil Nadu,2023-09-05 00:00:00,INACTIVE,3477.51
MCH2978,Deshpande LLC,7011.0,HOTEL & LODGING,PRIVATE_LIMITED,Lucknow,Uttar Pradesh,2023-02-01 23:57:31,ACTIVE,194.6
MCH2979,"Kurian, Guha and Gaba",5999.0,OTHER,INDIVIDUAL,Chennai,Tamil Nadu,2023-03-11 13:48:16,ACTIVE,7883.21
MCH2980,Mander and Sons,5411.0,GROCERY,SOLE_PROPRIETOR,Kolkata,West Bengal,2023-04-03 00:00:00,ACTIVE,1129.72
MCH2981,"Sachdeva, Iyer and Borra",5942.0,BOOKS & STATIONERY,INDIVIDUAL,Kolkata,West Bengal,2023-07-19 15:05:00,ACTIVE,841.65
MCH2986,  Kade-Anne  ,4131.0,TRANSPORT & TRAVEL,PARTNERSHIP,Amritsar,Punjab,2025-11-29 00:00:00,SUSPENDED,736.81
MCH2988,"Mangal, Gokhale and Malhotra",5812.0,FOOD & DINING,SOLE_PROPRIETOR,Mumbay,Maharashtra,2023-10-10 10:11:05,ACTIVE,3595.96
MCH2990,Rout and Sons,7011.0,HOTEL & LODGING,SOLE_PROPRIETOR,Ludhiana,Punjab,2025-08-30 00:00:00,ACTIVE,1050.53
MCH2993,"Dube, Yadav and Konda",5942.0,BOOKS & STATIONERY,INDIVIDUAL,Jaipur,Rajasthan,2025-07-14 00:00:00,ACTIVE,2422.76
MCH2994,Kumar PLC,4814.0,TELECOM,SOLE_PROPRIETOR,Jalandhar,Punjab,2024-11-13 00:00:00,ACTIVE,653.34
MCH2995,  Patil Ltd  ,7011.0,HOTEL & LODGING,PRIVATE_LIMITED,Amritsar,Punjab,2025-12-25 00:00:00,ACTIVE,492.36
MCH2996,Rege-Khanna,5411.0,GROCERY,INDIVIDUAL,Lucknow,Uttar Pradesh,2023-10-15 00:00:00,INACTIVE,-745.45
MCH2997,Nadkarni Inc,,GROCERY,PRIVATE_LIMITED,Hyderabad,Telangana,2025-08-10 23:15:00,ACTIVE,761.67
MCH3002,"Dey, Chopra and Vig",5699.0,CLOTHING,INDIVIDUAL,Ludhiana,Punjab,2024-10-27 00:00:00,ACTIVE,761.12
MCH3005,"Saxena, Narain and Mander",5699.0,APPAREL,PRIVATE_LIMITED,Kolkata,West Bengal,2024-03-25 00:00:00,INACTIVE,1149.79
MCH3006,BISWAS-RAM,5999.0,OTHER,INDIVIDUAL,Lucknow,Uttar Pradesh,2023-08-14 00:00:00,ACTIVE,638.0
MCH3008,"Datta, Sarkar and Nori",5311.0,DEPARTMENT STORE,PARTNERSHIP,Ludhiana,Punjab,2024-11-11 00:00:00,ACTIVE,-522.31
MCH3011,"Ahluwalia, Contractor and Comar",5311.0,DEPARTMENT STORES,SOLE_PROPRIETOR,Dilli,Delhi,2023-11-30 00:00:00,INACTIVE,2626.62
MCH3012,Sathe LLC,,GROCERY,PRIVATE_LIMITED,Chennai,Tamil Nadu,2024-10-23 02:09:00,SUSPENDED,448.76
MCH3014,Nagarajan-Bandi,5311.0,RETAIL,INDIVIDUAL,Delhi,Delhi,2025-09-06 00:00:00,ACTIVE,3013.17
MCH3017,Ramanathan and Sons,531.0,DEPARTMENT STORES,PARTNERSHIP,Delhi,Delhi,2024-06-07 00:00:00,ACTIVE,-3967.02
MCH3021,"Gupta, Mukherjee and Setty",4131.0,TRANSPORT & TRAVEL,SOLE_PROPRIETOR,Mumbai,Maharashtra,2026-02-14 00:00:00,ACTIVE,614.86
MCH3023,Arora LLC,7011.0,HOTEL & LODGING,INDIVIDUAL,Bengaluru,Karnataka,2025-03-02 00:00:00,INACTIVE,1722.88
MCH3024,Kade-Bhatia,5812.0,EATING PLACE,PARTNERSHIP,New Delhi,Delhi,2025-09-22 17:31:43,ACTIVE,2093.0
MCH3025,"Sachdeva, Bora and Hegde",413.0,TRANSPORT & TRAVEL,PRIVATE_LIMITED,Pune,Maharashtra,2024-08-15 00:00:00,ACTIVE,611.84
MCH3029,Sarma PLC,4131.0,TRANSPORT & TRAVEL,SOLE_PROPRIETOR,Mumbai,Maharashtra,2024-06-15 00:00:00,ACTIVE,163.28
MCH3030,"Sengupta, Bhagat and Kota",5942.0,BOOKS & STATIONERY,PRIVATE_LIMITED,Chennai,Tamil Nadu,2025-09-07 00:00:00,ACTIVE,194.19
MCH3031,Morar and Sons,5411.0,GROCERY,INDIVIDUAL,Pune,Maharashtra,2025-04-23 00:00:00,ACTIVE,4053.43
MCH3037,Wagle Ltd,5411.0,GROCERY STORES,INDIVIDUAL,Hyderabad,Telangana,2026-01-30 00:00:00,ACTIVE,2391.24
MCH3039,Murty Inc,5411.0,GROCERY STORES,INDIVIDUAL,Dilli,Delhi,2023-12-03 08:34:21,ACTIVE,1465.47
MCH3040,"Dhar, Kunda and Desai",541.0,GROCERY,PARTNERSHIP,Jaipur,Rajasthan,2025-03-05 00:00:00,ACTIVE,267.0
MCH3044,Gupta PLC,5942.0,BOOKS & STATIONERY,SOLE_PROPRIETOR,Blr,Karnataka,2023-04-27 00:00:00,INACTIVE,582.54
MCH3046,Walla PLC,5942.0,BOOK STORE,PRIVATE_LIMITED,Jalandhar,Punjab,2023-12-03 00:00:00,SUSPENDED,6756.54
MCH3048,Kala Group,7011.0,HOTEL & LODGING,PRIVATE_LIMITED,Jaipur,Rajasthan,2023-11-11 00:00:00,ACTIVE,613.58
MCH3051,Hora-Mahajan,5699.0,APPAREL,PRIVATE_LIMITED,Jaipur,Rajasthan,2023-04-03 00:00:00,ACTIVE,3699.21
MCH3055,"Batta, Sha and Dugar",7011.0,HOTEL & LODGING,PRIVATE_LIMITED,Chennai,Tamil Nadu,2025-08-18 17:51:00,ACTIVE,262.1
MCH3057,Nagy-Banik,531.0,DEPARTMENT STORES,PARTNERSHIP,Kolkata,West Bengal,2024-03-15 00:00:00,ACTIVE,764.15
MCH3058,Patla-Padmanabhan,5942.0,BOOKS & STATIONERY,INDIVIDUAL,Pune,Maharashtra,2024-10-18 00:00:00,ACTIVE,974.77
MCH3060,Deep-Tata,5311.0,DEPARTMENT STORE,INDIVIDUAL,Asr,Punjab,2023-04-17 00:00:00,ACTIVE,-2601.81
MCH3061,Viswanathan Ltd,594.0,BOOKS & STATIONERY,PRIVATE_LIMITED,Lucknow,Uttar Pradesh,2025-04-25 00:00:00,INACTIVE,574.59
MCH3063,Bansal Inc,413.0,TRANSPORT & TRAVEL,INDIVIDUAL,Jpr,Rajasthan,2025-07-02 00:00:00,INACTIVE,282.67
MCH3069,MAGAR INC,5699.0,APPAREL,INDIVIDUAL,Mumbay,Maharashtra,2024-10-18 00:00:00,ACTIVE,5346.85
MCH3070,"Patel, Sandal and Sinha",4814.0,TELECOM,INDIVIDUAL,Hyderabad,Telangana,2025-09-18 00:00:00,ACTIVE,1706.27
MCH3071,Misra-Padmanabhan,5812.0,FOOD & DINING,SOLE_PROPRIETOR,Ludhiana,Punjab,2024-07-24 08:52:44,ACTIVE,
MCH3072,Vora-Soman,5699.0,CLOTHING,INDIVIDUAL,Asr,Punjab,2026-02-13 04:04:19,ACTIVE,1993.93
MCH3075,Bedi-Ramanathan,4131.0,TRANSPORT & TRAVEL,INDIVIDUAL,Jalandhar,Punjab,2023-09-29 00:00:00,ACTIVE,1301.0
MCH3077,  Warrior Ltd  ,4131.0,TRANSPORT & TRAVEL,PARTNERSHIP,Kolkata,West Bengal,2023-04-02 00:00:00,ACTIVE,1448.69
MCH3078,"gandhi, rout and sankaran",7011.0,HOTEL & LODGING,SOLE_PROPRIETOR,Bengaluru,Karnataka,2023-07-10 04:10:18,ACTIVE,752.09
MCH3079,anne-sen,594.0,BOOK STORE,INDIVIDUAL,Pune,Maharashtra,2025-08-04 00:00:00,ACTIVE,
MCH3080,lad-soman,541.0,GROCERY,SOLE_PROPRIETOR,Jalandhar,Punjab,2024-12-01 13:22:52,ACTIVE,-152.69
MCH3081,"Anne, Choudhry and Nanda",5912.0,PHARMACY,PARTNERSHIP,Hyderabad,Telangana,2024-12-23 00:00:00,ACTIVE,590.0
MCH3084,Mani-Chowdhury,5699.0,APPAREL,PARTNERSHIP,Hyderabad,Telangana,2023-09-27 01:37:00,ACTIVE,1594.62
MCH3085,"SARKAR, MEMON AND MAND",,TRANSPORT & TRAVEL,INDIVIDUAL,Pune,Maharashtra,2025-07-16 00:00:00,ACTIVE,-1826.45
MCH3086,Pant Inc,5812.0,FOOD & DINING,PRIVATE_LIMITED,Chennai,Tamil Nadu,2023-10-13 11:54:24,ACTIVE,287.52
MCH3088,Suresh LLC,5411.0,GROCERY,PARTNERSHIP,Chennai,Tamil Nadu,2024-03-08 00:00:00,ACTIVE,4739.6
MCH3089,Tata PLC,5942.0,BOOKS & STATIONERY,SOLE_PROPRIETOR,Jalandhar,Punjab,2025-08-30 00:00:00,ACTIVE,-2328.32
MCH3092,"Dutta, Vasa and Jayaraman",5999.0,OTHER,PRIVATE_LIMITED,Amritsar,Punjab,,ACTIVE,1605.55
MCH3093,"B0ba1, Madan and Narain",,OTHER,INDIVIDUAL,Jalandhar,Punjab,2025-06-12 00:00:00,INACTIVE,2015.86
MCH3094,Wag1e-Thakkar,5699.0,APPAREL,INDIVIDUAL,Bengaluru,Karnataka,2024-12-30 00:00:00,ACTIVE,1038.48
MCH3095,HANS-SHAN,5999.0,MISC RETAIL,PARTNERSHIP,Kolkata,West Bengal,2024-05-28 00:00:00,ACTIVE,1208.82
MCH3096,"Pradhan, Anne and Dhillon",5812.0,FOOD & DINING,INDIVIDUAL,Kolkata,West Bengal,2025-02-25 00:00:00,ACTIVE,
MCH3099,Peri-Parmer,569.0,APPAREL,PARTNERSHIP,Delhi,Delhi,2024-06-22 00:00:00,ACTIVE,2046.1
MCH3105,Bandi PLC,5311.0,DEPARTMENT STORES,SOLE_PROPRIETOR,Mumbay,Maharashtra,2026-01-05 07:13:24,ACTIVE,1578.41
MCH3107,KAPOOR INC,,PHARMACY,PARTNERSHIP,Pune,Maharashtra,2023-10-28 00:00:00,ACTIVE,-1009.16
MCH3111,Cherian-G0swami,,TELECOM,PRIVATE_LIMITED,Bengaluru,Karnataka,,ACTIVE,1311.29
MCH3119,CHANA-DESHMUKH,531.0,DEPARTMENT STORES,PRIVATE_LIMITED,Hyderabad,Telangana,2024-02-12 00:00:00,ACTIVE,4993.0
MCH3122,"TOOR, KUNDA AND MUNSHI",5942.0,BOOKS & STATIONERY,PARTNERSHIP,Mumbay,Maharashtra,2025-04-14 21:07:00,ACTIVE,797.24
MCH3123,"Hegde, Bahl and Comar",,TRANSPORT & TRAVEL,PRIVATE_LIMITED,New Delhi,Delhi,2023-06-01 00:00:00,ACTIVE,2133.64
MCH3125,Din-Dara,569.0,APPAREL,PARTNERSHIP,Delhi,Delhi,2025-11-15 00:00:00,ACTIVE,3672.47
MCH3129,"Ghose,HariandGarde",5411.0,GROCERY,SOLE_PROPRIETOR,Ludhiana,Punjab,2025-06-27 03:24:00,ACTIVE,1908.27
MCH3130,"arora, karnik and sarraf",5942.0,BOOK STORE,SOLE_PROPRIETOR,Kolkata,West Bengal,2023-07-10 21:24:05,INACTIVE,1573.29
MCH3134,Rajan PLC,5311.0,DEPARTMENT STORE,INDIVIDUAL,Jaipur,Rajasthan,2024-09-30 00:49:20,ACTIVE,993.0
MCH3139,"Dhar, Kumar and Sawhney",5699.0,APPAREL,PARTNERSHIP,Pune,Maharashtra,2025-01-24 00:00:00,INACTIVE,2338.9
MCH3140,"Zachariah,RajagopalandSamra",4814.0,TELECOM,PRIVATE_LIMITED,Amritsar,Punjab,2023-09-04 17:37:45,ACTIVE,363.21
MCH3142,"dugar, merchant and kala",5942.0,BOOKS & STATIONERY,PRIVATE_LIMITED,Jpr,Rajasthan,2024-01-01 08:46:47,ACTIVE,619.08
MCH3143,"ZACHARIA, BUCH AND YADAV",531.0,DEPARTMENT STORE,PARTNERSHIP,Hyderabad,Telangana,2023-03-13 00:00:00,ACTIVE,4822.0
MCH3144,raval-korpal,7011.0,HOTEL & LODGING,PARTNERSHIP,New Delhi,Delhi,,ACTIVE,1879.74
MCH3145,Chaudry and Sons,5311.0,DEPARTMENT STORE,INDIVIDUAL,Bengaluru,Karnataka,2026-01-29 00:00:00,ACTIVE,
MCH3146,Batta-Sharaf,4131.0,TRANSPORT & TRAVEL,INDIVIDUAL,Pune,Maharashtra,2024-02-10 00:00:00,ACTIVE,898.04
MCH3147,Acharya-Uppal,4131.0,TRANSPORT & TRAVEL,INDIVIDUAL,Chennai,Tamil Nadu,2024-10-02 02:28:00,ACTIVE,343.0
MCH3148,RaoLtd,4814.0,TELECOM,INDIVIDUAL,Delhi,Delhi,2023-01-16 00:00:00,ACTIVE,1684.65
MCH3154,Bhardwaj Ltd,4131.0,TRANSPORT & TRAVEL,INDIVIDUAL,Mumbai,Maharashtra,2024-10-28 07:15:31,INACTIVE,633.37
MCH3155,Agarwal Ltd,5311.0,DEPARTMENT STORE,PARTNERSHIP,Chennai,Tamil Nadu,2023-11-23 15:28:55,ACTIVE,1414.89
MCH3156,"Bal, Deo and Kala",5999.0,OTHER,PARTNERSHIP,Lucknow,Uttar Pradesh,,ACTIVE,2486.0
MCH3161,Mittal-Bawa,5999.0,OTHER,PRIVATE_LIMITED,Jalandhar,Punjab,2023-04-01 15:06:38,ACTIVE,2703.14
MCH3163,Dada-Kalita,591.0,PHARMACY,PARTNERSHIP,Hyderabad,Telangana,2026-01-16 00:00:00,ACTIVE,963.91
MCH3167,"grewal, biswas and naidu",5411.0,GROCERY STORES,SOLE_PROPRIETOR,Jpr,Rajasthan,2024-02-19 00:00:00,ACTIVE,2704.22
MCH3172,KumarandSons,5311.0,DEPARTMENT STORE,PARTNERSHIP,Amritsar,Punjab,2026-01-14 00:00:00,ACTIVE,3144.22
MCH3176,Gera Inc,4814.0,TELECOM,PRIVATE_LIMITED,Lucknow,Uttar Pradesh,2024-10-03 00:00:00,ACTIVE,1047.58
MCH3177,"Ping1e, Ra0 and Varty",4131.0,TRANSPORT & TRAVEL,INDIVIDUAL,Kolkata,West Bengal,2025-04-19 12:39:17,SUSPENDED,1840.14
MCH3178,GanesanGroup,5699.0,CLOTHING,INDIVIDUAL,New Delhi,Delhi,2025-12-01 00:00:00,ACTIVE,136.0
MCH3179,"Din,MukhopadhyayandBawa",599.0,MISC RETAIL,SOLE_PROPRIETOR,Chennai,Tamil Nadu,2023-10-31 00:00:00,SUSPENDED,1687.99
MCH3180,Sanghvi and S0ns,5912.0,PHARMACY,PRIVATE_LIMITED,Dilli,Delhi,2023-06-03 00:00:00,ACTIVE,2608.0
MCH3181,"Kothari, Sengupta and Sandal",4131.0,TRANSPORT & TRAVEL,PRIVATE_LIMITED,Lucknow,Uttar Pradesh,2025-06-12 23:52:00,ACTIVE,9001.75
MCH3184,"Sane, Dhawan and Prabhakar",4814.0,TELECOM,INDIVIDUAL,Mumbai,Maharashtra,2023-09-12 00:00:00,ACTIVE,1192.54
MCH3187,"Mand, Singhal and Raman",5912.0,PHARMACY,SOLE_PROPRIETOR,Kolkata,West Bengal,2023-07-11 07:10:22,ACTIVE,4276.66
MCH3189,Prasad Inc,4814.0,TELECOM,INDIVIDUAL,Lucknow,Uttar Pradesh,2025-07-30 00:00:00,ACTIVE,2516.09
MCH3191,Dhawan-Warrior,4131.0,TRANSPORT & TRAVEL,SOLE_PROPRIETOR,Hyderabad,Telangana,2024-09-12 01:09:18,ACTIVE,1885.9
MCH3199,deshmukh-karnik,5311.0,DEPARTMENT STORES,PARTNERSHIP,Jaipur,Rajasthan,2023-08-10 00:00:00,ACTIVE,2251.19
MCH3201,BAHL AND SONS,594.0,BOOK STORE,SOLE_PROPRIETOR,Asr,Punjab,2024-05-27 00:00:00,ACTIVE,576.96
MCH3203,Randhawa-Pant,5311.0,RETAIL,PARTNERSHIP,Jaipur,Rajasthan,2024-12-16 07:20:41,ACTIVE,
MCH3206,Ahuja-Din,5311.0,RETAIL,SOLE_PROPRIETOR,Hyderabad,Telangana,2026-01-11 13:50:54,ACTIVE,1244.0
MCH3207,"Gala, Khatri and Khalsa",5912.0,PHARMACY,PARTNERSHIP,Amritsar,Punjab,2024-04-23 00:00:00,ACTIVE,929.51
MCH3211,"Mani, Hora and Hayer",5912.0,PHARMACY,PRIVATE_LIMITED,Bengaluru,Karnataka,2026-01-31 00:00:00,ACTIVE,3678.27
MCH3212,Merchant LLC,5999.0,OTHER,PRIVATE_LIMITED,Bengaluru,Karnataka,2023-07-06 11:16:53,ACTIVE,980.37
MCH3214,Dubey Inc,4131.0,TRANSPORT & TRAVEL,INDIVIDUAL,Bangalore,Karnataka,2024-07-24 00:45:00,ACTIVE,2052.0
MCH3216,K0thari-Bhatia,541.0,GROCERY STORES,SOLE_PROPRIETOR,Hyderabad,Telangana,2025-01-28 12:09:00,ACTIVE,1987.15
MCH3218,"KEER, SONI AND DESHPANDE",5912.0,PHARMACY,SOLE_PROPRIETOR,Mumbai,Maharashtra,2024-03-10 00:00:00,ACTIVE,3727.56
MCH3219,Aggarwal Group,5311.0,DEPARTMENT STORE,PARTNERSHIP,Lucknow,Uttar Pradesh,2025-08-29 00:00:00,ACTIVE,1058.64
MCH3221,Baria-Dube,7011.0,HOTEL & LODGING,SOLE_PROPRIETOR,Kolkata,West Bengal,,INACTIVE,338.34
MCH3229,Keer-Kale,5912.0,PHARMACY,SOLE_PROPRIETOR,Mumbay,Maharashtra,2024-02-28 21:40:00,ACTIVE,276.23
MCH3231,Gokhale Group,5411.0,GROCERY,INDIVIDUAL,Jalandhar,Punjab,,ACTIVE,205.0
MCH3232,"Sarraf,ChaudhuriandAcharya",5812.0,FOOD & DINING,SOLE_PROPRIETOR,Kolkata,West Bengal,2024-05-29 00:00:00,ACTIVE,
MCH3233,"Dada, Pingle and Date",5699.0,APPAREL,INDIVIDUAL,Pune,Maharashtra,2025-11-23 00:00:00,INACTIVE,5434.84
MCH3234,Lad Inc,,TELECOM,INDIVIDUAL,Kolkata,West Bengal,2024-02-21 00:00:00,ACTIVE,-9763.29
MCH3237,Gaba Inc,5999.0,OTHER,SOLE_PROPRIETOR,Delhi,Delhi,2023-06-03 15:03:00,SUSPENDED,
MCH3240,"roy, dash and bobal",5411.0,GROCERY,PARTNERSHIP,Pune,Maharashtra,2023-11-13 00:00:00,ACTIVE,1077.02
MCH3242,"upadhyay, dash and vaidya",5999.0,MISC RETAIL,PARTNERSHIP,Jpr,Rajasthan,,ACTIVE,1731.73
MCH3244,Murthy Group,5912.0,PHARMACY,PRIVATE_LIMITED,Jalandhar,Punjab,2025-03-07 05:29:26,ACTIVE,3366.47
MCH3247,  Nagarajan-Shan  ,,PHARMACY,INDIVIDUAL,Chennai,Tamil Nadu,2025-07-04 21:55:00,INACTIVE,2666.23
MCH3250,Bose-Kalita,5311.0,DEPARTMENT STORES,SOLE_PROPRIETOR,Mumbai,Maharashtra,,INACTIVE,1514.47
MCH3251,BALAN-KUNDA,5411.0,GROCERY,INDIVIDUAL,Ludhiana,Punjab,2024-12-14 00:00:00,ACTIVE,3266.06
MCH3252,"Patel, Saran and Bala",5699.0,APPAREL,INDIVIDUAL,Pune,Maharashtra,2023-06-18 00:00:00,ACTIVE,1917.91
MCH3253,Khatri-Krishnamurthy,5942.0,BOOKS & STATIONERY,PARTNERSHIP,Lucknow,Uttar Pradesh,2023-12-19 08:58:42,ACTIVE,2086.58
MCH3254,"Chanda, Maharaj and Chandra",4131.0,TRANSPORT & TRAVEL,PARTNERSHIP,Hyderabad,Telangana,2025-11-03 00:00:00,ACTIVE,1842.04
MCH3255,"  Shah, Kala and Sarraf  ",7011.0,HOTEL & LODGING,PRIVATE_LIMITED,Jalandhar,Punjab,2024-06-09 00:00:00,ACTIVE,807.0
MCH3256,"Patil, Tripathi and Seshadri",5942.0,BOOKS & STATIONERY,PARTNERSHIP,Ludhiana,Punjab,2025-02-11 00:00:00,ACTIVE,4035.32
MCH3259,Bajaj-Mann,4131.0,TRANSPORT & TRAVEL,INDIVIDUAL,Amritsar,Punjab,2024-05-09 00:00:00,ACTIVE,426.0
MCH3260,Viswanathan Inc,4131.0,TRANSPORT & TRAVEL,INDIVIDUAL,Asr,Punjab,2025-09-24 18:33:11,INACTIVE,2698.89
MCH3263,SARNA-CHAUHAN,5812.0,FOOD & DINING,SOLE_PROPRIETOR,Lucknow,Uttar Pradesh,2025-05-18 00:00:00,ACTIVE,2348.1
MCH3264,"Narayanan, Krishnan and Bail",541.0,GROCERY STORES,SOLE_PROPRIETOR,Jpr,Rajasthan,2025-03-25 00:00:00,ACTIVE,3885.91
MCH3265,"PRAKASH, WABLE AND GANESH",,TELECOM,INDIVIDUAL,Jaipur,Rajasthan,2025-11-13 00:00:00,INACTIVE,1446.0
MCH3266,"Lalla, Baral and Pau",5311.0,DEPARTMENT STORE,PRIVATE_LIMITED,Chennai,Tamil Nadu,2025-09-17 12:56:00,ACTIVE,1627.34
MCH3267,  Balasubramanian-Butala  ,,APPAREL,INDIVIDUAL,Chennai,Tamil Nadu,2025-10-20 00:00:00,ACTIVE,1843.39
MCH3268,Kadakia-Rajan,5699.0,CLOTHING,SOLE_PROPRIETOR,Pune,Maharashtra,2024-11-16 14:24:23,ACTIVE,2055.32
MCH3269,Kara-Ramaswamy,,EATING PLACE,PARTNERSHIP,Pune,Maharashtra,2023-12-07 00:00:00,ACTIVE,1481.0
MCH3270,"CHOKSHI, DASH AND SRIVASTAVA",4131.0,TRANSPORT & TRAVEL,PARTNERSHIP,Chennai,Tamil Nadu,2024-10-07 00:00:00,ACTIVE,1910.46
MCH3272,Gera Group,5699.0,APPAREL,SOLE_PROPRIETOR,Chennai,Tamil Nadu,2023-04-03 12:44:00,ACTIVE,2272.01
MCH3274,Sen-Chawla,5311.0,DEPARTMENT STORE,PRIVATE_LIMITED,Chennai,Tamil Nadu,2023-02-25 00:00:00,ACTIVE,-1472.57
MCH3275,Sridhar and Sons,5699.0,APPAREL,PARTNERSHIP,New Delhi,Delhi,2024-04-15 07:33:51,SUSPENDED,
MCH3277,Issac-Lata,,TELECOM,PARTNERSHIP,Dilli,Delhi,2025-09-22 00:00:00,ACTIVE,1571.63
MCH3279,"Zachariah, Gill and Palla",5812.0,FOOD & DINING,INDIVIDUAL,Pune,Maharashtra,2025-12-25 00:00:00,ACTIVE,
MCH3280,"Vohra, Bora and Vasa",5411.0,GROCERY,PRIVATE_LIMITED,Pune,Maharashtra,2023-10-16 16:01:00,SUSPENDED,412.76
MCH3281,Ranganathan and Sons,5311.0,RETAIL,PARTNERSHIP,Kolkata,West Bengal,2024-03-01 00:00:00,ACTIVE,-649.49
MCH3284,  Lal and Sons  ,,TELECOM,PRIVATE_LIMITED,Ludhiana,Punjab,2024-02-18 00:00:00,INACTIVE,3943.29
MCH3285,"Prasad, Luthra and Suri",5311.0,RETAIL,PARTNERSHIP,Bangalore,Karnataka,2023-02-22 00:00:00,ACTIVE,669.58
MCH3287,"dave, ganesan and biswas",5311.0,RETAIL,INDIVIDUAL,Bengaluru,Karnataka,,ACTIVE,1007.0
MCH3288,"Bains, Arya and Sanghvi",7011.0,HOTEL & LODGING,PARTNERSHIP,Mumbai,Maharashtra,2025-11-26 00:00:00,SUSPENDED,-3587.5
MCH3289,Rajagopalan-Master,5912.0,PHARMACY,PRIVATE_LIMITED,Mumbai,Maharashtra,2025-05-17 00:00:00,ACTIVE,
MCH3291,Sanghvi-Nair,7011.0,HOTEL & LODGING,PRIVATE_LIMITED,Bangalore,Karnataka,2023-09-25 00:00:00,ACTIVE,3917.0
MCH3292,Sehgal-Kapur,5912.0,PHARMACY,PRIVATE_LIMITED,Jalandhar,Punjab,2025-03-06 00:00:00,ACTIVE,751.44
MCH3294,"Murty, Vala and Pall",413.0,TRANSPORT & TRAVEL,INDIVIDUAL,Ludhiana,Punjab,2024-12-10 00:00:00,ACTIVE,822.03
MCH3296,Sampath-Chopra,5999.0,OTHER,INDIVIDUAL,Bangalore,Karnataka,2025-11-18 00:00:00,ACTIVE,1074.2
MCH3298,"kurian, sheth and bains",5699.0,APPAREL,INDIVIDUAL,Delhi,Delhi,2025-04-20 00:00:00,ACTIVE,3789.0
MCH3299,"Varghese, Tripathi and Ganesh",5999.0,RETAIL OTHER,SOLE_PROPRIETOR,Bengaluru,Karnataka,2023-07-12 00:00:00,INACTIVE,2177.34
MCH3301,REDDY AND SONS,5942.0,BOOKS & STATIONERY,PARTNERSHIP,Jpr,Rajasthan,2023-06-25 03:39:00,ACTIVE,2571.65
MCH3307,Uppal and Sons,7011.0,HOTEL & LODGING,PRIVATE_LIMITED,Pune,Maharashtra,2023-03-07 20:38:00,ACTIVE,1033.39
MCH3308,"DHAWAN, RANGANATHAN AND LUTHRA",5699.0,APPAREL,PARTNERSHIP,Amritsar,Punjab,2026-09-01 00:00:00,INACTIVE,2438.38
MCH3311,Sule Ltd,5942.0,BOOKS & STATIONERY,SOLE_PROPRIETOR,Pune,Maharashtra,2026-01-30 17:36:53,ACTIVE,1079.15
MCH3313,Comar-Sidhu,5311.0,DEPARTMENT STORE,SOLE_PROPRIETOR,Lucknow,Uttar Pradesh,2023-07-30 00:00:00,INACTIVE,408.55
MCH3319,"Jani, Tailor and Radhakrishnan",5699.0,APPAREL,SOLE_PROPRIETOR,Jalandhar,Punjab,2024-08-26 05:30:00,ACTIVE,-516.88
MCH3321,Barad-Trivedi,,TRANSPORT & TRAVEL,SOLE_PROPRIETOR,Amritsar,Punjab,2025-09-19 04:50:00,ACTIVE,2096.6
MCH3323,Dey PLC,4814.0,TELECOM,SOLE_PROPRIETOR,Jpr,Rajasthan,2024-12-24 05:37:48,INACTIVE,559.08
MCH3324,Char-Gera,5699.0,APPAREL,PARTNERSHIP,Pune,Maharashtra,2026-02-20 00:00:00,SUSPENDED,2076.73
MCH3325,Varty-Vig,5912.0,PHARMACY,PARTNERSHIP,Kolkata,West Bengal,2023-10-29 00:00:00,ACTIVE,4212.0
MCH3327,Balay Ltd,5912.0,PHARMACY,PARTNERSHIP,Asr,Punjab,2024-10-06 00:00:00,ACTIVE,799.92
MCH3328,Singh-Comar,5912.0,PHARMACY,SOLE_PROPRIETOR,Pune,Maharashtra,2025-12-14 00:00:00,ACTIVE,-3993.96
MCH3330,"Keer, Gupta and Som",5311.0,DEPARTMENT STORES,PRIVATE_LIMITED,Jalandhar,Punjab,2025-11-26 00:00:00,ACTIVE,3134.69
MCH3331,"Shukla, Kadakia and Kata",5699.0,APPAREL,PRIVATE_LIMITED,Ludhiana,Punjab,2025-03-18 00:00:00,ACTIVE,1008.43
MCH3333,Dada PLC,5999.0,OTHER,PRIVATE_LIMITED,Mumbai,Maharashtra,2024-03-18 00:00:00,ACTIVE,668.0
MCH3334,Majumdar-Raja,4814.0,TELECOM,PRIVATE_LIMITED,Hyderabad,Telangana,2023-02-09 04:50:00,ACTIVE,2941.2
MCH3335,Choudhary Ltd,5699.0,APPAREL,PARTNERSHIP,Lucknow,Uttar Pradesh,2025-11-08 00:00:00,ACTIVE,413.6
MCH3338,"Mistry, Majumdar and Ghosh",481.0,TELECOM,INDIVIDUAL,Ludhiana,Punjab,2024-04-26 08:50:51,ACTIVE,1989.0
MCH3340,Bhargava LLC,5699.0,APPAREL,SOLE_PROPRIETOR,Kolkata,West Bengal,2025-10-12 02:52:58,SUSPENDED,-4266.92
MCH3341,Ramesh Inc,5912.0,PHARMACY,INDIVIDUAL,Mumbay,Maharashtra,2024-11-15 02:33:00,ACTIVE,1745.15
MCH3348,"Chauhan, Chowdhury and Dhillon",5942.0,BOOKS & STATIONERY,INDIVIDUAL,Amritsar,Punjab,2023-12-16 00:00:00,ACTIVE,-3038.21
MCH3351,"Loke, Narasimhan and Gandhi",5912.0,PHARMACY,PARTNERSHIP,Asr,Punjab,2023-06-22 00:00:00,SUSPENDED,1029.99
MCH3353,sachar ltd,5942.0,BOOK STORE,PRIVATE_LIMITED,Jalandhar,Punjab,2023-06-06 00:00:00,INACTIVE,446.0
MCH3354,"Barad, Ahluwalia and Mahal",5942.0,BOOKS & STATIONERY,PARTNERSHIP,Lucknow,Uttar Pradesh,2026-02-06 09:23:45,ACTIVE,906.14
MCH3357,"Sundaram, Kara and Sibal",7011.0,HOTEL & LODGING,PARTNERSHIP,Asr,Punjab,2025-11-14 12:11:27,ACTIVE,246.81
MCH3358,Suri-Dhillon,4131.0,TRANSPORT & TRAVEL,INDIVIDUAL,Kolkata,West Bengal,2023-09-22 00:00:00,INACTIVE,665.29
MCH3361,Sabharwal-Shah,,TRANSPORT & TRAVEL,PARTNERSHIP,Jalandhar,Punjab,2024-01-06 00:00:00,INACTIVE,887.23
MCH3362,Chander-Sangha,5411.0,GROCERY,PRIVATE_LIMITED,Asr,Punjab,2026-02-26 04:43:00,SUSPENDED,12795.59
MCH3369,"yadav, deep and bassi",5999.0,MISC RETAIL,INDIVIDUAL,Lucknow,Uttar Pradesh,2024-05-16 00:00:00,ACTIVE,786.0
MCH3371,Raju Inc,4131.0,TRANSPORT & TRAVEL,PARTNERSHIP,Hyderabad,Telangana,2025-04-19 05:25:00,ACTIVE,4057.11
MCH3376,Sama-Gaba,5411.0,GROCERY,INDIVIDUAL,Hyderabad,Telangana,,ACTIVE,732.24
MCH3379,Sura Inc,5411.0,GROCERY STORES,SOLE_PROPRIETOR,Chennai,Tamil Nadu,2023-11-28 00:00:00,ACTIVE,851.53
MCH3382,"  Patla, Thakur and Kaur  ",4131.0,TRANSPORT & TRAVEL,PRIVATE_LIMITED,Pune,Maharashtra,2025-02-06 19:20:09,ACTIVE,470.22
MCH3383,  Muni Inc  ,5999.0,OTHER,SOLE_PROPRIETOR,Delhi,Delhi,2023-04-21 22:36:00,ACTIVE,5804.6
MCH3384,GILL-BAKSHI,5999.0,MISC RETAIL,PARTNERSHIP,Kolkata,West Bengal,2023-06-27 00:00:00,ACTIVE,1223.35
MCH3386,"balay, chacko and dani",5311.0,DEPARTMENT STORES,PRIVATE_LIMITED,Jaipur,Rajasthan,2025-10-27 15:17:05,ACTIVE,2775.53
MCH3387,Boase Ltd,481.0,TELECOM,SOLE_PROPRIETOR,Chennai,Tamil Nadu,2024-10-20 00:00:00,ACTIVE,4926.8
MCH3388,"Chaudhary, Patel and Bhatti",7011.0,HOTEL & LODGING,PARTNERSHIP,Dilli,Delhi,2026-02-10 03:56:14,INACTIVE,2198.14
MCH3389,"Barad, Murthy and Muni",,PHARMACY,INDIVIDUAL,Amritsar,Punjab,2025-03-19 00:00:00,ACTIVE,234.09
MCH3391,Dass Inc,4131.0,TRANSPORT & TRAVEL,PARTNERSHIP,Lucknow,Uttar Pradesh,,ACTIVE,1298.0
MCH3393,"PANCHAL, MISTRY AND SAWHNEY",,GROCERY,SOLE_PROPRIETOR,Amritsar,Punjab,,ACTIVE,612.0
MCH3395,"Boase, Dutt and Sami",5912.0,PHARMACY,PARTNERSHIP,Jaipur,Rajasthan,2024-07-22 00:00:00,INACTIVE,619.0
MCH3398,Chaudhary Ltd,5699.0,APPAREL,SOLE_PROPRIETOR,Chennai,Tamil Nadu,2023-11-18 08:31:43,INACTIVE,1864.25
MCH3399,MUNI AND SONS,5699.0,APPAREL,PRIVATE_LIMITED,Amritsar,Punjab,2024-04-07 00:00:00,ACTIVE,-3737.76
MCH3401,chana llc,5411.0,GROCERY STORES,INDIVIDUAL,Chennai,Tamil Nadu,,ACTIVE,3703.23
MCH3402,"Lala, Loyal and Trivedi",5999.0,OTHER,PARTNERSHIP,Pune,Maharashtra,2025-12-14 00:00:00,INACTIVE,1152.61
MCH3404,"parekh, lad and soman",5311.0,DEPARTMENT STORE,INDIVIDUAL,Mumbai,Maharashtra,2023-02-16 00:00:00,ACTIVE,-1405.46
MCH3405,"DARA, BOASE AND CHADA",5999.0,MISC RETAIL,PARTNERSHIP,Pune,Maharashtra,2024-06-03 00:00:00,ACTIVE,210.2
MCH3406,"Swamy, Borah and Sampath",5311.0,RETAIL,INDIVIDUAL,Mumbai,Maharashtra,2024-05-22 03:05:47,INACTIVE,438.79
MCH3407,Lal LLC,,OTHER,PRIVATE_LIMITED,Jalandhar,Punjab,2023-09-27 00:00:00,ACTIVE,3232.78
MCH3409,BADAMI AND SONS,7011.0,HOTEL & LODGING,SOLE_PROPRIETOR,Bengaluru,Karnataka,2024-05-31 00:00:00,ACTIVE,1179.18
MCH3410,Mutti PLC,7011.0,HOTEL & LODGING,SOLE_PROPRIETOR,Chennai,Tamil Nadu,2023-05-23 00:00:00,ACTIVE,4042.64
MCH3412,Tak and Sons,7011.0,HOTEL & LODGING,SOLE_PROPRIETOR,Jpr,Rajasthan,2024-10-31 00:00:00,ACTIVE,4884.39
MCH3414,Sahota Ltd,4814.0,TELECOM,PRIVATE_LIMITED,Amritsar,Punjab,2025-12-29 00:00:00,ACTIVE,1607.54
MCH3415,Keer Inc,5812.0,FOOD & DINING,SOLE_PROPRIETOR,Chennai,Tamil Nadu,2025-06-05 05:53:37,ACTIVE,-184.25
MCH3416,"Rau, Baral and Karan",4814.0,TELECOM,PRIVATE_LIMITED,Ludhiana,Punjab,2024-02-02 00:00:00,ACTIVE,894.0
MCH3418,Parsa-Parikh,5912.0,PHARMACY,PARTNERSHIP,Hyderabad,Telangana,2024-07-15 00:00:00,ACTIVE,8725.31
MCH3419,"bansal, naidu and baria",5912.0,PHARMACY,PRIVATE_LIMITED,Pune,Maharashtra,2024-03-26 00:00:00,ACTIVE,357.64
MCH3420,"Mani, Kota and Deol",4131.0,TRANSPORT & TRAVEL,INDIVIDUAL,Jpr,Rajasthan,2024-01-18 11:43:00,INACTIVE,453.43
MCH3421,"Sandhu, Saxena and Talwar",5942.0,BOOKS & STATIONERY,SOLE_PROPRIETOR,Delhi,Delhi,,SUSPENDED,1117.58
MCH3423,Sant-Singh,701.0,HOTEL & LODGING,PARTNERSHIP,Delhi,Delhi,2023-01-01 09:47:09,ACTIVE,11283.23
MCH3424,Tandon-Raja,5411.0,GROCERY STORES,PRIVATE_LIMITED,Pune,Maharashtra,2023-08-09 00:00:00,INACTIVE,1643.97
MCH3426,"Morar, Dar and Raja",5311.0,DEPARTMENT STORE,INDIVIDUAL,Jalandhar,Punjab,2023-10-25 00:00:00,INACTIVE,1252.0
MCH3431,Ghosh and Sons,,EATING PLACE,SOLE_PROPRIETOR,Mumbai,Maharashtra,2025-11-24 00:00:00,SUSPENDED,1904.92
MCH3433,"  Pathak, Sathe and Rama  ",5411.0,GROCERY,PRIVATE_LIMITED,Kolkata,West Bengal,2025-12-22 00:00:00,INACTIVE,3697.0
MCH3435,"MITTER, CHAKRABARTI AND SWAMINATHAN",5812.0,FOOD & DINING,INDIVIDUAL,Ludhiana,Punjab,2023-04-23 00:00:00,ACTIVE,1050.63
MCH3438,Murty-Parmar,,TELECOM,PRIVATE_LIMITED,Amritsar,Punjab,2024-04-10 00:00:00,ACTIVE,621.11
MCH3439,"Grewal, Kar and Krishnan",4814.0,TELECOM,PARTNERSHIP,Ludhiana,Punjab,2025-08-08 00:00:00,INACTIVE,761.0
MCH3440,"  Sahni, Thakur and Kale  ",5411.0,GROCERY,PARTNERSHIP,Hyderabad,Telangana,2024-10-14 11:53:00,ACTIVE,797.0
MCH3441,"Naidu, Nayar and Chand",594.0,BOOKS & STATIONERY,PARTNERSHIP,Ludhiana,Punjab,2023-05-29 00:00:00,ACTIVE,817.0
MCH3442,Choudhry-Ravi,569.0,CLOTHING,PARTNERSHIP,Mumbai,Maharashtra,2025-09-09 00:00:00,ACTIVE,3189.0
MCH3445,"Madan, Naidu and Andra",7011.0,HOTEL & LODGING,PRIVATE_LIMITED,Jaipur,Rajasthan,2023-07-09 00:00:00,ACTIVE,983.3
MCH3446,Ganesan-Contractor,5411.0,GROCERY,SOLE_PROPRIETOR,Lucknow,Uttar Pradesh,2026-01-24 03:27:14,INACTIVE,348.14
MCH3447,ANDRA-EDWIN,5699.0,APPAREL,INDIVIDUAL,Hyderabad,Telangana,2023-10-09 13:58:47,ACTIVE,1619.69
MCH3449,NIGAM-AGATE,599.0,OTHER,PARTNERSHIP,Mumbai,Maharashtra,2026-02-13 03:43:32,ACTIVE,236.02
MCH3451,AMBLE-NAIR,5912.0,PHARMACY,SOLE_PROPRIETOR,Amritsar,Punjab,2025-10-06 00:00:00,SUSPENDED,
MCH3452,"Tandon, Oza and Sharma",5411.0,GROCERY STORES,SOLE_PROPRIETOR,Pune,Maharashtra,2025-04-08 00:00:00,INACTIVE,-186.45
MCH3453,"Sangha, Minhas and Patil",7011.0,HOTEL & LODGING,PRIVATE_LIMITED,Jaipur,Rajasthan,2023-11-15 00:00:00,ACTIVE,-1768.03
MCH3454,Rajagopal-Wason,5812.0,FOOD & DINING,PARTNERSHIP,Hyderabad,Telangana,2024-08-22 15:32:00,ACTIVE,-1479.06
MCH3455,Singhal LLC,531.0,DEPARTMENT STORE,INDIVIDUAL,Jalandhar,Punjab,2026-06-01 05:10:00,ACTIVE,11222.95
MCH3459,  Nagi-Saini  ,4814.0,TELECOM,SOLE_PROPRIETOR,Hyderabad,Telangana,2023-09-03 00:00:00,ACTIVE,2617.26
MCH3460,CHAND-BORA,5411.0,GROCERY STORES,INDIVIDUAL,Kolkata,West Bengal,2025-02-05 10:51:56,ACTIVE,
MCH3461,"  Balakrishnan, Sachdeva and Sekhon  ",5999.0,OTHER,INDIVIDUAL,Mumbai,Maharashtra,2025-09-23 02:42:23,ACTIVE,1049.37
MCH3465,"Patla, Tiwari and Bobal",4814.0,TELECOM,PRIVATE_LIMITED,Amritsar,Punjab,2024-10-09 22:44:00,ACTIVE,662.0
MCH3468,Aurora-Ben,,HOTEL & LODGING,PRIVATE_LIMITED,Hyderabad,Telangana,2025-03-16 00:00:00,ACTIVE,199.0
MCH3469,Ha1der-Bains,,TELECOM,PRIVATE_LIMITED,Ludhiana,Punjab,,ACTIVE,943.76
MCH3470,CHOPRA-GARDE,4814.0,TELECOM,INDIVIDUAL,Bangalore,Karnataka,2025-03-02 00:00:00,ACTIVE,509.62
MCH3473,"Mahal, Butala and Shenoy",4131.0,TRANSPORT & TRAVEL,INDIVIDUAL,Amritsar,Punjab,2025-11-20 23:26:00,INACTIVE,456.8
MCH3475,"  Wadhwa, Banik and Prakash  ",5812.0,FOOD & DINING,PRIVATE_LIMITED,Jaipur,Rajasthan,2025-01-16 00:00:00,ACTIVE,335.53
MCH3477,"Mangal, Comar and Krish",5311.0,DEPARTMENT STORE,SOLE_PROPRIETOR,Mumbai,Maharashtra,2025-03-30 09:40:40,ACTIVE,13897.21
MCH3481,"RAJA, BRAR AND NAGAR",,GROCERY STORES,PRIVATE_LIMITED,New Delhi,Delhi,2023-03-13 00:00:00,ACTIVE,1791.83
MCH3483,"Puri, Sachdeva and Jhaveri",5812.0,FOOD & DINING,PRIVATE_LIMITED,Jaipur,Rajasthan,2025-08-15 00:00:00,INACTIVE,1128.9
MCH3484,Sidhu LLC,5999.0,MISC RETAIL,INDIVIDUAL,Ludhiana,Punjab,,ACTIVE,-876.31
MCH3487,Subramanian Inc,5812.0,FOOD & DINING,INDIVIDUAL,Pune,Maharashtra,2025-07-26 00:00:00,ACTIVE,1612.87
MCH3488,  Sarna-Ramaswamy  ,5699.0,CLOTHING,PRIVATE_LIMITED,Kolkata,West Bengal,2025-12-10 17:02:29,ACTIVE,1118.6
MCH3489,Bahl-Bhavsar,4131.0,TRANSPORT & TRAVEL,PARTNERSHIP,Delhi,Delhi,,ACTIVE,908.03
MCH3490,Sachdev-Din,5411.0,GROCERY,INDIVIDUAL,Delhi,Delhi,2023-02-21 00:00:00,SUSPENDED,570.0
MCH3491,"  Chawla, Tella and Madan  ",,TELECOM,SOLE_PROPRIETOR,Lucknow,Uttar Pradesh,2025-05-23 00:00:00,ACTIVE,1044.7
MCH3497,"Gokhale, Parmer and Contractor",,TRANSPORT & TRAVEL,INDIVIDUAL,Jalandhar,Punjab,2023-11-03 21:39:51,ACTIVE,-403.24
MCH3498,AGATE AND SONS,4814.0,TELECOM,INDIVIDUAL,Chennai,Tamil Nadu,,ACTIVE,1499.04
MCH3499,"Mand, Munshi and Bali",5311.0,RETAIL,SOLE_PROPRIETOR,Chennai,Tamil Nadu,2026-02-01 00:00:00,ACTIVE,1115.88
MCH3501,Chandran-Tripathi,5999.0,OTHER,PRIVATE_LIMITED,Mumbai,Maharashtra,,ACTIVE,1658.21
MCH3502,"  Bail, Sawhney and Majumdar  ",,EATING PLACE,INDIVIDUAL,Hyderabad,Telangana,2024-02-05 16:37:39,ACTIVE,4792.39
MCH3504,"Ram, Dora and Bhatti",5942.0,BOOK STORE,INDIVIDUAL,Pune,Maharashtra,2025-05-08 00:00:00,INACTIVE,520.17
MCH3506,Peri Group,701.0,HOTEL & LODGING,INDIVIDUAL,Bengaluru,Karnataka,,ACTIVE,3808.09
MCH3507,"Sundaram, Shan and Subramanian",7011.0,HOTEL & LODGING,INDIVIDUAL,Amritsar,Punjab,2023-01-28 00:00:00,ACTIVE,950.31
MCH3508,  Prabhu and Sons  ,4131.0,TRANSPORT & TRAVEL,PRIVATE_LIMITED,Delhi,Delhi,2024-07-26 00:00:00,ACTIVE,1850.0
MCH3509,Tandon-Thakur,5999.0,OTHER,PRIVATE_LIMITED,Pune,Maharashtra,2024-03-27 19:41:52,ACTIVE,253.7
MCH3510,  Sankaran Inc  ,5699.0,APPAREL,INDIVIDUAL,Hyderabad,Telangana,2026-02-18 00:00:00,INACTIVE,2317.0
MCH3511,"Konda, Venkatesh and Jha",5411.0,GROCERY,INDIVIDUAL,Lucknow,Uttar Pradesh,2025-06-28 00:00:00,ACTIVE,
MCH3512,"  Bhatti, Khosla and Chhabra  ",,TELECOM,PRIVATE_LIMITED,Amritsar,Punjab,2023-05-04 23:36:19,ACTIVE,1112.0
MCH3513,"Gade, Raghavan and Ben",5942.0,BOOKS & STATIONERY,INDIVIDUAL,Chennai,Tamil Nadu,2024-07-21 08:51:00,INACTIVE,1116.95
MCH3518,Borah and Sons,4131.0,TRANSPORT & TRAVEL,SOLE_PROPRIETOR,Mumbay,Maharashtra,2026-06-02 15:51:00,ACTIVE,451.33
MCH3520,"Kannan, Bail and Sundaram",5699.0,APPAREL,SOLE_PROPRIETOR,Ludhiana,Punjab,2024-09-16 08:13:00,ACTIVE,-383.3
MCH3523,"Khare, Radhakrishnan and Gala",5812.0,FOOD & DINING,INDIVIDUAL,Jpr,Rajasthan,2025-12-04 00:00:00,ACTIVE,-577.79
MCH3530,DUGAR PLC,5699.0,APPAREL,INDIVIDUAL,Ludhiana,Punjab,2024-08-10 01:53:00,ACTIVE,
MCH3533,Tiwari-Gulati,7011.0,HOTEL & LODGING,PRIVATE_LIMITED,Mumbai,Maharashtra,2025-10-07 00:00:00,ACTIVE,709.41
MCH3535,"Mammen, Patla and Kala",4131.0,TRANSPORT & TRAVEL,SOLE_PROPRIETOR,Jaipur,Rajasthan,2025-08-08 00:00:00,ACTIVE,1091.98
MCH3536,Shankar Group,594.0,BOOKS & STATIONERY,PARTNERSHIP,Kolkata,West Bengal,2024-11-03 17:18:07,ACTIVE,1640.82
MCH3539,"Korpal, Nair and Chana",5699.0,APPAREL,SOLE_PROPRIETOR,Mumbai,Maharashtra,2024-05-29 00:00:00,INACTIVE,2681.05
MCH3541,"SRIVASTAVA, TELLA AND KONDA",4814.0,TELECOM,PRIVATE_LIMITED,Delhi,Delhi,2024-10-31 00:00:00,ACTIVE,2341.43
MCH3545,"CHACKO, OZA AND JAGGI",7011.0,HOTEL & LODGING,SOLE_PROPRIETOR,Hyderabad,Telangana,2023-09-30 00:00:00,ACTIVE,867.82
MCH3547,RAMANATHAN-DADA,5812.0,FOOD & DINING,PRIVATE_LIMITED,Dilli,Delhi,2025-02-03 00:00:00,ACTIVE,5262.6
MCH3548,"Bhakta, Dhaliwal and Comar",4814.0,TELECOM,INDIVIDUAL,Jpr,Rajasthan,,ACTIVE,1931.09
MCH3549,Khalsa and Sons,5812.0,FOOD & DINING,INDIVIDUAL,Amritsar,Punjab,2025-07-01 00:00:00,ACTIVE,1756.73
MCH3551,"Chaudry, Toor and Lala",4814.0,TELECOM,SOLE_PROPRIETOR,Bengaluru,Karnataka,2023-12-15 17:19:51,ACTIVE,941.64
MCH3552,"morar, ahuja and ravel",5942.0,BOOKS & STATIONERY,SOLE_PROPRIETOR,Pune,Maharashtra,2024-08-03 00:00:00,ACTIVE,8846.0
MCH3553,"Bajwa, Tata and Narula",5912.0,PHARMACY,PRIVATE_LIMITED,Lucknow,Uttar Pradesh,2023-02-01 19:20:00,ACTIVE,-1334.71
MCH3554,"Chowdhury, Mann and Mitter",4131.0,TRANSPORT & TRAVEL,INDIVIDUAL,Jalandhar,Punjab,2025-04-27 19:48:07,ACTIVE,893.92
MCH3555,Chaudhari-Dutta,5311.0,DEPARTMENT STORE,PARTNERSHIP,Kolkata,West Bengal,2023-03-31 00:00:00,ACTIVE,712.21
MCH3556,Andra-Nagar,5999.0,MISC RETAIL,SOLE_PROPRIETOR,Pune,Maharashtra,2025-05-04 18:43:19,ACTIVE,1107.13
MCH3558,BRAHMBHATT-PERI,7011.0,HOTEL & LODGING,SOLE_PROPRIETOR,Pune,Maharashtra,2025-10-14 11:56:55,ACTIVE,
MCH3559,Chokshi Inc,5812.0,FOOD & DINING,PRIVATE_LIMITED,Bengaluru,Karnataka,2024-12-23 00:00:00,SUSPENDED,-535.7
MCH3561,Kumar LLC,581.0,FOOD & DINING,PARTNERSHIP,Chennai,Tamil Nadu,2025-10-18 00:00:00,ACTIVE,715.0
MCH3563,  Shan Inc  ,591.0,PHARMACY,SOLE_PROPRIETOR,Bengaluru,Karnataka,2024-04-01 06:07:35,ACTIVE,335.55
MCH3564,"  Konda, Natarajan and Chawla  ",5999.0,MISC RETAIL,PRIVATE_LIMITED,Amritsar,Punjab,2025-10-08 00:00:00,ACTIVE,982.65
MCH3567,"Ahuja, Mody and Radhakrishnan",5411.0,GROCERY STORES,SOLE_PROPRIETOR,Lucknow,Uttar Pradesh,2023-09-24 03:33:54,ACTIVE,1060.67
MCH3568,"CHOUDHURY, TRIVEDI AND BHATNAGAR",5311.0,DEPARTMENT STORES,PRIVATE_LIMITED,Ludhiana,Punjab,2025-10-04 00:00:00,ACTIVE,1208.3
MCH3569,Choudhury-Prashad,594.0,BOOKS & STATIONERY,SOLE_PROPRIETOR,Lucknow,Uttar Pradesh,2025-02-17 00:00:00,ACTIVE,1411.0
MCH3570,sura-barman,5999.0,OTHER,PRIVATE_LIMITED,Jalandhar,Punjab,2023-05-22 22:03:03,INACTIVE,1099.0
MCH3571,"Aurora, Kamdar and Vasa",5411.0,GROCERY,PRIVATE_LIMITED,Lucknow,Uttar Pradesh,2023-02-03 00:00:00,ACTIVE,583.65
MCH3572,Kohli PLC,,TRANSPORT & TRAVEL,SOLE_PROPRIETOR,Delhi,Delhi,2025-11-20 00:00:00,ACTIVE,-1042.66
MCH3574,Sodhi-Shan,4131.0,TRANSPORT & TRAVEL,PARTNERSHIP,Pune,Maharashtra,2025-05-31 00:00:00,INACTIVE,4407.0
MCH3577,"dhawan, bobal and vala",,BOOKS & STATIONERY,SOLE_PROPRIETOR,Lucknow,Uttar Pradesh,2025-01-26 18:18:18,ACTIVE,
MCH3578,"badal, gopal and walla",4131.0,TRANSPORT & TRAVEL,INDIVIDUAL,Amritsar,Punjab,2024-05-19 20:33:00,ACTIVE,14795.0
MCH3581,"Chadha, Sankaran and Pau",569.0,CLOTHING,PARTNERSHIP,Kolkata,West Bengal,2024-07-05 00:00:00,ACTIVE,
MCH3586,Dayal-Nagar,,PHARMACY,PARTNERSHIP,Hyderabad,Telangana,2026-01-28 00:00:00,ACTIVE,2093.13
MCH3587,  Sagar-Raval  ,7011.0,HOTEL & LODGING,PARTNERSHIP,Jalandhar,Punjab,2024-07-31 00:00:00,ACTIVE,1064.25
MCH3591,"Panchal, Balasubramanian and Dey",594.0,BOOKS & STATIONERY,PRIVATE_LIMITED,Kolkata,West Bengal,2025-03-15 00:00:00,ACTIVE,2193.61
MCH3592,"Sem, Chandran and Dara",5999.0,OTHER,SOLE_PROPRIETOR,Dilli,Delhi,2023-11-15 09:32:00,INACTIVE,-1166.62
MCH3593,"Kara,BrarandApte",4814.0,TELECOM,PRIVATE_LIMITED,Mumbai,Maharashtra,2023-12-04 15:44:19,ACTIVE,474.6
MCH3594,Om-Tiwari,,TRANSPORT & TRAVEL,PARTNERSHIP,Pune,Maharashtra,2024-07-28 00:22:00,ACTIVE,-1023.26
MCH3595,"SRIVASTAVA, MERCHANT AND KOTA",5311.0,RETAIL,PRIVATE_LIMITED,Ludhiana,Punjab,2025-03-01 13:32:00,INACTIVE,1153.0
MCH3596,CHOUDHRY LTD,4131.0,TRANSPORT & TRAVEL,PRIVATE_LIMITED,Lucknow,Uttar Pradesh,2024-11-11 00:00:00,ACTIVE,311.69
MCH3598,Kapur-Sahni,481.0,TELECOM,PRIVATE_LIMITED,Bangalore,Karnataka,2024-12-07 15:58:25,ACTIVE,7252.05
MCH3600,Gole and Sons,4131.0,TRANSPORT & TRAVEL,SOLE_PROPRIETOR,Delhi,Delhi,2023-10-09 00:00:00,SUSPENDED,1548.59
MCH3601,Lanka Inc,5942.0,BOOK STORE,INDIVIDUAL,Pune,Maharashtra,2025-05-14 07:26:19,ACTIVE,4672.85
MCH3602,"Panchal, Karpe and Bhatti",7011.0,HOTEL & LODGING,PARTNERSHIP,Asr,Punjab,2023-08-29 00:00:00,ACTIVE,754.95
MCH3604,Dara-Borde,5942.0,BOOKS & STATIONERY,SOLE_PROPRIETOR,Ludhiana,Punjab,2025-03-10 00:00:00,ACTIVE,
MCH3605,Bhasin Ltd,413.0,TRANSPORT & TRAVEL,PARTNERSHIP,Ludhiana,Punjab,2023-11-15 00:00:00,ACTIVE,1858.98
MCH3607,Va1a-D0ra,5812.0,EATING PLACE,INDIVIDUAL,Ludhiana,Punjab,2024-11-09 00:00:00,ACTIVE,1953.09
MCH3608,"  Raj, Sarin and Sibal  ",4814.0,TELECOM,PARTNERSHIP,Jpr,Rajasthan,2024-12-08 00:00:00,INACTIVE,1956.65
MCH3610,"Deo, Krish and Lanka",569.0,APPAREL,PRIVATE_LIMITED,Chennai,Tamil Nadu,2025-01-07 11:18:09,ACTIVE,
MCH3611,"ratti, sunder and kapoor",4131.0,TRANSPORT & TRAVEL,PRIVATE_LIMITED,Blr,Karnataka,,ACTIVE,787.19
MCH3612,Kala Inc,5812.0,FOOD & DINING,SOLE_PROPRIETOR,Mumbai,Maharashtra,2025-08-17 02:43:00,ACTIVE,577.0
MCH3613,LAD-CHACKO,4814.0,TELECOM,PRIVATE_LIMITED,Jaipur,Rajasthan,2025-04-02 00:00:00,ACTIVE,466.16
MCH3614,Morar-Sundaram,5812.0,FOOD & DINING,INDIVIDUAL,Mumbai,Maharashtra,2023-08-09 00:00:00,ACTIVE,1484.85
MCH3616,DUA GROUP,5942.0,BOOK STORE,PRIVATE_LIMITED,Lucknow,Uttar Pradesh,2026-02-24 20:51:00,ACTIVE,
MCH3618,"Narang, Atwal and Merchant",,PHARMACY,SOLE_PROPRIETOR,Mumbai,Maharashtra,2023-07-25 00:00:00,ACTIVE,1728.22
MCH3619,"MODY, SAMI AND BATTA",5999.0,RETAIL OTHER,SOLE_PROPRIETOR,Kolkata,West Bengal,2026-01-27 07:14:00,INACTIVE,3456.23
MCH3625,Singhal Ltd,5812.0,FOOD & DINING,SOLE_PROPRIETOR,Mumbai,Maharashtra,2025-10-28 12:02:57,ACTIVE,10079.36
MCH3627,"CHANDRA, VENKATARAMAN AND PALLA",5912.0,PHARMACY,SOLE_PROPRIETOR,Jpr,Rajasthan,2025-09-10 00:00:00,ACTIVE,379.66
MCH3628,MITRA LTD,5699.0,APPAREL,SOLE_PROPRIETOR,Delhi,Delhi,2023-08-05 00:00:00,ACTIVE,3214.64
MCH3630,Chacko Ltd,5812.0,FOOD & DINING,PARTNERSHIP,Mumbai,Maharashtra,2023-06-11 00:00:00,INACTIVE,2433.39
MCH3637,Pai-Parikh,581.0,EATING PLACE,SOLE_PROPRIETOR,Hyderabad,Telangana,2024-06-26 00:00:00,ACTIVE,3420.81
MCH3640,Parikh-Raghavan,7011.0,HOTEL & LODGING,SOLE_PROPRIETOR,Hyderabad,Telangana,2023-11-04 22:07:00,ACTIVE,400.1
MCH3641,"khurana, barman and suresh",5699.0,APPAREL,INDIVIDUAL,Delhi,Delhi,2025-06-08 08:41:00,ACTIVE,2224.44
MCH3642,Prabhu-Pai,5411.0,GROCERY,SOLE_PROPRIETOR,Kolkata,West Bengal,2025-11-24 00:00:00,ACTIVE,3223.63
MCH3649,"  Jain, Sama and Sarma  ",599.0,OTHER,PARTNERSHIP,Mumbai,Maharashtra,2025-08-06 21:51:00,ACTIVE,671.85
MCH3652,Varghese PLC,,OTHER,PARTNERSHIP,Ludhiana,Punjab,,ACTIVE,2254.0
MCH3654,Ganesan Ltd,5812.0,FOOD & DINING,SOLE_PROPRIETOR,Jalandhar,Punjab,2024-02-11 00:00:00,ACTIVE,286.1
MCH3655,Batra LLC,5912.0,PHARMACY,SOLE_PROPRIETOR,Pune,Maharashtra,2024-08-17 00:00:00,ACTIVE,-528.59
MCH3656,kurian-chad,,FOOD & DINING,INDIVIDUAL,Kolkata,West Bengal,2024-12-18 00:21:00,ACTIVE,
MCH3659,Kashyap LLC,4131.0,TRANSPORT & TRAVEL,PARTNERSHIP,Pune,Maharashtra,2025-07-06 00:00:00,ACTIVE,403.54
MCH3661,"Deshmukh, Patla and Goel",4131.0,TRANSPORT & TRAVEL,INDIVIDUAL,Ludhiana,Punjab,2023-11-17 00:00:00,SUSPENDED,1439.0
MCH3662,Dalal-Arora,,TELECOM,SOLE_PROPRIETOR,Kolkata,West Bengal,2024-09-01 00:00:00,ACTIVE,4799.31
MCH3663,Saini-Gaba,5699.0,CLOTHING,SOLE_PROPRIETOR,Jaipur,Rajasthan,2025-02-03 00:00:00,ACTIVE,377.05
MCH3666,Gera-Ranganathan,4131.0,TRANSPORT & TRAVEL,PARTNERSHIP,Jaipur,Rajasthan,2023-04-12 00:00:00,ACTIVE,243.55
MCH3668,Pandey-Uppal,4131.0,TRANSPORT & TRAVEL,SOLE_PROPRIETOR,Pune,Maharashtra,2024-09-03 18:09:51,ACTIVE,795.26
MCH3669,"  Dutta, Banerjee and Saini  ",5999.0,MISC RETAIL,PRIVATE_LIMITED,Lucknow,Uttar Pradesh,2024-09-03 00:00:00,ACTIVE,2883.4
MCH3671,"VALA, DHAR AND WASON",5912.0,PHARMACY,INDIVIDUAL,Chennai,Tamil Nadu,,ACTIVE,2167.0
MCH3672,Ramaswamy PLC,,BOOKS & STATIONERY,PRIVATE_LIMITED,Kolkata,West Bengal,2025-01-24 00:00:00,ACTIVE,9848.33
MCH3674,Wason and Sons,5812.0,FOOD & DINING,INDIVIDUAL,Delhi,Delhi,2025-07-19 21:11:25,ACTIVE,-582.77
MCH3675,Soman LLC,5999.0,OTHER,INDIVIDUAL,Hyderabad,Telangana,2026-02-13 00:00:00,INACTIVE,223.0
MCH3677,Toor and Sons,5912.0,PHARMACY,SOLE_PROPRIETOR,Amritsar,Punjab,2025-03-03 06:28:03,ACTIVE,4703.03
MCH3678,"Ramanathan, Oza and Aggarwal",5699.0,APPAREL,PARTNERSHIP,Jalandhar,Punjab,2023-03-04 10:00:00,ACTIVE,1617.86
MCH3679,Kumer LLC,4814.0,TELECOM,PRIVATE_LIMITED,Hyderabad,Telangana,2025-12-15 00:00:00,ACTIVE,587.47
MCH3680,Pradhan Ltd,4131.0,TRANSPORT & TRAVEL,PRIVATE_LIMITED,Hyderabad,Telangana,2025-11-22 00:00:00,ACTIVE,519.26
MCH3682,"Upadhyay, Soni and Dhawan",4131.0,TRANSPORT & TRAVEL,SOLE_PROPRIETOR,Chennai,Tamil Nadu,2025-09-16 00:00:00,INACTIVE,3236.27
MCH3683,Mander Group,5411.0,GROCERY STORES,INDIVIDUAL,Mumbai,Maharashtra,2023-09-10 00:00:00,ACTIVE,4247.99
MCH3684,Chahal-Reddy,,GROCERY,PARTNERSHIP,Delhi,Delhi,,ACTIVE,629.48
MCH3686,Prasad Inc,5812.0,FOOD & DINING,SOLE_PROPRIETOR,Mumbai,Maharashtra,2024-04-09 03:46:00,ACTIVE,1179.14
MCH3688,"  Nayak, Brar and Sahni  ",4814.0,TELECOM,INDIVIDUAL,Chennai,Tamil Nadu,2025-08-20 00:00:00,SUSPENDED,2787.88
MCH3689,"Palla, Gara and Malhotra",5942.0,BOOKS & STATIONERY,PARTNERSHIP,Bengaluru,Karnataka,2025-02-04 00:00:00,INACTIVE,1319.27
MCH3690,Aurora Inc,4131.0,TRANSPORT & TRAVEL,PARTNERSHIP,Blr,Karnataka,2025-04-26 00:00:00,ACTIVE,915.55
MCH3693,"Rajagopal, Savant and Ganesan",4814.0,TELECOM,INDIVIDUAL,Jalandhar,Punjab,2025-02-26 00:00:00,ACTIVE,893.17
MCH3694,"Date, Naidu and Raja",5912.0,PHARMACY,PARTNERSHIP,Jalandhar,Punjab,2024-11-22 04:13:38,ACTIVE,4933.54
MCH3696,"pandya, maharaj and sundaram",5942.0,BOOK STORE,INDIVIDUAL,Pune,Maharashtra,2025-07-08 00:00:00,SUSPENDED,416.04
MCH3697,Cherian LLC,7011.0,HOTEL & LODGING,INDIVIDUAL,Chennai,Tamil Nadu,2023-04-11 13:30:00,ACTIVE,2525.65
MCH3698,"Prashad, Viswanathan and Sama",5311.0,RETAIL,PARTNERSHIP,Amritsar,Punjab,2026-02-09 00:00:00,ACTIVE,514.0
MCH3699,borra and sons,5942.0,BOOKS & STATIONERY,PRIVATE_LIMITED,Pune,Maharashtra,2025-12-17 22:31:06,INACTIVE,790.7
MCH3700,Nath-Chakrabarti,5812.0,FOOD & DINING,PARTNERSHIP,Chennai,Tamil Nadu,2025-03-25 03:11:06,ACTIVE,1733.0
MCH3701,Mand-Bhat,5999.0,RETAIL OTHER,SOLE_PROPRIETOR,Lucknow,Uttar Pradesh,2024-05-07 00:00:00,INACTIVE,231.29
MCH3703,Khatri-Shuk1a,5812.0,FOOD & DINING,PRIVATE_LIMITED,Jalandhar,Punjab,,SUSPENDED,3523.05
MCH3705,"Prakash, Korpal and Narasimhan",5812.0,EATING PLACE,SOLE_PROPRIETOR,Jpr,Rajasthan,2025-11-10 00:00:00,ACTIVE,753.96
MCH3712,  Narain-Vaidya  ,7011.0,HOTEL & LODGING,INDIVIDUAL,Hyderabad,Telangana,2025-05-07 00:23:00,ACTIVE,333.0
MCH3715,BANSAL INC,5942.0,BOOKS & STATIONERY,INDIVIDUAL,Lucknow,Uttar Pradesh,2024-11-27 00:00:00,SUSPENDED,2025.81
MCH3718,"S0m, Barman and Bhavsar",5411.0,GROCERY,SOLE_PROPRIETOR,Pune,Maharashtra,,ACTIVE,312.19
MCH3720,"Bedi, Sanghvi and Balakrishnan",5411.0,GROCERY,INDIVIDUAL,New Delhi,Delhi,2024-04-14 08:30:13,ACTIVE,610.0
MCH3722,"BEN, DHINGRA AND GARDE",5942.0,BOOKS & STATIONERY,PRIVATE_LIMITED,Delhi,Delhi,2025-01-28 00:00:00,INACTIVE,163.22
MCH3723,wagle-dugar,5411.0,GROCERY,INDIVIDUAL,Bengaluru,Karnataka,2023-05-31 00:00:00,ACTIVE,1906.51
MCH3725,Balan Inc,5912.0,PHARMACY,SOLE_PROPRIETOR,Kolkata,West Bengal,2024-04-10 18:42:00,ACTIVE,2579.6
MCH3726,Varughese PLC,4814.0,TELECOM,INDIVIDUAL,Lucknow,Uttar Pradesh,2024-11-13 08:40:19,ACTIVE,3572.06
MCH3732,"Bhat, Sarin and Wag1e",,HOTEL & LODGING,SOLE_PROPRIETOR,Lucknow,Uttar Pradesh,2025-06-23 19:32:43,ACTIVE,604.0
MCH3733,Ramakrishnan-Chaudhuri,7011.0,HOTEL & LODGING,SOLE_PROPRIETOR,Amritsar,Punjab,2025-03-15 00:00:00,ACTIVE,1213.25
MCH3736,Goyal-Thakur,5411.0,GROCERY,INDIVIDUAL,Bangalore,Karnataka,2023-12-08 00:00:00,ACTIVE,1865.39
MCH3737,Raval-Kurian,5812.0,FOOD & DINING,INDIVIDUAL,Mumbai,Maharashtra,2026-01-23 00:00:00,ACTIVE,-352.99
MCH3739,Murty Ltd,5311.0,DEPARTMENT STORE,PRIVATE_LIMITED,Chennai,Tamil Nadu,2025-09-15 00:00:00,ACTIVE,571.15
MCH3742,"Mall, Sarma and Merchant",5999.0,OTHER,PARTNERSHIP,Jalandhar,Punjab,2025-06-19 08:34:00,ACTIVE,330.87
MCH3743,doctor ltd,591.0,PHARMACY,SOLE_PROPRIETOR,Hyderabad,Telangana,2023-01-16 20:06:00,ACTIVE,12417.3
MCH3748,Bedi-Cherian,5311.0,RETAIL,INDIVIDUAL,Mumbay,Maharashtra,2025-03-19 00:00:00,SUSPENDED,1343.58
MCH3753,vohra-din,5699.0,CLOTHING,PRIVATE_LIMITED,Kolkata,West Bengal,2025-03-30 00:00:00,ACTIVE,754.9
MCH3754,Dugal-Chawla,5812.0,FOOD & DINING,PARTNERSHIP,Kolkata,West Bengal,2025-01-18 00:00:00,ACTIVE,-581.93
MCH3755,Hayer and Sons,5812.0,FOOD & DINING,PRIVATE_LIMITED,Pune,Maharashtra,2025-08-02 17:59:03,ACTIVE,1098.64
MCH3757,Chokshi PLC,481.0,TELECOM,PRIVATE_LIMITED,Jaipur,Rajasthan,2025-10-23 10:04:00,ACTIVE,2492.69
MCH3758,  Dube Ltd  ,5999.0,MISC RETAIL,SOLE_PROPRIETOR,Delhi,Delhi,2023-09-10 22:18:52,ACTIVE,1607.42
MCH3760,Das-Ahuja,5812.0,EATING PLACE,SOLE_PROPRIETOR,Lucknow,Uttar Pradesh,2023-01-13 00:00:00,ACTIVE,755.0
MCH3761,"Bal,MittalandPrabhakar",5999.0,OTHER,PRIVATE_LIMITED,Pune,Maharashtra,2025-06-11 00:00:00,ACTIVE,6900.33
MCH3764,Tandon and Sons,5912.0,PHARMACY,PARTNERSHIP,Mumbai,Maharashtra,2025-12-30 00:00:00,ACTIVE,3428.0
MCH3765,Mohanty LLC,5311.0,DEPARTMENT STORE,PARTNERSHIP,Hyderabad,Telangana,2023-06-20 05:11:20,ACTIVE,1911.75
MCH3771,Bumb Inc,5999.0,RETAIL OTHER,PARTNERSHIP,Lucknow,Uttar Pradesh,2024-11-06 00:00:00,ACTIVE,2602.75
MCH3776,"Kapadia, Sathe and Shenoy",5311.0,DEPARTMENT STORE,PARTNERSHIP,Delhi,Delhi,,ACTIVE,1854.99
MCH3778,"Bhagat, Sama and Murthy",,TELECOM,INDIVIDUAL,Amritsar,Punjab,2026-01-18 00:00:00,INACTIVE,2790.66
MCH3779,aggarwal-hans,531.0,DEPARTMENT STORES,PRIVATE_LIMITED,Kolkata,West Bengal,2024-12-04 08:30:32,ACTIVE,-1502.01
MCH3780,HEGDE GROUP,5311.0,DEPARTMENT STORE,PRIVATE_LIMITED,Lucknow,Uttar Pradesh,2026-02-27 20:38:00,SUSPENDED,315.62
MCH3786,Ratta-Bhasin,599.0,MISC RETAIL,PARTNERSHIP,Bengaluru,Karnataka,2023-08-22 00:00:00,ACTIVE,1037.97
MCH3787,"Boase, Mand and Khatri",5411.0,GROCERY,PARTNERSHIP,Pune,Maharashtra,2025-03-21 00:49:00,ACTIVE,1436.68
MCH3788,BHARGAVA AND SONS,4131.0,TRANSPORT & TRAVEL,PARTNERSHIP,Bengaluru,Karnataka,2025-12-18 00:00:00,ACTIVE,2495.65
MCH3793,"Sankar, Parsa and Shere",7011.0,HOTEL & LODGING,SOLE_PROPRIETOR,Ludhiana,Punjab,2025-03-30 00:00:00,ACTIVE,6906.85
MCH3795,Sinha-Ramesh,4814.0,TELECOM,PARTNERSHIP,Hyderabad,Telangana,2024-06-19 00:00:00,ACTIVE,1083.1
MCH3796,Mani-Saha,,FOOD & DINING,INDIVIDUAL,Chennai,Tamil Nadu,2023-08-06 00:00:00,ACTIVE,860.72
MCH3797,"Dhaliwal, Parekh and Dey",7011.0,HOTEL & LODGING,PARTNERSHIP,Jalandhar,Punjab,2024-11-02 00:00:00,SUSPENDED,
MCH3801,"Arya, Sachar and Khanna",5912.0,PHARMACY,PARTNERSHIP,Blr,Karnataka,2024-01-03 13:59:47,SUSPENDED,639.86
MCH3803,"  Tara, Wali and Sachdev  ",5942.0,BOOK STORE,INDIVIDUAL,Lucknow,Uttar Pradesh,2025-10-14 23:06:00,ACTIVE,2461.72
MCH3804,"Pingle, Choudhry and Sastry",594.0,BOOKS & STATIONERY,SOLE_PROPRIETOR,Delhi,Delhi,2025-10-13 00:00:00,ACTIVE,729.5
MCH3805,Issac-Munshi,5999.0,MISC RETAIL,PRIVATE_LIMITED,Bengaluru,Karnataka,2023-02-19 00:00:00,ACTIVE,7651.0
MCH3806,ParmerLLC,5411.0,GROCERY,SOLE_PROPRIETOR,Jpr,Rajasthan,2024-11-04 00:00:00,ACTIVE,1939.0
MCH3810,Mallick-Lall,5411.0,GROCERY,PRIVATE_LIMITED,Lucknow,Uttar Pradesh,2025-07-12 00:00:00,SUSPENDED,630.92
MCH3811,"bhat, anand and bakshi",,HOTEL & LODGING,INDIVIDUAL,Bengaluru,Karnataka,,ACTIVE,563.14
MCH3817,Subramanian Group,5311.0,DEPARTMENT STORE,SOLE_PROPRIETOR,Ludhiana,Punjab,,ACTIVE,3916.72
MCH3818,Gopal-Khalsa,4814.0,TELECOM,PARTNERSHIP,Asr,Punjab,,ACTIVE,200.35
MCH3819,Butala-Patla,5999.0,MISC RETAIL,INDIVIDUAL,Delhi,Delhi,2023-04-08 00:00:00,ACTIVE,2466.12
MCH3820,Behl LLC,5311.0,DEPARTMENT STORES,PARTNERSHIP,Jalandhar,Punjab,2023-05-30 00:00:00,INACTIVE,983.06
MCH3822,Anne and Sons,5411.0,GROCERY,PRIVATE_LIMITED,Amritsar,Punjab,2026-01-21 20:10:57,ACTIVE,2115.91
MCH3824,Chand-Sarna,5812.0,FOOD & DINING,SOLE_PROPRIETOR,Kolkata,West Bengal,2025-08-24 00:00:00,ACTIVE,733.85
MCH3829,"Seshadri, Bansal and Ahluwalia",5311.0,DEPARTMENT STORE,SOLE_PROPRIETOR,Pune,Maharashtra,2024-09-20 00:00:00,INACTIVE,1296.0
MCH3835,"Pillai, Ratti and Chaudhuri",4814.0,TELECOM,PARTNERSHIP,Ludhiana,Punjab,2023-01-15 10:05:00,INACTIVE,6901.65
MCH3837,"Char, Naik and Sachdev",5999.0,OTHER,PRIVATE_LIMITED,New Delhi,Delhi,2026-01-25 00:00:00,ACTIVE,5233.0
MCH3841,"SANDHU, KHOSLA AND GUHA",5999.0,OTHER,PARTNERSHIP,Bangalore,Karnataka,2024-09-16 00:00:00,INACTIVE,2207.18
MCH3842,"Rao, Rajagopal and Ratti",4131.0,TRANSPORT & TRAVEL,PRIVATE_LIMITED,Jaipur,Rajasthan,2024-01-27 00:00:00,ACTIVE,444.1
MCH3845,Hora-Bath,4131.0,TRANSPORT & TRAVEL,INDIVIDUAL,Bengaluru,Karnataka,2024-08-16 14:46:25,ACTIVE,2098.39
MCH3846,  Khanna-Badal  ,5311.0,RETAIL,PRIVATE_LIMITED,Delhi,Delhi,2025-04-18 21:01:00,ACTIVE,3521.78
MCH3847,  Nair PLC  ,5311.0,RETAIL,SOLE_PROPRIETOR,Pune,Maharashtra,,ACTIVE,660.47
MCH3849,Das-Ratta,4814.0,TELECOM,INDIVIDUAL,Chennai,Tamil Nadu,2024-06-13 00:11:00,ACTIVE,4368.0
MCH3853,Bhat-Dutt,5411.0,GROCERY,SOLE_PROPRIETOR,Hyderabad,Telangana,2023-03-05 00:00:00,ACTIVE,
MCH3854,"Was0n, Chauhan and Gh0se",5812.0,FOOD & DINING,PRIVATE_LIMITED,Hyderabad,Telangana,2025-09-01 00:00:00,ACTIVE,528.0
MCH3856,"Pandit, Karnik and Kurian",5912.0,PHARMACY,INDIVIDUAL,Ludhiana,Punjab,2025-07-07 00:00:00,ACTIVE,755.4
MCH3859,"mall, bassi and seshadri",541.0,GROCERY,PARTNERSHIP,Mumbay,Maharashtra,,ACTIVE,610.0
MCH3860,sama group,5699.0,CLOTHING,SOLE_PROPRIETOR,Chennai,Tamil Nadu,2023-10-03 00:00:00,ACTIVE,448.66
MCH3869,HEGDE LTD,,DEPARTMENT STORE,PARTNERSHIP,Pune,Maharashtra,2026-01-28 22:35:06,ACTIVE,-342.59
MCH3872,Krish Group,5699.0,APPAREL,PARTNERSHIP,Asr,Punjab,2024-03-14 00:00:00,ACTIVE,3660.6
MCH3873,"DUGAL, THAKUR AND PURI",7011.0,HOTEL & LODGING,PRIVATE_LIMITED,Jalandhar,Punjab,2023-02-07 00:00:00,ACTIVE,1499.22
MCH3874,"Dora,DeshpandeandSeth",,TELECOM,PRIVATE_LIMITED,Jalandhar,Punjab,2024-05-18 00:12:00,ACTIVE,1119.69
MCH3875,natt ltd,5812.0,FOOD & DINING,PRIVATE_LIMITED,Jalandhar,Punjab,2025-07-04 00:00:00,ACTIVE,4372.03
MCH3880,Sankaran-M0dy,4131.0,TRANSPORT & TRAVEL,SOLE_PROPRIETOR,Hyderabad,Telangana,2026-02-26 18:34:00,ACTIVE,794.44
MCH3882,Kannan PLC,5912.0,PHARMACY,INDIVIDUAL,Pune,Maharashtra,2024-08-06 00:00:00,ACTIVE,1470.9
MCH3883,Vohra and Sons,7011.0,HOTEL & LODGING,INDIVIDUAL,Mumbai,Maharashtra,2023-11-17 00:00:00,ACTIVE,-2320.22
MCH3885,  Thakur Inc  ,4131.0,TRANSPORT & TRAVEL,PRIVATE_LIMITED,Chennai,Tamil Nadu,,ACTIVE,618.81
MCH3886,Gandhi Inc,5812.0,EATING PLACE,SOLE_PROPRIETOR,Kolkata,West Bengal,2025-12-18 00:00:00,ACTIVE,-3831.0
MCH3887,Pa11a-Sah0ta,7011.0,HOTEL & LODGING,PARTNERSHIP,Kolkata,West Bengal,2025-11-19 10:50:37,INACTIVE,1596.95
MCH3888,"Gandhi, Cherian and Chhabra",4814.0,TELECOM,PARTNERSHIP,Hyderabad,Telangana,2025-02-27 00:00:00,ACTIVE,-1400.8
MCH3889,upadhyay-chaudhry,4131.0,TRANSPORT & TRAVEL,INDIVIDUAL,Ludhiana,Punjab,2026-01-16 00:00:00,ACTIVE,
MCH3890,Tata-Bal,,PHARMACY,INDIVIDUAL,Pune,Maharashtra,2026-02-22 00:00:00,ACTIVE,668.0
MCH3893,Dhingra-Chaudhuri,5912.0,PHARMACY,SOLE_PROPRIETOR,Chennai,Tamil Nadu,2025-08-03 00:00:00,ACTIVE,2445.5
MCH3895,Wable-Sarna,,HOTEL & LODGING,PRIVATE_LIMITED,Jaipur,Rajasthan,2024-06-20 00:00:00,INACTIVE,797.39
MCH3896,"  Bansal, Thakkar and Dar  ",5942.0,BOOKS & STATIONERY,SOLE_PROPRIETOR,Bangalore,Karnataka,2023-04-20 00:00:00,ACTIVE,
MCH3898,Wadhwa-Sahni,5699.0,APPAREL,PRIVATE_LIMITED,Ludhiana,Punjab,2025-08-05 00:00:00,ACTIVE,
MCH3899,  Goswami-Bath  ,4131.0,TRANSPORT & TRAVEL,SOLE_PROPRIETOR,Hyderabad,Telangana,2023-01-14 00:00:00,ACTIVE,-1271.48
MCH3900,Mand-Bedi,5812.0,EATING PLACE,PRIVATE_LIMITED,Kolkata,West Bengal,2025-02-20 00:00:00,ACTIVE,1036.74
MCH3903,"KHARE, BALASUBRAMANIAN AND MITAL",594.0,BOOKS & STATIONERY,SOLE_PROPRIETOR,Jaipur,Rajasthan,2024-08-25 14:04:47,ACTIVE,3531.21
MCH3907,"Goswami, Chaudhary and Nanda",4814.0,TELECOM,INDIVIDUAL,Ludhiana,Punjab,2025-06-13 00:00:00,ACTIVE,552.22
MCH3908,Kanda LLC,5999.0,RETAIL OTHER,SOLE_PROPRIETOR,Pune,Maharashtra,2024-07-05 00:00:00,ACTIVE,-7690.26
MCH3911,"  Majumdar, Sane and Raval  ",5812.0,FOOD & DINING,SOLE_PROPRIETOR,Pune,Maharashtra,2025-09-05 21:26:37,SUSPENDED,2093.32
MCH3913,Tank-Pathak,5311.0,DEPARTMENT STORES,INDIVIDUAL,Jalandhar,Punjab,,ACTIVE,2215.86
MCH3916,"Parmer, Chakrabarti and Sibal",413.0,TRANSPORT & TRAVEL,INDIVIDUAL,Jaipur,Rajasthan,2025-01-03 00:00:00,ACTIVE,794.0
MCH3917,CHOWDHURY-PANDIT,,APPAREL,PRIVATE_LIMITED,Hyderabad,Telangana,2023-04-02 00:00:00,ACTIVE,-445.99
MCH3920,SharmaLLC,,BOOK STORE,PRIVATE_LIMITED,Lucknow,Uttar Pradesh,2024-06-23 21:51:00,SUSPENDED,1885.7
MCH3925,Buch-Zachariah,5999.0,OTHER,PARTNERSHIP,Amritsar,Punjab,2025-01-03 20:26:00,ACTIVE,-2071.12
MCH3926,Master-Sarin,5999.0,MISC RETAIL,INDIVIDUAL,Hyderabad,Telangana,2025-08-05 00:00:00,ACTIVE,1913.5
MCH3927,Basak-Shukla,481.0,TELECOM,PRIVATE_LIMITED,Jalandhar,Punjab,2023-03-18 00:00:00,INACTIVE,980.64
MCH3930,Kashyap-Rastogi,5699.0,APPAREL,INDIVIDUAL,Lucknow,Uttar Pradesh,,ACTIVE,510.04
MCH3935,Natarajan-Karnik,4814.0,TELECOM,SOLE_PROPRIETOR,Delhi,Delhi,2025-04-23 00:23:30,ACTIVE,461.4
MCH3936,Bath Inc,5411.0,GROCERY,INDIVIDUAL,Lucknow,Uttar Pradesh,2023-06-13 00:00:00,ACTIVE,879.38
MCH3938,Acharya Group,7011.0,HOTEL & LODGING,SOLE_PROPRIETOR,Kolkata,West Bengal,2024-10-17 00:00:00,ACTIVE,2349.37
MCH3940,Chad-Dara,,GROCERY,PARTNERSHIP,Chennai,Tamil Nadu,2024-09-11 00:00:00,ACTIVE,-3610.64
MCH3941,Bassi-Deshmukh,4814.0,TELECOM,INDIVIDUAL,Amritsar,Punjab,2025-10-25 00:00:00,ACTIVE,979.98
MCH3945,Mukhopadhyay-Raghavan,4131.0,TRANSPORT & TRAVEL,SOLE_PROPRIETOR,Mumbai,Maharashtra,2023-03-05 00:00:00,ACTIVE,942.71
MCH3946,Dhar-Buch,5812.0,FOOD & DINING,PARTNERSHIP,Delhi,Delhi,2025-07-02 06:28:57,ACTIVE,1451.62
MCH3953,"Ray, Minhas and Yohannan",5411.0,GROCERY STORES,SOLE_PROPRIETOR,Kolkata,West Bengal,2023-03-18 00:00:00,ACTIVE,8126.93
MCH3955,"Swamy, Dhingra and Sheth",5311.0,DEPARTMENT STORES,INDIVIDUAL,Chennai,Tamil Nadu,2024-11-25 00:00:00,SUSPENDED,508.0
MCH3956,Kota Ltd,5311.0,DEPARTMENT STORE,PRIVATE_LIMITED,Hyderabad,Telangana,2023-11-14 00:00:00,ACTIVE,656.81
MCH3959,"Kant, Goel and Pradhan",5999.0,OTHER,INDIVIDUAL,Hyderabad,Telangana,2025-03-19 00:00:00,ACTIVE,1214.73
MCH3964,"Bala, Chanda and Loyal",5942.0,BOOKS & STATIONERY,PARTNERSHIP,Jpr,Rajasthan,2023-09-05 00:00:00,ACTIVE,2002.33
MCH3966,NATH-DIXIT,541.0,GROCERY,PARTNERSHIP,Pune,Maharashtra,2023-08-21 00:00:00,ACTIVE,1005.47
MCH3968,"Peri, Sane and Mohanty",5812.0,EATING PLACE,INDIVIDUAL,Mumbai,Maharashtra,2024-10-06 04:21:00,ACTIVE,1174.15
MCH3970,"Chawla, Sami and Mani",5942.0,BOOKS & STATIONERY,SOLE_PROPRIETOR,Pune,Maharashtra,2023-04-25 00:00:00,ACTIVE,2506.67
MCH3971,Sura PLC,7011.0,HOTEL & LODGING,INDIVIDUAL,Dilli,Delhi,2024-04-17 13:25:57,ACTIVE,748.82
MCH3974,"Mishra, Baral and Char",5942.0,BOOK STORE,SOLE_PROPRIETOR,Chennai,Tamil Nadu,2026-02-22 00:00:00,SUSPENDED,2017.65
MCH3980,Chadha-Raval,5699.0,APPAREL,PARTNERSHIP,Bengaluru,Karnataka,2023-04-14 00:00:00,ACTIVE,1323.06
MCH3983,"Magar, Tara and Gera",5912.0,PHARMACY,SOLE_PROPRIETOR,Amritsar,Punjab,2024-12-15 02:44:24,ACTIVE,511.0
MCH3984,"wadhwa, sunder and bobal",7011.0,HOTEL & LODGING,PRIVATE_LIMITED,Chennai,Tamil Nadu,2023-10-08 16:06:00,ACTIVE,1305.55
MCH3987,Pandya Inc,,PHARMACY,PARTNERSHIP,Amritsar,Punjab,2025-10-14 00:00:00,ACTIVE,
MCH3988,Barad-Bawa,7011.0,HOTEL & LODGING,INDIVIDUAL,Amritsar,Punjab,2023-11-20 00:00:00,ACTIVE,602.31
MCH3989,Madan LLC,5411.0,GROCERY STORES,PARTNERSHIP,Jaipur,Rajasthan,2023-09-18 07:54:00,ACTIVE,238.33
MCH3990,Dey-Chaudhari,5912.0,PHARMACY,INDIVIDUAL,Chennai,Tamil Nadu,2025-03-14 00:00:00,ACTIVE,-1780.37
MCH3993,VAIDYA LTD,5999.0,OTHER,PARTNERSHIP,Chennai,Tamil Nadu,2023-12-23 03:28:00,ACTIVE,372.73
MCH3997,Bhatia Inc,481.0,TELECOM,PARTNERSHIP,Kolkata,West Bengal,2025-01-19 14:57:11,INACTIVE,-702.23
MCH3998,"krish, tak and peri",4814.0,TELECOM,PARTNERSHIP,Ludhiana,Punjab,2023-08-16 00:00:00,ACTIVE,1019.25
MCH4000,"Dewan, Sunder and Bhakta",5411.0,GROCERY,PRIVATE_LIMITED,Kolkata,West Bengal,2023-06-25 20:40:27,ACTIVE,-3205.97
MCH4002,"Bora, Kant and Chauhan",5411.0,GROCERY,INDIVIDUAL,Bengaluru,Karnataka,2023-06-16 12:46:40,ACTIVE,
MCH4006,Thakur-Narayan,5411.0,GROCERY,PRIVATE_LIMITED,Amritsar,Punjab,2024-06-23 00:00:00,INACTIVE,282.17
MCH4008,"deep, rajagopal and tandon",,TELECOM,PRIVATE_LIMITED,Hyderabad,Telangana,2024-06-02 00:03:04,ACTIVE,1196.0
MCH4009,Deo PLC,481.0,TELECOM,SOLE_PROPRIETOR,Kolkata,West Bengal,2025-10-10 23:14:50,ACTIVE,1937.0
MCH4010,"  Barad, Mukherjee and Joshi  ",541.0,GROCERY,SOLE_PROPRIETOR,Asr,Punjab,2024-01-28 00:00:00,ACTIVE,992.35
MCH4021,"BALAKRISHNAN, MISTRY AND VIG",5912.0,PHARMACY,INDIVIDUAL,Hyderabad,Telangana,2025-12-04 00:00:00,ACTIVE,1395.91
MCH4022,Varughese-Taneja,5699.0,APPAREL,INDIVIDUAL,Bangalore,Karnataka,2025-12-12 06:48:08,SUSPENDED,724.48
MCH4023,"Dhaliwal, Dugar and Vasa",5942.0,BOOKS & STATIONERY,PARTNERSHIP,Chennai,Tamil Nadu,2023-01-02 00:00:00,ACTIVE,-2123.31
MCH4024,Choudhury Ltd,5999.0,MISC RETAIL,INDIVIDUAL,Ludhiana,Punjab,2025-03-28 00:00:00,ACTIVE,-2449.8
MCH4025,  Hegde-Sule  ,5311.0,RETAIL,INDIVIDUAL,Hyderabad,Telangana,,INACTIVE,1108.29
MCH4026,NAGY LTD,5812.0,FOOD & DINING,PRIVATE_LIMITED,Kolkata,West Bengal,,ACTIVE,1027.0
MCH4027,"Hegde, Ratti and Gera",5411.0,GROCERY,PRIVATE_LIMITED,Hyderabad,Telangana,2025-02-08 00:00:00,ACTIVE,-659.89
MCH4028,TANEJA-BHATTACHARYYA,4131.0,TRANSPORT & TRAVEL,PARTNERSHIP,Lucknow,Uttar Pradesh,2023-07-14 00:00:00,ACTIVE,2673.0
MCH4029,Kuruvilla and Sons,5411.0,GROCERY STORES,PRIVATE_LIMITED,Pune,Maharashtra,,ACTIVE,55.43
MCH4030,Nayar PLC,,BOOKS & STATIONERY,PRIVATE_LIMITED,Asr,Punjab,2023-02-08 19:27:00,ACTIVE,1079.32
MCH4031,"Mitra, Bali and Rai",594.0,BOOKS & STATIONERY,PRIVATE_LIMITED,Lucknow,Uttar Pradesh,2026-12-01 00:00:00,ACTIVE,9089.26
MCH4033,Kota PLC,5699.0,APPAREL,INDIVIDUAL,Ludhiana,Punjab,2025-02-23 00:33:29,ACTIVE,-1305.4
MCH4034,Tiwari-Lad,5999.0,OTHER,INDIVIDUAL,Ludhiana,Punjab,2023-12-13 00:00:00,SUSPENDED,2041.77
MCH4037,chaudhuri llc,5311.0,DEPARTMENT STORE,INDIVIDUAL,Hyderabad,Telangana,2024-11-23 00:00:00,ACTIVE,-2168.76
MCH4040,"Bahri, Solanki and Magar",5311.0,DEPARTMENT STORES,PRIVATE_LIMITED,Chennai,Tamil Nadu,2025-01-28 03:48:23,ACTIVE,1173.0
MCH4041,Salvi-Mishra,5812.0,FOOD & DINING,SOLE_PROPRIETOR,Asr,Punjab,,INACTIVE,1291.58
MCH4042,ROUT-MAHARAJ,599.0,OTHER,PARTNERSHIP,Amritsar,Punjab,2024-01-12 06:50:00,ACTIVE,696.23
MCH4043,choudhry and sons,5912.0,PHARMACY,PRIVATE_LIMITED,Bangalore,Karnataka,2024-02-05 18:00:28,ACTIVE,367.6
MCH4047,KAUL-BARAD,5311.0,DEPARTMENT STORE,SOLE_PROPRIETOR,Mumbay,Maharashtra,2025-05-13 00:00:00,ACTIVE,986.5
MCH4048,"Lall, Kara and Uppal",581.0,FOOD & DINING,PARTNERSHIP,Jalandhar,Punjab,2024-06-14 00:00:00,INACTIVE,1748.0
MCH4050,"ARYA, DYAL AND AURORA",5411.0,GROCERY,PARTNERSHIP,Kolkata,West Bengal,2026-01-23 02:54:00,ACTIVE,980.29
MCH4051,Sharma-Viswanathan,4131.0,TRANSPORT & TRAVEL,INDIVIDUAL,Delhi,Delhi,2025-02-23 00:00:00,ACTIVE,1135.12
MCH4052,Bal-Choudhary,5812.0,FOOD & DINING,PARTNERSHIP,Jalandhar,Punjab,,ACTIVE,2217.99
MCH4055,rai plc,5812.0,FOOD & DINING,PRIVATE_LIMITED,Ludhiana,Punjab,2023-08-12 00:00:00,ACTIVE,283.42
MCH4061,Mody-Vig,5999.0,OTHER,INDIVIDUAL,Amritsar,Punjab,2024-07-28 06:12:20,ACTIVE,2007.74
MCH4062,Rana Group,5999.0,RETAIL OTHER,INDIVIDUAL,Mumbay,Maharashtra,2023-09-20 00:00:00,INACTIVE,1544.23
MCH4064,"Sidhu, Kunda and Hayre",7011.0,HOTEL & LODGING,INDIVIDUAL,Pune,Maharashtra,2025-05-02 00:00:00,ACTIVE,1462.39
MCH4066,Swaminathan and Sons,5311.0,DEPARTMENT STORE,PARTNERSHIP,Hyderabad,Telangana,2025-05-24 14:56:00,ACTIVE,972.63
MCH4068,Balakrishnan Inc,4814.0,TELECOM,INDIVIDUAL,Jalandhar,Punjab,2024-11-23 00:00:00,ACTIVE,1322.89
MCH4072,Singhal-Natarajan,5812.0,FOOD & DINING,SOLE_PROPRIETOR,Chennai,Tamil Nadu,,ACTIVE,2593.54
MCH4073,Gopal PLC,581.0,FOOD & DINING,INDIVIDUAL,Jaipur,Rajasthan,2024-12-27 20:52:16,ACTIVE,
MCH4075,  Sankar-Mandal  ,5812.0,EATING PLACE,PARTNERSHIP,Ludhiana,Punjab,,ACTIVE,1056.32
MCH4077,Din LLC,4131.0,TRANSPORT & TRAVEL,SOLE_PROPRIETOR,Jaipur,Rajasthan,2024-09-21 00:00:00,ACTIVE,640.73
MCH4080,Shenoy-Kashyap,4814.0,TELECOM,PRIVATE_LIMITED,Jaipur,Rajasthan,2025-10-04 03:56:06,ACTIVE,2043.03
MCH4081,Srinivasan-Bahri,4814.0,TELECOM,SOLE_PROPRIETOR,Delhi,Delhi,2025-06-07 00:00:00,ACTIVE,2928.84
MCH4082,Khurana Inc,5999.0,OTHER,PRIVATE_LIMITED,Delhi,Delhi,2023-06-02 00:00:00,INACTIVE,288.7
MCH4083,"  Loyal, Dara and Sharaf  ",4814.0,TELECOM,INDIVIDUAL,Chennai,Tamil Nadu,2024-02-15 01:01:36,ACTIVE,1752.1
MCH4084,Mitra PLC,5311.0,DEPARTMENT STORES,INDIVIDUAL,Jalandhar,Punjab,2023-12-15 00:00:00,ACTIVE,973.94
MCH4086,"Kannan, Varghese and Lalla",5311.0,RETAIL,PRIVATE_LIMITED,Mumbai,Maharashtra,2024-12-08 00:00:00,ACTIVE,1459.96
MCH4087,"basak, lal and tailor",4814.0,TELECOM,PRIVATE_LIMITED,Pune,Maharashtra,2025-03-10 00:37:00,ACTIVE,298.11
MCH4089,Mistry and Sons,5411.0,GROCERY,SOLE_PROPRIETOR,Mumbai,Maharashtra,2024-07-20 00:00:00,ACTIVE,1563.22
MCH4090,MittalLLC,4131.0,TRANSPORT & TRAVEL,INDIVIDUAL,Dilli,Delhi,2025-03-02 19:44:00,ACTIVE,
MCH4092,Mukhopadhyay Group,5812.0,FOOD & DINING,PRIVATE_LIMITED,Hyderabad,Telangana,2025-12-24 00:00:00,ACTIVE,504.84
MCH4093,  Krishnamurthy PLC  ,7011.0,HOTEL & LODGING,PRIVATE_LIMITED,Lucknow,Uttar Pradesh,2024-03-15 00:00:00,INACTIVE,1291.9
MCH4094,Thakur-Shah,531.0,DEPARTMENT STORE,INDIVIDUAL,Chennai,Tamil Nadu,2024-12-25 00:00:00,ACTIVE,1848.8
MCH4096,"Bhat, Kapoor and Borah",5999.0,MISC RETAIL,PRIVATE_LIMITED,Hyderabad,Telangana,2024-11-27 00:00:00,ACTIVE,2092.25
MCH4097,Venkataraman PLC,5912.0,PHARMACY,SOLE_PROPRIETOR,Bangalore,Karnataka,2025-05-25 04:58:00,ACTIVE,405.21
MCH4099,"Dewan, Rastogi and Jayaraman",,RETAIL,INDIVIDUAL,Ludhiana,Punjab,2025-08-06 12:15:48,ACTIVE,1926.0
MCH4100,RAJA-VASA,7011.0,HOTEL & LODGING,SOLE_PROPRIETOR,Jalandhar,Punjab,2025-06-28 00:00:00,ACTIVE,479.15
MCH4101,"Sani, Ben and Subramaniam",5311.0,DEPARTMENT STORES,PRIVATE_LIMITED,Pune,Maharashtra,2025-10-20 20:35:21,ACTIVE,1377.51
MCH4102,Dass LLC,5912.0,PHARMACY,PARTNERSHIP,Kolkata,West Bengal,2026-02-19 00:00:00,ACTIVE,375.32
MCH4104,"Som, Rege and Thaker",,HOTEL & LODGING,INDIVIDUAL,Blr,Karnataka,2024-07-21 00:00:00,ACTIVE,
MCH4106,Dey and Sons,5411.0,GROCERY,PRIVATE_LIMITED,Hyderabad,Telangana,2026-01-31 00:00:00,ACTIVE,4216.77
MCH4107,Pandey-Sastry,5699.0,APPAREL,SOLE_PROPRIETOR,Jalandhar,Punjab,2025-09-30 00:00:00,INACTIVE,319.0
MCH4109,"Lal, Handa and Mammen",5942.0,BOOKS & STATIONERY,INDIVIDUAL,Kolkata,West Bengal,2024-01-07 21:55:00,ACTIVE,1181.07
MCH4110,Suresh-Bassi,5942.0,BOOKS & STATIONERY,INDIVIDUAL,Mumbai,Maharashtra,2024-09-18 08:58:00,INACTIVE,1527.43
MCH4111,Brahmbhatt LLC,5999.0,OTHER,PARTNERSHIP,Lucknow,Uttar Pradesh,,SUSPENDED,682.69
MCH4112,Sodhi-Desai,,DEPARTMENT STORE,SOLE_PROPRIETOR,Hyderabad,Telangana,2023-06-06 00:00:00,INACTIVE,3193.0
MCH4113,"Anand,ChoudharyandContractor",5912.0,PHARMACY,INDIVIDUAL,Chennai,Tamil Nadu,2023-07-09 00:00:00,ACTIVE,-418.15
MCH4114,"Pandya, Jayaraman and Ray",4814.0,TELECOM,SOLE_PROPRIETOR,Hyderabad,Telangana,2025-01-15 00:00:00,INACTIVE,436.15
MCH4115,"Bandi, Rau and Hayre",4131.0,TRANSPORT & TRAVEL,SOLE_PROPRIETOR,Jaipur,Rajasthan,2025-05-03 00:00:00,SUSPENDED,748.37
MCH4118,Upadhyay LLC,4131.0,TRANSPORT & TRAVEL,PRIVATE_LIMITED,Kolkata,West Bengal,2024-03-16 00:00:00,ACTIVE,
MCH4122,"Lata, Magar and Savant",5999.0,RETAIL OTHER,PARTNERSHIP,Blr,Karnataka,2025-12-03 23:29:42,ACTIVE,3699.77
MCH4123,"Parekh, Patla and Kar",5942.0,BOOK STORE,PARTNERSHIP,Jalandhar,Punjab,2024-11-09 00:00:00,ACTIVE,2764.76
MCH4124,"Dara, Salvi and Sawhney",5411.0,GROCERY,SOLE_PROPRIETOR,Bengaluru,Karnataka,2025-10-12 00:00:00,ACTIVE,2121.35
MCH4126,"WALI, MAHAL AND PRABHU",4131.0,TRANSPORT & TRAVEL,INDIVIDUAL,Hyderabad,Telangana,2023-09-12 15:51:00,ACTIVE,1593.0
MCH4127,Subramaniam-Jhaveri,4131.0,TRANSPORT & TRAVEL,SOLE_PROPRIETOR,Jpr,Rajasthan,2024-05-22 00:00:00,SUSPENDED,5333.88
MCH4129,"Lad, Raja and Sachdev",7011.0,HOTEL & LODGING,PARTNERSHIP,Mumbai,Maharashtra,2023-11-09 00:00:00,ACTIVE,954.07
MCH4131,"Goyal, Krishnamurthy and Dewan",4131.0,TRANSPORT & TRAVEL,INDIVIDUAL,Jaipur,Rajasthan,2023-10-24 14:15:00,INACTIVE,319.32
MCH4133,Buch-Hayre,5912.0,PHARMACY,PARTNERSHIP,Kolkata,West Bengal,2024-02-16 00:00:00,SUSPENDED,-1903.02
MCH4135,sunder ltd,5411.0,GROCERY,PARTNERSHIP,Ludhiana,Punjab,2025-01-28 00:00:00,ACTIVE,6745.05
MCH4136,SEHGAL PLC,5699.0,APPAREL,PARTNERSHIP,Mumbai,Maharashtra,2024-07-30 00:00:00,ACTIVE,2564.97
MCH4141,Sarkar and Sons,4814.0,TELECOM,PARTNERSHIP,Bangalore,Karnataka,2023-10-06 00:00:00,ACTIVE,1485.34
MCH4145,"Dalal, Dass and Vaidya",5942.0,BOOK STORE,SOLE_PROPRIETOR,Pune,Maharashtra,2025-09-16 00:00:00,SUSPENDED,-1294.48
MCH4148,"Muni, Chaudhari and De",5999.0,OTHER,PRIVATE_LIMITED,Kolkata,West Bengal,2024-12-20 00:00:00,INACTIVE,2139.38
MCH4153,Shroff Ltd,5999.0,RETAIL OTHER,SOLE_PROPRIETOR,Kolkata,West Bengal,2025-11-07 00:00:00,ACTIVE,3578.7
MCH4157,Minhas-Saran,4814.0,TELECOM,PARTNERSHIP,Mumbai,Maharashtra,2025-11-02 00:00:00,ACTIVE,-2413.97
MCH4158,SASTRY INC,,BOOKS & STATIONERY,PARTNERSHIP,Delhi,Delhi,2024-08-15 00:00:00,INACTIVE,480.93
MCH4163,Rajag0pa1an-Hans,5812.0,FOOD & DINING,SOLE_PROPRIETOR,Pune,Maharashtra,2023-06-29 15:13:09,ACTIVE,
MCH4164,Iyengar LLC,599.0,MISC RETAIL,SOLE_PROPRIETOR,Jaipur,Rajasthan,,ACTIVE,440.0
MCH4165,"Dhar,PallaandKorpal",4814.0,TELECOM,PRIVATE_LIMITED,Pune,Maharashtra,2024-05-29 00:00:00,SUSPENDED,
MCH4167,"Thakur, Purohit and Gade",531.0,RETAIL,INDIVIDUAL,Lucknow,Uttar Pradesh,2024-06-08 00:00:00,ACTIVE,642.28
MCH4168,"Chad, Dyal and Golla",5999.0,RETAIL OTHER,PARTNERSHIP,Pune,Maharashtra,2023-06-10 10:22:54,ACTIVE,1194.41
MCH4169,"  Vaidya, Vasa and Palan  ",4814.0,TELECOM,INDIVIDUAL,Hyderabad,Telangana,2024-11-15 00:00:00,ACTIVE,1965.48
MCH4170,Bassi Group,5999.0,MISC RETAIL,SOLE_PROPRIETOR,Ludhiana,Punjab,2024-10-13 06:13:37,ACTIVE,591.58
MCH4172,"khosla, tak and mahajan",5912.0,PHARMACY,PARTNERSHIP,Kolkata,West Bengal,2024-03-23 00:00:00,ACTIVE,1964.28
MCH4176,Sani-Bhalla,,HOTEL & LODGING,INDIVIDUAL,Delhi,Delhi,2024-07-22 00:00:00,ACTIVE,1216.13
MCH4179,"Choudhry, Bera and Pandit",5699.0,APPAREL,PARTNERSHIP,Kolkata,West Bengal,2025-08-14 04:33:40,ACTIVE,1930.08
MCH4180,"Iyer, Saha and Kumar",7011.0,HOTEL & LODGING,PARTNERSHIP,Lucknow,Uttar Pradesh,2025-04-16 00:00:00,ACTIVE,3864.5
MCH4182,"More, Sarma and Baria",4814.0,TELECOM,INDIVIDUAL,Mumbai,Maharashtra,2026-01-01 00:00:00,ACTIVE,4102.61
MCH4184,SACHDEVA-KARA,5812.0,FOOD & DINING,PARTNERSHIP,Jaipur,Rajasthan,2025-02-02 04:25:00,ACTIVE,704.96
MCH4185,Khanna and S0ns,5942.0,BOOK STORE,PRIVATE_LIMITED,Pune,Maharashtra,2025-12-24 00:00:00,ACTIVE,1148.06
MCH4187,"Tella, Hayre and Patla",5812.0,EATING PLACE,SOLE_PROPRIETOR,Jaipur,Rajasthan,2023-09-08 00:00:00,SUSPENDED,2332.84
MCH4191,"Mangal, Seshadri and Kakar",5699.0,APPAREL,PRIVATE_LIMITED,Pune,Maharashtra,2024-01-26 00:00:00,ACTIVE,1192.21
MCH4194,Hegde-Chahal,,PHARMACY,SOLE_PROPRIETOR,Asr,Punjab,2025-11-15 00:00:00,INACTIVE,
MCH4197,Chaudry Group,5912.0,PHARMACY,PRIVATE_LIMITED,Pune,Maharashtra,,ACTIVE,4814.44
MCH4200,"Sood, Kurian and Raghavan",5699.0,APPAREL,INDIVIDUAL,Jaipur,Rajasthan,2024-08-18 00:00:00,ACTIVE,2010.35
MCH4205,Behl-Narula,531.0,DEPARTMENT STORE,SOLE_PROPRIETOR,Kolkata,West Bengal,2023-11-27 20:51:25,ACTIVE,4442.0
MCH4208,devi-mangal,5942.0,BOOK STORE,SOLE_PROPRIETOR,Ludhiana,Punjab,2025-08-27 16:16:44,ACTIVE,1564.41
MCH4209,Bahri-Kari,4131.0,TRANSPORT & TRAVEL,INDIVIDUAL,Jpr,Rajasthan,2025-12-29 00:00:00,ACTIVE,1717.86
MCH4211,Amb1e-Saha,,GROCERY,SOLE_PROPRIETOR,Dilli,Delhi,2023-06-27 00:00:00,ACTIVE,525.0
MCH4212,Raman-Kohli,5411.0,GROCERY STORES,PARTNERSHIP,Ludhiana,Punjab,2024-10-27 10:39:27,ACTIVE,3361.0
MCH4214,"Mitra, Oak and Keer",5699.0,APPAREL,INDIVIDUAL,Bangalore,Karnataka,2024-12-02 00:00:00,ACTIVE,1159.46
MCH4216,Ratta and Sons,5942.0,BOOKS & STATIONERY,PARTNERSHIP,Jalandhar,Punjab,2023-10-07 00:00:00,ACTIVE,1337.5
MCH4218,Srivastava Ltd,594.0,BOOK STORE,SOLE_PROPRIETOR,Mumbai,Maharashtra,2023-11-20 00:00:00,ACTIVE,1744.69
MCH4220,GOPAL-DARA,569.0,APPAREL,INDIVIDUAL,Bengaluru,Karnataka,2025-10-02 13:08:23,ACTIVE,532.47
MCH4221,"Rastogi, Goda and Naidu",5999.0,RETAIL OTHER,INDIVIDUAL,Jalandhar,Punjab,,ACTIVE,745.75
MCH4223,"Bajwa, Khurana and Sinha",,RETAIL,SOLE_PROPRIETOR,Bengaluru,Karnataka,2025-03-15 00:00:00,ACTIVE,585.1
MCH4225,Karnik LLC,5699.0,APPAREL,INDIVIDUAL,Ludhiana,Punjab,2025-02-05 13:25:31,ACTIVE,537.99
MCH4227,Panchal PLC,5999.0,OTHER,SOLE_PROPRIETOR,Kolkata,West Bengal,2025-01-09 00:00:00,ACTIVE,1533.36
MCH4228,"SINGHAL, BHASIN AND KAUL",5699.0,APPAREL,PRIVATE_LIMITED,Asr,Punjab,2025-05-23 00:00:00,ACTIVE,896.57
MCH4230,Jha Group,5912.0,PHARMACY,PRIVATE_LIMITED,Jpr,Rajasthan,,ACTIVE,911.06
MCH4232,Raj Group,5912.0,PHARMACY,INDIVIDUAL,Hyderabad,Telangana,2023-06-23 00:00:00,SUSPENDED,-479.88
MCH4233,Padmanabhan and Sons,5999.0,MISC RETAIL,SOLE_PROPRIETOR,Ludhiana,Punjab,2025-02-04 00:00:00,ACTIVE,1697.48
MCH4235,NAGAR-SHARMA,5311.0,RETAIL,SOLE_PROPRIETOR,Kolkata,West Bengal,2024-10-02 00:00:00,ACTIVE,1671.65
MCH4236,"Sinha, Shukla and Lad",5699.0,APPAREL,SOLE_PROPRIETOR,Delhi,Delhi,2025-07-08 12:08:37,ACTIVE,844.0
MCH4237,"Deshmukh, Ghose and Chhabra",,EATING PLACE,SOLE_PROPRIETOR,Pune,Maharashtra,2024-02-12 12:00:50,SUSPENDED,5905.65
MCH4243,"Ramesh, Venkatesh and Ravel",5311.0,RETAIL,SOLE_PROPRIETOR,Amritsar,Punjab,2025-06-24 00:00:00,ACTIVE,133.28
MCH4244,"DOCTOR, PILLAY AND NORI",5311.0,DEPARTMENT STORE,INDIVIDUAL,Ludhiana,Punjab,2026-02-22 00:00:00,ACTIVE,2111.57
MCH4245,Dua Group,4131.0,TRANSPORT & TRAVEL,PARTNERSHIP,Ludhiana,Punjab,2024-07-25 18:42:24,ACTIVE,323.1
MCH4246,Rama-Dasgupta,5311.0,RETAIL,INDIVIDUAL,Amritsar,Punjab,2025-05-01 00:00:00,ACTIVE,2336.28
MCH4248,"Bahl, Prashad and Reddy",5311.0,DEPARTMENT STORES,SOLE_PROPRIETOR,Lucknow,Uttar Pradesh,2025-06-30 00:00:00,ACTIVE,4921.5
MCH4249,Jhaveri Ltd,581.0,FOOD & DINING,SOLE_PROPRIETOR,Bengaluru,Karnataka,2024-04-01 01:29:00,ACTIVE,6385.99
MCH4250,"SUBRAMANIAM, DATTA AND PATEL",5411.0,GROCERY,PARTNERSHIP,Kolkata,West Bengal,2023-07-06 00:00:00,ACTIVE,1320.67
MCH4253,MANDER-SAGAR,,RETAIL OTHER,INDIVIDUAL,Ludhiana,Punjab,2024-12-12 00:00:00,ACTIVE,348.43
MCH4260,"Kalla, Banerjee and Choudhary",4814.0,TELECOM,PARTNERSHIP,Ludhiana,Punjab,,ACTIVE,389.14
MCH4261,Swaminathan Ltd,,HOTEL & LODGING,PRIVATE_LIMITED,Lucknow,Uttar Pradesh,2025-06-08 20:07:40,ACTIVE,965.51
MCH4263,Kari and Sons,4814.0,TELECOM,PRIVATE_LIMITED,Kolkata,West Bengal,2023-11-27 00:00:00,ACTIVE,-616.52
MCH4273,Bava Group,5999.0,MISC RETAIL,PRIVATE_LIMITED,Ludhiana,Punjab,2024-12-28 15:12:00,INACTIVE,2773.64
MCH4274,Walia Group,4131.0,TRANSPORT & TRAVEL,PRIVATE_LIMITED,Mumbai,Maharashtra,2025-10-29 00:00:00,ACTIVE,1705.04
MCH4275,"Boase, Chanda and Bajaj",5311.0,DEPARTMENT STORE,INDIVIDUAL,New Delhi,Delhi,2025-06-29 18:15:12,ACTIVE,684.1
MCH4277,"Lad, Krish and Lad",4131.0,TRANSPORT & TRAVEL,PRIVATE_LIMITED,Hyderabad,Telangana,2024-06-04 00:00:00,ACTIVE,472.96
MCH4278,Thakkar-Gupta,5311.0,DEPARTMENT STORES,PRIVATE_LIMITED,Asr,Punjab,2025-05-31 00:00:00,INACTIVE,703.48
MCH4282,PINGLE LTD,5311.0,RETAIL,SOLE_PROPRIETOR,Asr,Punjab,2023-05-26 08:14:58,ACTIVE,816.0
MCH4283,Joshi-Srinivas,5411.0,GROCERY,PARTNERSHIP,Amritsar,Punjab,2023-09-01 00:00:00,ACTIVE,1135.0
MCH4284,Chawla LLC,4131.0,TRANSPORT & TRAVEL,SOLE_PROPRIETOR,Ludhiana,Punjab,2026-02-13 00:00:00,ACTIVE,385.0
MCH4285,Bhatnagar-Atwal,5942.0,BOOK STORE,PARTNERSHIP,Jalandhar,Punjab,,INACTIVE,988.9
MCH4287,"Kuruvilla, Chanda and Sood",4131.0,TRANSPORT & TRAVEL,INDIVIDUAL,Jalandhar,Punjab,2025-04-01 00:00:00,ACTIVE,1244.04
MCH4288,KASHYAP-PUROHIT,5699.0,APPAREL,PRIVATE_LIMITED,Jpr,Rajasthan,2025-10-08 00:00:00,ACTIVE,262.02
MCH4289,singhal-dasgupta,,APPAREL,PARTNERSHIP,Bengaluru,Karnataka,2025-02-17 00:00:00,ACTIVE,-809.48
MCH4290,  Konda-Memon  ,5311.0,DEPARTMENT STORE,PRIVATE_LIMITED,New Delhi,Delhi,2024-11-08 22:16:00,INACTIVE,3295.4
MCH4296,Varty-Varma,5999.0,MISC RETAIL,PRIVATE_LIMITED,Amritsar,Punjab,2026-02-24 00:00:00,ACTIVE,
MCH4298,  Jain Group  ,4814.0,TELECOM,PRIVATE_LIMITED,New Delhi,Delhi,2024-01-06 00:00:00,INACTIVE,316.99
MCH4299,Master PLC,5699.0,APPAREL,PRIVATE_LIMITED,Delhi,Delhi,2023-05-31 00:00:00,ACTIVE,3539.65
MCH4301,Thakur Inc,5942.0,BOOKS & STATIONERY,PARTNERSHIP,New Delhi,Delhi,2023-04-29 06:39:16,ACTIVE,4449.0
MCH4303,"Dhingra, Khurana and Zachariah",4814.0,TELECOM,PARTNERSHIP,Mumbai,Maharashtra,2023-08-25 03:02:00,ACTIVE,2476.0
MCH4305,Padmanabhan-Thaker,4131.0,TRANSPORT & TRAVEL,INDIVIDUAL,Ludhiana,Punjab,2024-10-17 00:00:00,ACTIVE,572.69
MCH4306,"Narula, Hegde and Minhas",5411.0,GROCERY STORES,PRIVATE_LIMITED,Blr,Karnataka,2025-08-03 01:58:17,ACTIVE,-2023.94
MCH4308,Natt Group,5912.0,PHARMACY,PARTNERSHIP,Delhi,Delhi,2023-01-16 00:00:00,ACTIVE,2114.37
MCH4312,Dada-Hari,5699.0,APPAREL,SOLE_PROPRIETOR,Ludhiana,Punjab,2024-02-17 00:00:00,ACTIVE,2174.33
MCH4314,Deshmukh Ltd,5699.0,APPAREL,PRIVATE_LIMITED,Jalandhar,Punjab,,INACTIVE,986.05
MCH4318,Nagar and Sons,4131.0,TRANSPORT & TRAVEL,SOLE_PROPRIETOR,Lucknow,Uttar Pradesh,2023-12-20 15:21:00,ACTIVE,1159.12
MCH4319,"CHAUDHRY, RAJAN AND LAD",5812.0,EATING PLACE,PRIVATE_LIMITED,Jaipur,Rajasthan,2025-07-13 00:00:00,SUSPENDED,1128.44
MCH4320,Vala and Sons,4814.0,TELECOM,PRIVATE_LIMITED,Mumbai,Maharashtra,2024-10-14 00:00:00,INACTIVE,-288.28
MCH4322,Patla PLC,4814.0,TELECOM,PRIVATE_LIMITED,Pune,Maharashtra,2025-10-17 00:00:00,ACTIVE,274.0
MCH4323,"Ben, Wagle and Shan",5812.0,EATING PLACE,SOLE_PROPRIETOR,Chennai,Tamil Nadu,2023-05-11 05:53:16,SUSPENDED,
MCH4324,Choudhury Group,5311.0,DEPARTMENT STORE,INDIVIDUAL,Chennai,Tamil Nadu,2024-02-11 00:00:00,ACTIVE,10680.0
MCH4325,choudhry llc,701.0,HOTEL & LODGING,PRIVATE_LIMITED,Jaipur,Rajasthan,2023-06-07 00:00:00,INACTIVE,
MCH4326,Morar-Jani,7011.0,HOTEL & LODGING,PARTNERSHIP,Lucknow,Uttar Pradesh,2025-12-14 00:00:00,ACTIVE,9768.01
MCH4330,"Viswanathan, Morar and Barad",4131.0,TRANSPORT & TRAVEL,INDIVIDUAL,Jalandhar,Punjab,2023-04-10 00:00:00,ACTIVE,151.73
MCH4331,"Wali, Buch and Nagi",5699.0,APPAREL,SOLE_PROPRIETOR,Amritsar,Punjab,2025-07-31 20:39:00,INACTIVE,1154.33
MCH4332,  Varma PLC  ,5942.0,BOOKS & STATIONERY,INDIVIDUAL,Mumbai,Maharashtra,2025-01-22 00:00:00,ACTIVE,229.07
MCH4334,"  Nazareth, Loyal and Dhar  ",531.0,DEPARTMENT STORE,INDIVIDUAL,Ludhiana,Punjab,2025-09-11 00:00:00,ACTIVE,6505.28
MCH4336,"Dube, Baria and Nath",5411.0,GROCERY,PRIVATE_LIMITED,Jalandhar,Punjab,2026-01-06 20:58:43,ACTIVE,-1545.59
MCH4337,Sethi Ltd,4814.0,TELECOM,INDIVIDUAL,Jalandhar,Punjab,2026-01-28 00:00:00,INACTIVE,3672.22
MCH4338,Johal-Dara,7011.0,HOTEL & LODGING,INDIVIDUAL,Jpr,Rajasthan,2025-06-07 20:41:00,SUSPENDED,3419.42
MCH4340,"Nadig, Kothari and Khalsa",7011.0,HOTEL & LODGING,PARTNERSHIP,Mumbai,Maharashtra,,ACTIVE,1756.35
MCH4342,S0m PLC,4814.0,TELECOM,PRIVATE_LIMITED,Jaipur,Rajasthan,2025-11-08 00:00:00,INACTIVE,337.31
MCH4349,Atwal-Sura,,BOOKS & STATIONERY,SOLE_PROPRIETOR,Pune,Maharashtra,2025-12-21 00:00:00,ACTIVE,463.78
MCH4352,suri ltd,5912.0,PHARMACY,INDIVIDUAL,Lucknow,Uttar Pradesh,2023-08-21 00:00:00,ACTIVE,-2179.96
MCH4353,"Sha, Thaman and Bhasin",5699.0,APPAREL,PARTNERSHIP,Lucknow,Uttar Pradesh,2024-02-05 00:00:00,INACTIVE,-391.43
MCH4354,Natarajan-Lad,7011.0,HOTEL & LODGING,PARTNERSHIP,Amritsar,Punjab,2023-08-18 00:00:00,ACTIVE,703.43
MCH4355,Sur-Pandit,569.0,APPAREL,PARTNERSHIP,Lucknow,Uttar Pradesh,2023-04-18 00:00:00,ACTIVE,
MCH4356,"Basak, Sur and Sundaram",,TELECOM,PARTNERSHIP,Dilli,Delhi,2024-07-22 00:00:00,ACTIVE,1661.0
MCH4357,Som and Sons,5311.0,RETAIL,INDIVIDUAL,Ludhiana,Punjab,,ACTIVE,
MCH4359,Mistry-Parekh,5912.0,PHARMACY,PRIVATE_LIMITED,Mumbai,Maharashtra,2023-10-06 16:16:00,SUSPENDED,684.0
MCH4360,Khurana Ltd,5699.0,APPAREL,PARTNERSHIP,Jaipur,Rajasthan,,ACTIVE,507.91
MCH4361,"dugal, barad and nagi",5411.0,GROCERY,PRIVATE_LIMITED,Pune,Maharashtra,2025-10-27 00:00:00,ACTIVE,4047.59
MCH4362,Sura LLC,7011.0,HOTEL & LODGING,INDIVIDUAL,Jaipur,Rajasthan,2023-04-23 00:00:00,SUSPENDED,218.0
MCH4363,BhagatInc,5912.0,PHARMACY,PRIVATE_LIMITED,Jalandhar,Punjab,2023-07-22 00:00:00,ACTIVE,1657.41
MCH4364,SASTRY-SHETTY,4131.0,TRANSPORT & TRAVEL,SOLE_PROPRIETOR,Kolkata,West Bengal,2024-06-14 00:00:00,ACTIVE,1128.0
MCH4367,Sankaran-Bhattacharyya,5699.0,APPAREL,PARTNERSHIP,Chennai,Tamil Nadu,2023-12-13 04:19:00,ACTIVE,1153.81
MCH4369,"Gupta,ManeandBhasin",5812.0,FOOD & DINING,INDIVIDUAL,Hyderabad,Telangana,2025-03-03 00:00:00,ACTIVE,950.76
MCH4370,Kuruvilla and Sons,599.0,OTHER,INDIVIDUAL,Mumbay,Maharashtra,2023-08-18 00:00:00,ACTIVE,-715.96
MCH4371,Chahal-Chaudhari,4814.0,TELECOM,SOLE_PROPRIETOR,Ludhiana,Punjab,2025-01-20 00:00:00,SUSPENDED,219.82
MCH4373,Raman-Karnik,5942.0,BOOKS & STATIONERY,PARTNERSHIP,Delhi,Delhi,2023-08-09 15:36:00,ACTIVE,
MCH4374,Venkatesh LLC,7011.0,HOTEL & LODGING,INDIVIDUAL,Jalandhar,Punjab,2025-01-15 22:22:17,ACTIVE,418.37
MCH4375,"Mani, Pillai and Soman",531.0,DEPARTMENT STORES,SOLE_PROPRIETOR,Lucknow,Uttar Pradesh,2024-03-08 02:25:00,ACTIVE,1050.41
MCH4377,Kale-Krishnan,5942.0,BOOK STORE,PARTNERSHIP,Bengaluru,Karnataka,2023-10-12 00:00:00,INACTIVE,2218.12
MCH4382,modi-sengupta,5912.0,PHARMACY,INDIVIDUAL,Mumbai,Maharashtra,2025-02-15 00:00:00,ACTIVE,650.1
MCH4383,Vala LLC,531.0,DEPARTMENT STORE,SOLE_PROPRIETOR,Lucknow,Uttar Pradesh,2025-06-15 00:00:00,ACTIVE,219.66
MCH4385,Bera-S0m,,GROCERY,PRIVATE_LIMITED,Jalandhar,Punjab,2023-05-08 00:00:00,ACTIVE,2548.67
MCH4389,"Bobal, Chakrabarti and Dash",5912.0,PHARMACY,SOLE_PROPRIETOR,Pune,Maharashtra,2026-02-04 00:00:00,ACTIVE,445.95
MCH4390,Ar0ra LLC,5812.0,FOOD & DINING,SOLE_PROPRIETOR,Hyderabad,Telangana,2025-06-07 00:00:00,ACTIVE,1372.0
MCH4395,  Ramakrishnan-Rastogi  ,5999.0,MISC RETAIL,PRIVATE_LIMITED,Chennai,Tamil Nadu,2025-11-19 00:00:00,ACTIVE,
MCH4397,Tailor-Pandey,5912.0,PHARMACY,PRIVATE_LIMITED,Pune,Maharashtra,2024-10-24 00:00:00,ACTIVE,
MCH4398,"BOSE, DHAR AND OZA",5812.0,FOOD & DINING,INDIVIDUAL,Jalandhar,Punjab,2024-06-03 00:00:00,ACTIVE,580.38
MCH4401,BEDI AND SONS,5699.0,APPAREL,PARTNERSHIP,Kolkata,West Bengal,2024-05-16 03:12:04,ACTIVE,557.79
MCH4406,"Chand, Ahuja and Behl",701.0,HOTEL & LODGING,PRIVATE_LIMITED,Pune,Maharashtra,2023-06-09 00:00:00,ACTIVE,3629.0
MCH4408,Dhar-Shetty,5912.0,PHARMACY,INDIVIDUAL,Asr,Punjab,2023-12-19 00:00:00,INACTIVE,425.49
MCH4411,"Kale, Issac and Sibal",5999.0,RETAIL OTHER,PRIVATE_LIMITED,Mumbai,Maharashtra,2025-12-23 00:00:00,ACTIVE,566.46
MCH4413,"Parekh,KadeandTalwar",5699.0,APPAREL,SOLE_PROPRIETOR,Lucknow,Uttar Pradesh,2025-12-11 00:00:00,ACTIVE,
MCH4414,"Manne, Arora and Goel",541.0,GROCERY,PRIVATE_LIMITED,Hyderabad,Telangana,2025-07-15 00:00:00,ACTIVE,-618.59
MCH4416,Raju and S0ns,5999.0,OTHER,INDIVIDUAL,Bengaluru,Karnataka,2025-04-10 00:00:00,INACTIVE,3955.0
MCH4417,  Nair-Bhavsar  ,5942.0,BOOKS & STATIONERY,PRIVATE_LIMITED,Jalandhar,Punjab,2024-10-26 00:00:00,ACTIVE,291.65
MCH4419,  Gill-Ratta  ,5912.0,PHARMACY,SOLE_PROPRIETOR,Jpr,Rajasthan,2024-09-15 14:40:00,ACTIVE,1442.51
MCH4421,natarajan-borah,5999.0,OTHER,SOLE_PROPRIETOR,Mumbai,Maharashtra,2024-11-21 00:00:00,ACTIVE,1261.07
MCH4424,"Date, Soman and Lall",531.0,DEPARTMENT STORE,PRIVATE_LIMITED,Chennai,Tamil Nadu,2024-02-01 22:21:10,ACTIVE,-410.17
MCH4427,  Deshpande LLC  ,5812.0,FOOD & DINING,PRIVATE_LIMITED,Mumbai,Maharashtra,2023-02-05 00:00:00,ACTIVE,1587.13
MCH4428,Raja-Kapadia,5942.0,BOOKS & STATIONERY,PRIVATE_LIMITED,Pune,Maharashtra,2023-01-21 00:00:00,ACTIVE,3396.0
MCH4431,"Wali, Zachariah and Toor",5411.0,GROCERY,SOLE_PROPRIETOR,Mumbai,Maharashtra,2023-05-13 00:00:00,SUSPENDED,3595.68
MCH4433,"PATIL, SUBRAMANIAN AND MADAN",7011.0,HOTEL & LODGING,PARTNERSHIP,Kolkata,West Bengal,2023-01-23 00:00:00,ACTIVE,830.16
MCH4434,Andra and Sons,5999.0,OTHER,PRIVATE_LIMITED,Ludhiana,Punjab,2025-02-21 00:35:17,ACTIVE,233.0
MCH4435,"Shere, Jain and Luthra",5999.0,RETAIL OTHER,PRIVATE_LIMITED,Chennai,Tamil Nadu,2024-06-23 00:00:00,ACTIVE,894.0
MCH4438,Vasa-Divan,5311.0,DEPARTMENT STORE,PARTNERSHIP,Kolkata,West Bengal,2025-10-09 05:49:00,ACTIVE,1288.65
MCH4439,DESHPANDE LTD,5812.0,EATING PLACE,PARTNERSHIP,Bengaluru,Karnataka,2025-04-02 00:00:00,ACTIVE,-917.66
MCH4440,"Krishna, Bora and Swaminathan",5699.0,APPAREL,PRIVATE_LIMITED,Jalandhar,Punjab,2023-04-29 00:00:00,SUSPENDED,749.44
MCH4441,"Sachdev, Doctor and Subramanian",5311.0,DEPARTMENT STORE,PARTNERSHIP,Chennai,Tamil Nadu,2023-06-08 00:00:00,INACTIVE,3222.79
MCH4443,Sachar-Banik,5942.0,BOOKS & STATIONERY,PARTNERSHIP,Jpr,Rajasthan,2024-12-06 00:00:00,ACTIVE,2375.86
MCH4444,Kara-Murty,,MISC RETAIL,PARTNERSHIP,Jaipur,Rajasthan,2023-11-24 00:00:00,ACTIVE,1214.6
MCH4447,"sodhi, dalal and iyengar",5311.0,DEPARTMENT STORE,PRIVATE_LIMITED,Bangalore,Karnataka,,ACTIVE,208.51
MCH4448,Gara and Sons,5999.0,OTHER,INDIVIDUAL,Chennai,Tamil Nadu,2025-09-24 00:00:00,SUSPENDED,1524.31
MCH4450,ZACHARIAH-BATRA,5311.0,RETAIL,SOLE_PROPRIETOR,Amritsar,Punjab,2023-09-17 15:10:46,ACTIVE,1045.82
MCH4451,Bansal-Tak,7011.0,HOTEL & LODGING,INDIVIDUAL,Amritsar,Punjab,,ACTIVE,
MCH4454,"varghese, shenoy and mahajan",581.0,FOOD & DINING,PARTNERSHIP,Mumbai,Maharashtra,2025-06-21 20:18:19,ACTIVE,1952.0
MCH4455,Iyer LLC,5411.0,GROCERY,INDIVIDUAL,Bangalore,Karnataka,,ACTIVE,586.02
MCH4456,Krish-Panchal,5411.0,GROCERY,INDIVIDUAL,Lucknow,Uttar Pradesh,2024-11-05 18:33:00,ACTIVE,1642.08
MCH4457,"Chanda, Parikh and Hayre",5999.0,RETAIL OTHER,PRIVATE_LIMITED,Amritsar,Punjab,,ACTIVE,
MCH4458,"  Gola, Dixit and Banik  ",5411.0,GROCERY,SOLE_PROPRIETOR,Amritsar,Punjab,2023-08-25 00:00:00,ACTIVE,991.85
MCH4459,Agate-Majumdar,4131.0,TRANSPORT & TRAVEL,SOLE_PROPRIETOR,Chennai,Tamil Nadu,2025-07-29 00:00:00,ACTIVE,210.85
MCH4460,BUMB PLC,5942.0,BOOKS & STATIONERY,PRIVATE_LIMITED,Chennai,Tamil Nadu,,ACTIVE,696.95
MCH4462,"Koshy, Badal and Nayar",5699.0,CLOTHING,INDIVIDUAL,Hyderabad,Telangana,2025-01-17 00:00:00,ACTIVE,937.0
MCH4463,"Choudhry, Sahni and Chaudhry",5699.0,APPAREL,INDIVIDUAL,Ludhiana,Punjab,2025-01-09 03:17:33,ACTIVE,402.0
MCH4469,mane and sons,4131.0,TRANSPORT & TRAVEL,PARTNERSHIP,Hyderabad,Telangana,2025-05-18 16:24:00,ACTIVE,1447.11
MCH4474,Ram Ltd,4814.0,TELECOM,PARTNERSHIP,Jalandhar,Punjab,2024-07-13 00:00:00,ACTIVE,1082.17
MCH4475,"Ray, Kulkarni and Suresh",5311.0,DEPARTMENT STORE,PRIVATE_LIMITED,Ludhiana,Punjab,2024-03-03 00:00:00,ACTIVE,3417.23
MCH4476,Parikh Group,5912.0,PHARMACY,PARTNERSHIP,Kolkata,West Bengal,2025-09-10 00:24:37,ACTIVE,
MCH4477,Edwin Group,5912.0,PHARMACY,PARTNERSHIP,Pune,Maharashtra,2025-12-19 00:00:00,ACTIVE,1145.96
MCH4478,Shenoy Inc,4131.0,TRANSPORT & TRAVEL,PRIVATE_LIMITED,Pune,Maharashtra,2024-04-19 20:17:16,ACTIVE,3749.72
MCH4481,Nagi Inc,5699.0,APPAREL,PARTNERSHIP,Pune,Maharashtra,2023-11-28 12:44:00,ACTIVE,2759.79
MCH4482,Sawhney-Raman,7011.0,HOTEL & LODGING,PRIVATE_LIMITED,Ludhiana,Punjab,,ACTIVE,246.88
MCH4484,"Mukherjee, Tella and Malhotra",5812.0,FOOD & DINING,PARTNERSHIP,Bangalore,Karnataka,2025-02-10 05:38:00,ACTIVE,2091.93
MCH4485,NazarethInc,5999.0,RETAIL OTHER,INDIVIDUAL,Pune,Maharashtra,2023-11-07 18:34:59,SUSPENDED,1928.18
MCH4486,"Bumb, Kibe and Saraf",4814.0,TELECOM,PRIVATE_LIMITED,Chennai,Tamil Nadu,2026-02-14 00:00:00,ACTIVE,2112.84
MCH4487,Maharaj-Murthy,5912.0,PHARMACY,INDIVIDUAL,Amritsar,Punjab,2024-04-23 00:00:00,ACTIVE,1455.08
MCH4490,"DOSHI, RAJ AND BUMB",5411.0,GROCERY,PARTNERSHIP,Ludhiana,Punjab,2025-07-28 00:00:00,ACTIVE,748.4
MCH4495,"Nadig, Gade and Jha",5942.0,BOOK STORE,PARTNERSHIP,Hyderabad,Telangana,2024-10-05 06:24:00,ACTIVE,1329.61
MCH4496,"Shroff,AhujaandKumar",4814.0,TELECOM,PARTNERSHIP,Amritsar,Punjab,2025-11-05 18:25:00,ACTIVE,-497.26
MCH4497,Padmanabhan Group,5812.0,FOOD & DINING,INDIVIDUAL,Mumbai,Maharashtra,,ACTIVE,2142.62
MCH4501,BARMAN AND SONS,5812.0,FOOD & DINING,PRIVATE_LIMITED,Dilli,Delhi,2025-04-24 00:00:00,ACTIVE,523.04
MCH4503,Acharya LLC,5411.0,GROCERY,PRIVATE_LIMITED,Delhi,Delhi,2024-09-12 20:47:57,ACTIVE,241.19
MCH4507,Bassi-Merchant,5812.0,EATING PLACE,SOLE_PROPRIETOR,Chennai,Tamil Nadu,2024-05-30 00:00:00,ACTIVE,3598.7
MCH4508,Prakash Ltd,5812.0,EATING PLACE,PRIVATE_LIMITED,Mumbai,Maharashtra,2023-12-12 16:42:00,SUSPENDED,1744.61
MCH4509,"shanker, sem and varughese",4131.0,TRANSPORT & TRAVEL,SOLE_PROPRIETOR,Pune,Maharashtra,2023-08-16 00:00:00,ACTIVE,
MCH4510,  Bora Ltd  ,4814.0,TELECOM,INDIVIDUAL,Chennai,Tamil Nadu,2024-04-16 11:39:00,ACTIVE,1583.66
MCH4511,"Walla, Kala and Devi",4131.0,TRANSPORT & TRAVEL,SOLE_PROPRIETOR,Hyderabad,Telangana,2025-03-12 00:00:00,ACTIVE,1448.32
MCH4515,Memon-Upadhyay,4131.0,TRANSPORT & TRAVEL,SOLE_PROPRIETOR,Lucknow,Uttar Pradesh,2024-04-03 17:37:57,ACTIVE,2435.25
MCH4517,"Madan, Gola and Srivastava",5812.0,FOOD & DINING,SOLE_PROPRIETOR,Kolkata,West Bengal,2025-05-07 14:26:04,ACTIVE,-671.65
MCH4521,Raman PLC,5699.0,APPAREL,PRIVATE_LIMITED,Hyderabad,Telangana,2023-02-04 12:10:00,ACTIVE,4397.68
MCH4524,Tara Ltd,5999.0,OTHER,PRIVATE_LIMITED,Hyderabad,Telangana,2025-07-23 17:42:29,ACTIVE,1296.94
MCH4526,"Mittal, Saha and Puri",5699.0,APPAREL,SOLE_PROPRIETOR,Blr,Karnataka,2025-06-19 00:00:00,ACTIVE,893.38
MCH4527,BansalInc,5411.0,GROCERY,PRIVATE_LIMITED,Lucknow,Uttar Pradesh,2025-10-29 21:36:00,ACTIVE,3449.0
MCH4528,Memon LLC,5912.0,PHARMACY,PARTNERSHIP,Hyderabad,Telangana,2023-01-05 23:02:24,ACTIVE,490.99
MCH4529,varkey-pant,,CLOTHING,PRIVATE_LIMITED,Ludhiana,Punjab,2024-06-01 00:00:00,ACTIVE,1710.62
MCH4530,"BHANDARI, RAMAKRISHNAN AND SRINIVASAN",5812.0,FOOD & DINING,PARTNERSHIP,Pune,Maharashtra,2023-12-10 00:00:00,ACTIVE,669.95
MCH4531,bail-ramachandran,4814.0,TELECOM,PRIVATE_LIMITED,Jpr,Rajasthan,2025-05-11 18:13:55,ACTIVE,597.69
MCH4534,BUMB-GANGULY,569.0,APPAREL,PARTNERSHIP,Chennai,Tamil Nadu,2025-11-12 19:14:58,ACTIVE,1225.88
MCH4536,Gulati and Sons,5311.0,RETAIL,INDIVIDUAL,Dilli,Delhi,2024-12-06 17:48:15,ACTIVE,951.8
MCH4538,Lad Ltd,5699.0,APPAREL,PRIVATE_LIMITED,New Delhi,Delhi,2023-12-30 08:20:00,ACTIVE,449.9
MCH4540,Nadig LLC,569.0,APPAREL,PARTNERSHIP,Mumbai,Maharashtra,2024-03-02 18:04:00,ACTIVE,7331.0
MCH4544,"Som, Deshmukh and Narang",5411.0,GROCERY,PARTNERSHIP,Bangalore,Karnataka,2023-04-28 00:00:00,ACTIVE,4619.33
MCH4547,rout inc,5812.0,FOOD & DINING,PRIVATE_LIMITED,Bengaluru,Karnataka,2026-01-28 00:00:00,ACTIVE,307.37
MCH4548,"Butala, Som and Modi",413.0,TRANSPORT & TRAVEL,PRIVATE_LIMITED,Blr,Karnataka,,SUSPENDED,568.11
MCH4551,SURA GROUP,5699.0,APPAREL,SOLE_PROPRIETOR,Jalandhar,Punjab,2023-06-01 00:00:00,ACTIVE,3287.63
MCH4552,"Palla, Mutti and Jayaraman",4131.0,TRANSPORT & TRAVEL,SOLE_PROPRIETOR,Jaipur,Rajasthan,2025-07-21 01:20:00,ACTIVE,912.53
MCH4553,Zachariah-Dara,5812.0,FOOD & DINING,PRIVATE_LIMITED,Jalandhar,Punjab,2024-03-07 11:07:00,ACTIVE,343.99
MCH4556,Bhakta Inc,5942.0,BOOK STORE,PRIVATE_LIMITED,Mumbai,Maharashtra,2026-02-03 00:00:00,ACTIVE,881.89
MCH4560,Shankar Ltd,4814.0,TELECOM,INDIVIDUAL,Blr,Karnataka,2025-12-06 14:36:00,ACTIVE,1403.88
MCH4567,  Bhatti Inc  ,7011.0,HOTEL & LODGING,PARTNERSHIP,Hyderabad,Telangana,2023-03-29 00:00:00,ACTIVE,1514.65
MCH4573,"Edwin, Manda and Biswas",,PHARMACY,SOLE_PROPRIETOR,Pune,Maharashtra,2025-02-28 14:41:00,ACTIVE,2824.05
MCH4574,Cherian and Sons,5311.0,DEPARTMENT STORE,INDIVIDUAL,Lucknow,Uttar Pradesh,2024-08-31 00:00:00,ACTIVE,789.16
MCH4577,"Atwal, Sura and Bhatti",5812.0,FOOD & DINING,PARTNERSHIP,Hyderabad,Telangana,2026-03-01 18:58:00,ACTIVE,316.9
MCH4578,Bedi LLC,5942.0,BOOKS & STATIONERY,PRIVATE_LIMITED,Kolkata,West Bengal,2023-11-29 04:19:56,ACTIVE,360.0
MCH4581,"Tailor, Ganesh and Menon",5812.0,FOOD & DINING,PARTNERSHIP,Mumbai,Maharashtra,2025-11-02 00:00:00,INACTIVE,1137.0
MCH4582,Pai-Shenoy,,TELECOM,INDIVIDUAL,Pune,Maharashtra,2025-03-18 00:00:00,ACTIVE,1857.0
MCH4583,Krish-Dar,5812.0,FOOD & DINING,SOLE_PROPRIETOR,Mumbai,Maharashtra,2025-11-23 00:00:00,ACTIVE,4726.0
MCH4587,Karnik and Sons,5311.0,RETAIL,PARTNERSHIP,Jaipur,Rajasthan,2025-02-07 00:00:00,ACTIVE,2493.1
MCH4588,"Gole, Raval and Hans",,FOOD & DINING,SOLE_PROPRIETOR,Bengaluru,Karnataka,2025-03-14 00:00:00,ACTIVE,1061.34
MCH4589,"  Sathe, Bumb and Shankar  ",5699.0,APPAREL,SOLE_PROPRIETOR,Amritsar,Punjab,2024-10-27 01:28:39,ACTIVE,76.99
MCH4593,dube-ravel,7011.0,HOTEL & LODGING,PARTNERSHIP,Hyderabad,Telangana,2025-08-30 00:00:00,ACTIVE,1285.0
MCH4599,Majumdar-Choudhary,,GROCERY,PRIVATE_LIMITED,Mumbai,Maharashtra,2023-05-03 16:37:00,INACTIVE,1341.81
MCH4600,Devi Group,5311.0,DEPARTMENT STORES,INDIVIDUAL,New Delhi,Delhi,2024-02-17 00:00:00,INACTIVE,1126.47
MCH4604,"Som, Kalla and Dada",569.0,APPAREL,SOLE_PROPRIETOR,Chennai,Tamil Nadu,2024-07-02 15:25:30,ACTIVE,1478.97
MCH4605,BARAD PLC,5942.0,BOOKS & STATIONERY,SOLE_PROPRIETOR,Pune,Maharashtra,2025-06-02 22:03:20,ACTIVE,5165.18
MCH4606,Vyas-Mukhopadhyay,7011.0,HOTEL & LODGING,PRIVATE_LIMITED,Hyderabad,Telangana,2025-09-29 00:00:00,ACTIVE,745.57
MCH4608,  Chandran Group  ,5699.0,APPAREL,SOLE_PROPRIETOR,Lucknow,Uttar Pradesh,2023-09-05 14:14:00,ACTIVE,950.53
MCH4610,"Barad,ChandaandRana",5942.0,BOOKS & STATIONERY,PRIVATE_LIMITED,Hyderabad,Telangana,2024-12-23 00:00:00,ACTIVE,2989.03
MCH4613,"Batra, Devi and Buch",5699.0,APPAREL,INDIVIDUAL,Dilli,Delhi,2023-10-03 00:00:00,INACTIVE,-3664.64
MCH4614,BADAMI LLC,5942.0,BOOKS & STATIONERY,PARTNERSHIP,Jaipur,Rajasthan,2025-04-02 17:40:30,ACTIVE,4687.53
MCH4621,Ravel-Chaudhuri,5942.0,BOOKS & STATIONERY,PRIVATE_LIMITED,Delhi,Delhi,2024-08-04 00:00:00,ACTIVE,-397.3
MCH4622,Toor-Rajan,7011.0,HOTEL & LODGING,PRIVATE_LIMITED,Ludhiana,Punjab,2024-06-20 14:20:00,ACTIVE,2524.16
MCH4623,"Gokhale, Ranganathan and Shenoy",599.0,OTHER,PRIVATE_LIMITED,Hyderabad,Telangana,2025-08-17 15:21:40,ACTIVE,171.0
MCH4624,"krishnamurthy, mandal and luthra",5999.0,OTHER,INDIVIDUAL,Chennai,Tamil Nadu,2025-08-06 00:00:00,ACTIVE,784.01
MCH4626,"Lalla, Handa and Ahuja",5999.0,RETAIL OTHER,PRIVATE_LIMITED,Bengaluru,Karnataka,2023-07-31 00:00:00,ACTIVE,1497.15
MCH4627,Barman-Kashyap,5699.0,APPAREL,PARTNERSHIP,Pune,Maharashtra,2026-01-10 00:00:00,ACTIVE,1852.01
MCH4630,Jhaveri PLC,5999.0,MISC RETAIL,SOLE_PROPRIETOR,Ludhiana,Punjab,2025-11-07 02:07:00,ACTIVE,1285.49
MCH4636,Sura and Sons,5699.0,APPAREL,PARTNERSHIP,Mumbai,Maharashtra,2023-12-17 17:58:35,ACTIVE,
MCH4637,Mitter-Pandya,5411.0,GROCERY STORES,INDIVIDUAL,Chennai,Tamil Nadu,2023-09-05 20:41:00,ACTIVE,2198.28
MCH4639,Chaudhry-Bath,5912.0,PHARMACY,PARTNERSHIP,Jalandhar,Punjab,2023-05-11 10:36:23,ACTIVE,295.45
MCH4640,Choudhary-Joshi,5699.0,CLOTHING,PARTNERSHIP,Jpr,Rajasthan,,ACTIVE,857.62
MCH4641,KarnikLLC,5311.0,RETAIL,SOLE_PROPRIETOR,Ludhiana,Punjab,2025-02-02 00:00:00,ACTIVE,
MCH4642,Jaggi Ltd,5411.0,GROCERY,PARTNERSHIP,Delhi,Delhi,2024-04-16 00:00:00,SUSPENDED,1180.53
MCH4643,Barad and Sons,5942.0,BOOKS & STATIONERY,INDIVIDUAL,Ludhiana,Punjab,2025-05-18 00:00:00,SUSPENDED,3490.79
MCH4648,Tara-Pandya,5699.0,CLOTHING,PARTNERSHIP,Chennai,Tamil Nadu,2026-01-02 00:00:00,ACTIVE,852.19
MCH4649,"Mand,DattaandSanghvi",7011.0,HOTEL & LODGING,PARTNERSHIP,Ludhiana,Punjab,2024-10-16 00:00:00,ACTIVE,666.8
MCH4651,Bhat-Kamdar,5999.0,OTHER,SOLE_PROPRIETOR,Hyderabad,Telangana,2024-06-05 00:00:00,ACTIVE,718.3
MCH4652,  Varghese-Ramachandran  ,413.0,TRANSPORT & TRAVEL,PRIVATE_LIMITED,Amritsar,Punjab,2024-10-30 00:00:00,ACTIVE,-2348.76
MCH4656,"Verma,SanghaandVora",5942.0,BOOK STORE,PRIVATE_LIMITED,Delhi,Delhi,2024-07-02 00:00:00,ACTIVE,431.25
MCH4658,Kapadia Inc,5311.0,RETAIL,INDIVIDUAL,Hyderabad,Telangana,2023-05-21 00:00:00,ACTIVE,2693.95
MCH4667,Kapur-Gara,5812.0,FOOD & DINING,PRIVATE_LIMITED,Delhi,Delhi,2025-10-30 17:47:05,ACTIVE,1043.72
MCH4669,Bail PLC,4131.0,TRANSPORT & TRAVEL,SOLE_PROPRIETOR,Lucknow,Uttar Pradesh,2023-09-17 00:00:00,INACTIVE,1960.77
MCH4672,Sandhu LLC,5942.0,BOOKS & STATIONERY,PARTNERSHIP,Bangalore,Karnataka,,ACTIVE,456.49
MCH4674,Sachar-Loke,5699.0,APPAREL,PRIVATE_LIMITED,Jalandhar,Punjab,,ACTIVE,1222.52
MCH4675,"MINHAS, NARAYAN AND BANDI",,BOOKS & STATIONERY,SOLE_PROPRIETOR,Jalandhar,Punjab,2023-06-15 10:04:37,ACTIVE,
MCH4676,Shan Inc,5999.0,OTHER,SOLE_PROPRIETOR,Mumbai,Maharashtra,2026-01-20 00:00:00,ACTIVE,2805.31
MCH4677,"Sethi, Bora and Karpe",5942.0,BOOKS & STATIONERY,INDIVIDUAL,Pune,Maharashtra,,INACTIVE,5089.5
MCH4678,"Yogi, Goel and Chaudry",5912.0,PHARMACY,SOLE_PROPRIETOR,Amritsar,Punjab,2025-10-11 23:31:36,ACTIVE,1363.28
MCH4681,"Sengupta,VenkataramanandKonda",5411.0,GROCERY STORES,INDIVIDUAL,Pune,Maharashtra,2026-10-01 08:52:00,ACTIVE,526.79
MCH4682,Chaudry LLC,4131.0,TRANSPORT & TRAVEL,INDIVIDUAL,Hyderabad,Telangana,2024-01-28 10:50:34,ACTIVE,-1772.5
MCH4685,Mukhopadhyay-Cheema,,BOOKS & STATIONERY,PRIVATE_LIMITED,Chennai,Tamil Nadu,2023-07-22 11:31:48,SUSPENDED,
MCH4687,GOEL LLC,5942.0,BOOK STORE,INDIVIDUAL,Lucknow,Uttar Pradesh,2023-01-30 00:00:00,ACTIVE,820.0
MCH4688,venkatesh group,5942.0,BOOKS & STATIONERY,SOLE_PROPRIETOR,Delhi,Delhi,2024-08-24 14:22:22,SUSPENDED,2933.52
MCH4690,"Dutt, Mukhopadhyay and Dara",5999.0,OTHER,SOLE_PROPRIETOR,Amritsar,Punjab,2023-04-24 22:55:00,SUSPENDED,-390.23
MCH4691,"Deshmukh, Pant and Garg",7011.0,HOTEL & LODGING,SOLE_PROPRIETOR,Bengaluru,Karnataka,2025-05-10 00:00:00,ACTIVE,2116.48
MCH4692,"Bhargava, Rajagopal and Karan",7011.0,HOTEL & LODGING,PRIVATE_LIMITED,New Delhi,Delhi,2024-06-08 00:00:00,ACTIVE,
MCH4693,Dhingra-Bava,7011.0,HOTEL & LODGING,PRIVATE_LIMITED,Mumbai,Maharashtra,2024-12-28 01:09:00,ACTIVE,3445.16
MCH4695,Patel-Halder,5812.0,FOOD & DINING,SOLE_PROPRIETOR,Pune,Maharashtra,2026-02-11 16:57:07,ACTIVE,652.55
MCH4699,Setty Inc,7011.0,HOTEL & LODGING,PRIVATE_LIMITED,Pune,Maharashtra,2025-06-04 00:00:00,ACTIVE,632.27
MCH4700,"rajan, garg and ray",,APPAREL,INDIVIDUAL,Chennai,Tamil Nadu,,ACTIVE,805.94
MCH4701,Bhagat and Sons,4131.0,TRANSPORT & TRAVEL,INDIVIDUAL,Hyderabad,Telangana,2025-03-17 00:00:00,ACTIVE,493.82
MCH4702,Nath Group,5311.0,RETAIL,SOLE_PROPRIETOR,Lucknow,Uttar Pradesh,2024-08-15 23:18:00,ACTIVE,584.0
MCH4706,"Varughese, Mani and Ch0udhary",5311.0,DEPARTMENT STORE,INDIVIDUAL,Blr,Karnataka,2025-11-11 03:09:47,ACTIVE,-1658.13
MCH4708,Loke-Ganesan,5999.0,OTHER,SOLE_PROPRIETOR,Jalandhar,Punjab,2024-02-22 19:47:00,ACTIVE,1266.56
MCH4709,Ramakrishnan-Palla,4814.0,TELECOM,INDIVIDUAL,Blr,Karnataka,2026-02-15 00:00:00,ACTIVE,1190.3
MCH4712,"  Gulati, Koshy and Purohit  ",5812.0,FOOD & DINING,INDIVIDUAL,Lucknow,Uttar Pradesh,2023-06-13 19:51:00,SUSPENDED,576.59
MCH4713,Sura-Boase,,CLOTHING,SOLE_PROPRIETOR,Amritsar,Punjab,2023-12-04 00:00:00,ACTIVE,1694.6
MCH4716,Goda-Agate,5411.0,GROCERY,SOLE_PROPRIETOR,Dilli,Delhi,2026-01-07 00:00:00,ACTIVE,1438.61
MCH4717,Bir Ltd,4131.0,TRANSPORT & TRAVEL,PRIVATE_LIMITED,Chennai,Tamil Nadu,2025-11-14 00:00:00,ACTIVE,7107.16
MCH4720,sha ltd,5411.0,GROCERY,PARTNERSHIP,Chennai,Tamil Nadu,2024-04-05 00:00:00,ACTIVE,874.68
MCH4723,kanda ltd,5999.0,RETAIL OTHER,INDIVIDUAL,Chennai,Tamil Nadu,2024-08-27 00:00:00,ACTIVE,649.83
MCH4725,Joshi PLC,5311.0,DEPARTMENT STORE,PRIVATE_LIMITED,Amritsar,Punjab,2023-05-23 00:00:00,ACTIVE,639.24
MCH4727,Dua-Mishra,5311.0,DEPARTMENT STORE,SOLE_PROPRIETOR,Pune,Maharashtra,2024-05-18 00:00:00,ACTIVE,1242.0
MCH4729,"Karpe, Dhaliwal and Subramanian",7011.0,HOTEL & LODGING,PARTNERSHIP,Amritsar,Punjab,2024-01-14 00:00:00,ACTIVE,2525.97
MCH4732,"RAMANATHAN, KANDA AND KARNIK",5812.0,EATING PLACE,PRIVATE_LIMITED,Lucknow,Uttar Pradesh,2025-08-13 05:58:00,ACTIVE,3954.51
MCH4733,  Sankar Inc  ,5411.0,GROCERY,SOLE_PROPRIETOR,Jaipur,Rajasthan,2023-01-25 00:00:00,ACTIVE,1176.53
MCH4736,"Jani, Chaudhry and Chaudhuri",4131.0,TRANSPORT & TRAVEL,INDIVIDUAL,Delhi,Delhi,2025-07-06 00:00:00,ACTIVE,
MCH4737,"Aurora, Mallick and Dugar",5942.0,BOOKS & STATIONERY,INDIVIDUAL,Jalandhar,Punjab,2024-08-27 00:00:00,INACTIVE,489.0
MCH4738,Jha PLC,,RETAIL OTHER,SOLE_PROPRIETOR,Bengaluru,Karnataka,2024-05-24 22:20:53,INACTIVE,1636.42
MCH4739,Karpe-Doshi,5411.0,GROCERY STORES,INDIVIDUAL,Lucknow,Uttar Pradesh,2023-10-20 00:00:00,ACTIVE,-1100.69
MCH4741,KARA AND SONS,,OTHER,PARTNERSHIP,Jaipur,Rajasthan,2023-02-13 00:00:00,ACTIVE,2009.21
MCH4743,Ahluwalia-Bansal,,PHARMACY,PRIVATE_LIMITED,Ludhiana,Punjab,2023-08-23 00:00:00,INACTIVE,486.29
MCH4744,Tiwari-Bedi,5942.0,BOOKS & STATIONERY,SOLE_PROPRIETOR,Pune,Maharashtra,2024-07-13 00:00:00,INACTIVE,1636.0
MCH4745,Divan-Rao,5311.0,DEPARTMENT STORE,SOLE_PROPRIETOR,Jalandhar,Punjab,2023-12-05 00:00:00,ACTIVE,778.92
MCH4746,"Srivastava, Bhattacharyya and Morar",599.0,OTHER,SOLE_PROPRIETOR,Chennai,Tamil Nadu,2025-07-29 00:00:00,INACTIVE,402.85
MCH4747,issac plc,4131.0,TRANSPORT & TRAVEL,PRIVATE_LIMITED,Mumbai,Maharashtra,2023-07-07 09:40:00,INACTIVE,
MCH4749,Sane-Kota,701.0,HOTEL & LODGING,PARTNERSHIP,Ludhiana,Punjab,2025-08-28 00:00:00,ACTIVE,2066.82
MCH4752,"  Chaudhuri, Sampath and Wali  ",5311.0,DEPARTMENT STORE,INDIVIDUAL,Bengaluru,Karnataka,2024-01-10 00:00:00,ACTIVE,399.3
MCH4754,"Chhabra, Setty and Srinivasan",5699.0,APPAREL,PRIVATE_LIMITED,Hyderabad,Telangana,2023-04-12 00:00:00,INACTIVE,2016.37
MCH4760,"Kalla, Mammen and Purohit",4814.0,TELECOM,INDIVIDUAL,New Delhi,Delhi,2024-10-27 00:00:00,ACTIVE,964.0
MCH4761,Khalsa PLC,5912.0,PHARMACY,INDIVIDUAL,Jaipur,Rajasthan,2025-01-17 07:20:16,INACTIVE,4970.84
MCH4765,madan-pandey,5699.0,CLOTHING,SOLE_PROPRIETOR,Hyderabad,Telangana,2025-12-03 12:56:00,ACTIVE,1004.95
MCH4767,Prasad Inc,,TELECOM,PRIVATE_LIMITED,Pune,Maharashtra,2023-06-20 00:00:00,INACTIVE,789.87
MCH4769,BARAL-PERI,5699.0,APPAREL,INDIVIDUAL,Jaipur,Rajasthan,2024-01-14 00:00:00,ACTIVE,-1758.52
MCH4770,Mahal-Sood,5411.0,GROCERY,SOLE_PROPRIETOR,Jaipur,Rajasthan,2024-12-17 00:00:00,INACTIVE,489.82
MCH4774,Wadhwa PLC,5311.0,DEPARTMENT STORE,PARTNERSHIP,Jalandhar,Punjab,2026-01-09 14:20:47,ACTIVE,374.94
MCH4775,"DIVAN, BUCH AND KUNDA",4814.0,TELECOM,SOLE_PROPRIETOR,Lucknow,Uttar Pradesh,2025-07-07 00:00:00,INACTIVE,562.44
MCH4776,Bobal-Dutta,5411.0,GROCERY STORES,INDIVIDUAL,Hyderabad,Telangana,2026-02-26 11:47:00,ACTIVE,831.82
MCH4777,Babu-Choudhry,4814.0,TELECOM,INDIVIDUAL,Delhi,Delhi,2026-01-10 00:00:00,ACTIVE,373.4
MCH4778,wali llc,4131.0,TRANSPORT & TRAVEL,PRIVATE_LIMITED,Lucknow,Uttar Pradesh,2025-01-02 00:00:00,ACTIVE,1242.33
MCH4781,"Mohan, Sharaf and Narula",,RETAIL,SOLE_PROPRIETOR,Dilli,Delhi,2024-01-08 00:00:00,ACTIVE,482.6
MCH4782,Salvi-Comar,7011.0,HOTEL & LODGING,SOLE_PROPRIETOR,Jalandhar,Punjab,2025-07-13 09:44:30,ACTIVE,876.5
MCH4786,  Peri-Kannan  ,5999.0,OTHER,PARTNERSHIP,Lucknow,Uttar Pradesh,2025-10-04 00:00:00,ACTIVE,
MCH4788,Chauhan-Kh0s1a,569.0,APPAREL,INDIVIDUAL,Bangalore,Karnataka,,ACTIVE,109.29
MCH4790,date plc,,HOTEL & LODGING,INDIVIDUAL,Amritsar,Punjab,2025-12-11 10:11:45,SUSPENDED,199.0
MCH4792,Agrawal-Prabhu,5812.0,FOOD & DINING,SOLE_PROPRIETOR,Chennai,Tamil Nadu,2025-11-02 16:37:14,INACTIVE,1844.0
MCH4794,borra-dutt,701.0,HOTEL & LODGING,PRIVATE_LIMITED,Jpr,Rajasthan,2024-09-19 22:25:00,ACTIVE,1006.04
MCH4801,  Bhargava-Basak  ,5311.0,RETAIL,SOLE_PROPRIETOR,Lucknow,Uttar Pradesh,2025-11-18 06:19:46,ACTIVE,2920.36
MCH4802,"  Mistry, Roy and Salvi  ",,DEPARTMENT STORE,SOLE_PROPRIETOR,Chennai,Tamil Nadu,2024-08-23 18:00:36,INACTIVE,468.0
MCH4804,Swamy PLC,,APPAREL,PARTNERSHIP,Lucknow,Uttar Pradesh,2025-01-12 09:37:41,SUSPENDED,207.24
MCH4805,"KRISHNAN, BHATNAGAR AND PRASAD",,BOOKS & STATIONERY,PARTNERSHIP,Amritsar,Punjab,2025-07-12 00:00:00,ACTIVE,284.87
MCH4807,"Dutt, Pandey and Tella",5912.0,PHARMACY,INDIVIDUAL,Chennai,Tamil Nadu,2024-05-14 00:00:00,ACTIVE,1458.0
MCH4808,padmanabhan-pathak,5699.0,APPAREL,SOLE_PROPRIETOR,Lucknow,Uttar Pradesh,2024-07-05 18:56:00,INACTIVE,-262.16
MCH4809,  Viswanathan PLC  ,7011.0,HOTEL & LODGING,INDIVIDUAL,Kolkata,West Bengal,2023-07-12 14:32:20,ACTIVE,1713.6
MCH4811,Rattan-Raval,5812.0,FOOD & DINING,PARTNERSHIP,Lucknow,Uttar Pradesh,2025-06-05 00:00:00,ACTIVE,-896.7
MCH4812,rai-aurora,7011.0,HOTEL & LODGING,PRIVATE_LIMITED,Jpr,Rajasthan,2025-09-07 00:00:00,ACTIVE,1732.91
MCH4815,"KARAN, BHATTACHARYYA AND SARAN",5912.0,PHARMACY,PRIVATE_LIMITED,Kolkata,West Bengal,2025-04-10 08:18:32,ACTIVE,1152.86
MCH4818,Deol Inc,5999.0,OTHER,INDIVIDUAL,Delhi,Delhi,2024-04-29 00:00:00,ACTIVE,316.0
MCH4821,"Kade, Dhawan and Kadakia",5411.0,GROCERY,PRIVATE_LIMITED,Mumbai,Maharashtra,2024-03-14 00:00:00,ACTIVE,2277.0
MCH4822,SAMA-KEER,4131.0,TRANSPORT & TRAVEL,PRIVATE_LIMITED,Hyderabad,Telangana,2025-08-07 00:00:00,ACTIVE,736.6
MCH4827,"Deol, Rastogi and Khatri",481.0,TELECOM,SOLE_PROPRIETOR,Lucknow,Uttar Pradesh,2024-10-05 03:12:00,ACTIVE,810.0
MCH4831,GALA GROUP,5311.0,DEPARTMENT STORE,SOLE_PROPRIETOR,Pune,Maharashtra,2025-05-05 00:00:00,ACTIVE,1889.75
MCH4835,  Hari Inc  ,5912.0,PHARMACY,INDIVIDUAL,Hyderabad,Telangana,2024-10-06 00:00:00,ACTIVE,348.86
MCH4836,"  Sidhu, Krish and Wadhwa  ",5812.0,FOOD & DINING,INDIVIDUAL,Pune,Maharashtra,2025-11-15 20:13:55,ACTIVE,431.0
MCH4838,SRINIVASAN LTD,5699.0,APPAREL,PARTNERSHIP,Ludhiana,Punjab,2023-11-05 10:10:13,ACTIVE,193.54
MCH4839,Sura-Mall,,TRANSPORT & TRAVEL,PRIVATE_LIMITED,Ludhiana,Punjab,2025-12-08 00:00:00,ACTIVE,682.13
MCH4841,"Soman, Chhabra and Rau",5812.0,FOOD & DINING,INDIVIDUAL,Hyderabad,Telangana,2025-06-04 00:00:00,ACTIVE,611.25
MCH4842,Pa11a LLC,5942.0,BOOKS & STATIONERY,INDIVIDUAL,Kolkata,West Bengal,2024-12-19 00:00:00,ACTIVE,3127.0
MCH4843,KURUVILLA-PILLAY,4814.0,TELECOM,INDIVIDUAL,Bengaluru,Karnataka,2025-08-18 00:00:00,ACTIVE,-898.89
MCH4844,Trivedi-De01,7011.0,HOTEL & LODGING,INDIVIDUAL,Bengaluru,Karnataka,2024-06-23 06:58:47,ACTIVE,798.53
MCH4846,arora-raghavan,5999.0,RETAIL OTHER,PRIVATE_LIMITED,Jaipur,Rajasthan,2025-09-12 15:21:55,ACTIVE,-1546.33
MCH4847,Dhillon-Pillay,7011.0,HOTEL & LODGING,PRIVATE_LIMITED,Lucknow,Uttar Pradesh,2023-10-12 00:00:00,ACTIVE,2178.15
MCH4848,"Borra, Balakrishnan and Chad",5699.0,APPAREL,PARTNERSHIP,Delhi,Delhi,2024-06-18 00:00:00,ACTIVE,3072.49
MCH4856,Aurora Ltd,4814.0,TELECOM,SOLE_PROPRIETOR,Jaipur,Rajasthan,2024-05-13 21:42:00,INACTIVE,3394.14
MCH4857,Sethi-Soni,4131.0,TRANSPORT & TRAVEL,INDIVIDUAL,Ludhiana,Punjab,2026-02-28 06:57:59,ACTIVE,278.84
MCH4858,MALHOTRA-DOCTOR,4814.0,TELECOM,INDIVIDUAL,Ludhiana,Punjab,2024-11-20 00:00:00,ACTIVE,7460.92
MCH4859,VASA-RAJU,5812.0,FOOD & DINING,SOLE_PROPRIETOR,Hyderabad,Telangana,2025-03-17 02:59:45,ACTIVE,214.0
MCH4863,GILL PLC,5812.0,FOOD & DINING,INDIVIDUAL,Hyderabad,Telangana,2024-01-07 00:00:00,ACTIVE,552.87
MCH4864,Date Ltd,5411.0,GROCERY,PRIVATE_LIMITED,Blr,Karnataka,2023-06-12 01:02:00,ACTIVE,4042.64
MCH4867,"Nath, Taneja and Dey",581.0,EATING PLACE,PARTNERSHIP,Bangalore,Karnataka,2024-05-08 00:00:00,ACTIVE,726.56
MCH4870,Rana Inc,481.0,TELECOM,INDIVIDUAL,Amritsar,Punjab,2024-12-07 12:35:00,SUSPENDED,1127.0
MCH4871,KUNDA LTD,5812.0,FOOD & DINING,PARTNERSHIP,Lucknow,Uttar Pradesh,2024-09-02 06:08:34,SUSPENDED,648.87
MCH4874,"chanda, bahl and kohli",5699.0,APPAREL,SOLE_PROPRIETOR,Mumbai,Maharashtra,2024-12-02 00:00:00,ACTIVE,709.03
MCH4875,"Sangha, Sodhi and Banik",5999.0,RETAIL OTHER,SOLE_PROPRIETOR,Kolkata,West Bengal,2023-12-03 09:59:00,INACTIVE,303.18
MCH4876,"Dugar, Prasad and Pal",5812.0,FOOD & DINING,PARTNERSHIP,Chennai,Tamil Nadu,2023-09-09 00:00:00,ACTIVE,1346.64
MCH4881,"Wadhwa, Morar and Kara",5912.0,PHARMACY,SOLE_PROPRIETOR,Jalandhar,Punjab,2023-08-26 00:00:00,ACTIVE,367.72
MCH4884,"Reddy, Wason and Magar",413.0,TRANSPORT & TRAVEL,PRIVATE_LIMITED,Kolkata,West Bengal,2023-05-16 00:00:00,INACTIVE,2421.0
MCH4886,Mangat-Gh0se,5999.0,MISC RETAIL,SOLE_PROPRIETOR,Pune,Maharashtra,2023-11-03 00:00:00,ACTIVE,551.0
MCH4888,Saha-Jani,4814.0,TELECOM,SOLE_PROPRIETOR,Ludhiana,Punjab,2025-11-20 00:00:00,ACTIVE,308.77
MCH4889,Bhatti-Kapoor,5999.0,MISC RETAIL,INDIVIDUAL,Jalandhar,Punjab,2025-01-26 00:00:00,ACTIVE,2464.23
MCH4893,jani-verma,413.0,TRANSPORT & TRAVEL,PARTNERSHIP,Jalandhar,Punjab,2023-08-11 22:02:04,ACTIVE,1601.52
MCH4897,Bahl PLC,4131.0,TRANSPORT & TRAVEL,PARTNERSHIP,Amritsar,Punjab,2024-09-03 00:00:00,ACTIVE,6953.87
MCH4900,Karpe PLC,5411.0,GROCERY STORES,SOLE_PROPRIETOR,Jalandhar,Punjab,2025-02-04 00:00:00,ACTIVE,2695.78
MCH4902,"Pingle, Choudhary and Raghavan",7011.0,HOTEL & LODGING,SOLE_PROPRIETOR,Bengaluru,Karnataka,2023-03-31 00:00:00,ACTIVE,482.41
MCH4903,Khatri Gr0up,5311.0,DEPARTMENT STORE,INDIVIDUAL,Delhi,Delhi,2024-07-07 00:00:00,ACTIVE,
MCH4904,"Vohra, Lanka and Bumb",4814.0,TELECOM,PARTNERSHIP,Chennai,Tamil Nadu,2023-09-25 03:37:00,ACTIVE,1946.13
MCH4906,Gaba LLC,5812.0,FOOD & DINING,PRIVATE_LIMITED,Jaipur,Rajasthan,2024-01-31 00:00:00,ACTIVE,1902.8
MCH4909,"Sharaf, Lalla and Rattan",,BOOKS & STATIONERY,SOLE_PROPRIETOR,Kolkata,West Bengal,2025-02-16 20:04:00,SUSPENDED,650.04
MCH4911,"Nigam, Mahajan and Misra",5411.0,GROCERY,INDIVIDUAL,Bengaluru,Karnataka,2025-06-14 00:00:00,ACTIVE,689.3
MCH4912,Devi Group,,GROCERY,SOLE_PROPRIETOR,Kolkata,West Bengal,2025-07-07 01:25:23,ACTIVE,1738.86
MCH4913,Baral-Bhattacharyya,4131.0,TRANSPORT & TRAVEL,INDIVIDUAL,Amritsar,Punjab,2023-05-19 19:12:00,INACTIVE,697.03
MCH4914,BORA INC,,DEPARTMENT STORE,SOLE_PROPRIETOR,Jaipur,Rajasthan,2024-05-12 00:00:00,ACTIVE,4227.85
MCH4916,  Rama-Patel  ,5942.0,BOOKS & STATIONERY,INDIVIDUAL,Delhi,Delhi,2025-06-24 22:01:00,ACTIVE,-2293.01
MCH4917,"Bhat, Saha and Wable",4131.0,TRANSPORT & TRAVEL,PRIVATE_LIMITED,Jaipur,Rajasthan,2025-04-14 00:00:00,ACTIVE,6159.51
MCH4918,GANESH INC,,HOTEL & LODGING,INDIVIDUAL,Lucknow,Uttar Pradesh,2023-12-09 00:00:00,ACTIVE,651.04
MCH4922,Cheema Group,5999.0,MISC RETAIL,PARTNERSHIP,Hyderabad,Telangana,2024-03-20 00:00:00,ACTIVE,324.81
MCH4926,Shankar Ltd,5812.0,FOOD & DINING,INDIVIDUAL,Hyderabad,Telangana,2024-12-28 03:14:33,ACTIVE,
MCH4927,mohan plc,5699.0,APPAREL,INDIVIDUAL,Jpr,Rajasthan,2025-03-04 00:00:00,ACTIVE,1972.99
MCH4928,"NARANG, BEDI AND SACHAR",5699.0,APPAREL,PRIVATE_LIMITED,Jalandhar,Punjab,2025-09-25 00:00:00,ACTIVE,3146.1
MCH4930,Dasgupta-Dua,,FOOD & DINING,PARTNERSHIP,Jaipur,Rajasthan,2025-06-25 14:06:00,ACTIVE,-1023.36
MCH4932,KHOSLA AND SONS,5812.0,FOOD & DINING,SOLE_PROPRIETOR,Jalandhar,Punjab,2024-08-09 02:55:00,INACTIVE,340.55
MCH4934,Shroff Inc,5912.0,PHARMACY,PRIVATE_LIMITED,Asr,Punjab,2025-08-12 00:00:00,ACTIVE,1471.24
MCH4936,"Bhalla, Gour and Khare",5411.0,GROCERY,INDIVIDUAL,Jalandhar,Punjab,2025-10-14 00:00:00,ACTIVE,739.83
MCH4937,Mand and Sons,5912.0,PHARMACY,PARTNERSHIP,Kolkata,West Bengal,,INACTIVE,2054.97
MCH4939,Bath-Kumer,4814.0,TELECOM,PARTNERSHIP,Delhi,Delhi,2023-10-06 12:33:00,ACTIVE,1620.24
MCH4943,Sawhney-Dugar,7011.0,HOTEL & LODGING,SOLE_PROPRIETOR,Chennai,Tamil Nadu,2023-07-16 00:00:00,INACTIVE,470.52
MCH4944,"Pillai, Kurian and Sunder",,GROCERY,SOLE_PROPRIETOR,Mumbai,Maharashtra,2023-04-08 22:00:12,ACTIVE,907.45
MCH4947,M0han-Sah0ta,413.0,TRANSPORT & TRAVEL,INDIVIDUAL,Mumbay,Maharashtra,2025-04-22 00:00:00,ACTIVE,1906.18
MCH4948,Dass-Dhaliwal,581.0,FOOD & DINING,PARTNERSHIP,Jalandhar,Punjab,2024-06-25 00:00:00,ACTIVE,-1356.31
MCH4951,"natt, dyal and gill",5411.0,GROCERY,PRIVATE_LIMITED,Pune,Maharashtra,2026-01-02 00:00:00,ACTIVE,430.18
MCH4952,"Anne,ChoudhryandBhattacharyya",5812.0,FOOD & DINING,INDIVIDUAL,Dilli,Delhi,,ACTIVE,4302.0
MCH4956,Kant-Setty,5411.0,GROCERY,SOLE_PROPRIETOR,Jpr,Rajasthan,2025-01-22 00:00:00,ACTIVE,6450.59
MCH4957,Natt Ltd,5699.0,APPAREL,INDIVIDUAL,Lucknow,Uttar Pradesh,,ACTIVE,1324.11
MCH4958,Dara Inc,4814.0,TELECOM,PARTNERSHIP,Pune,Maharashtra,2025-03-30 00:00:00,ACTIVE,
MCH4962,venkataraman-mannan,5942.0,BOOKS & STATIONERY,PRIVATE_LIMITED,Chennai,Tamil Nadu,2025-07-15 06:02:14,ACTIVE,266.61
MCH4963,AtwalLtd,5912.0,PHARMACY,SOLE_PROPRIETOR,Hyderabad,Telangana,2024-09-17 15:34:47,ACTIVE,
MCH4964,SARKAR-GODA,5311.0,DEPARTMENT STORE,PRIVATE_LIMITED,Pune,Maharashtra,2025-07-14 00:00:00,SUSPENDED,1517.0
MCH4965,"  Shukla, Brahmbhatt and Natarajan  ",5699.0,APPAREL,INDIVIDUAL,Pune,Maharashtra,2024-11-20 08:09:00,ACTIVE,168.46
MCH4967,Mallick PLC,4131.0,TRANSPORT & TRAVEL,PARTNERSHIP,Amritsar,Punjab,2025-08-22 00:00:00,ACTIVE,-3082.77
MCH4968,Choudhry Inc,4814.0,TELECOM,PARTNERSHIP,Jaipur,Rajasthan,,ACTIVE,1122.44
MCH4969,"Bobal, Garde and Upadhyay",4814.0,TELECOM,SOLE_PROPRIETOR,Chennai,Tamil Nadu,2023-11-01 00:00:00,ACTIVE,817.93
MCH4971,"Gopal, Jayaraman and Narayan",5942.0,BOOK STORE,INDIVIDUAL,Lucknow,Uttar Pradesh,2024-11-20 07:33:00,ACTIVE,650.74
MCH4972,Seshadri-Dalal,5311.0,DEPARTMENT STORES,PARTNERSHIP,Pune,Maharashtra,2025-10-03 00:00:00,ACTIVE,-1064.98
MCH4973,vala-raval,7011.0,HOTEL & LODGING,PRIVATE_LIMITED,Chennai,Tamil Nadu,2024-05-04 00:00:00,ACTIVE,859.46
MCH4974,Krishna PLC,5699.0,APPAREL,INDIVIDUAL,Kolkata,West Bengal,2023-04-18 00:00:00,SUSPENDED,1458.56
MCH4975,"NAGY, KURUVILLA AND SAXENA",7011.0,HOTEL & LODGING,SOLE_PROPRIETOR,Delhi,Delhi,2025-05-25 00:00:00,ACTIVE,621.98
MCH4976,Walla and Sons,5942.0,BOOKS & STATIONERY,SOLE_PROPRIETOR,Bengaluru,Karnataka,2025-10-21 00:00:00,ACTIVE,929.0
MCH4977,ARORA-NAYAK,5999.0,OTHER,INDIVIDUAL,Ludhiana,Punjab,2025-05-03 00:00:00,ACTIVE,1505.38
MCH4980,Batra LLC,5411.0,GROCERY,INDIVIDUAL,Pune,Maharashtra,,ACTIVE,2806.42
MCH4982,Upadhyay-Thaker,5699.0,APPAREL,PRIVATE_LIMITED,Pune,Maharashtra,2023-04-10 00:00:00,ACTIVE,
MCH4983,"Magar, Ratta and Choudhary",541.0,GROCERY,PARTNERSHIP,Ludhiana,Punjab,2023-05-07 00:00:00,ACTIVE,617.98
MCH4984,"Aurora, Mohan and Jain",4814.0,TELECOM,SOLE_PROPRIETOR,Jaipur,Rajasthan,2024-07-02 00:00:00,ACTIVE,-1500.11
MCH4985,HAYRE AND SONS,5942.0,BOOKS & STATIONERY,PARTNERSHIP,Lucknow,Uttar Pradesh,2023-08-01 00:00:00,ACTIVE,1981.89
MCH4989,Khanna and Sons,7011.0,HOTEL & LODGING,PRIVATE_LIMITED,Ludhiana,Punjab,2025-09-25 00:00:00,ACTIVE,1981.95
MCH4990,"Ramakrishnan, Dey and Thakkar",5411.0,GROCERY,PRIVATE_LIMITED,Mumbai,Maharashtra,,ACTIVE,
MCH4992,VISWANATHAN-PANDEY,7011.0,HOTEL & LODGING,INDIVIDUAL,Jalandhar,Punjab,2024-02-19 00:00:00,SUSPENDED,918.79
MCH4994,"Uppal, Bawa and Gera",581.0,EATING PLACE,SOLE_PROPRIETOR,Delhi,Delhi,2023-04-21 00:00:00,ACTIVE,1710.0
MCH4998,"Sura, Kanda and Chopra",541.0,GROCERY STORES,PARTNERSHIP,Pune,Maharashtra,2023-12-11 21:39:11,INACTIVE,-2782.68
MCH5000,Lad Group,5999.0,OTHER,PRIVATE_LIMITED,Kolkata,West Bengal,2025-01-05 17:26:50,ACTIVE,-341.11
MCH5001,Narayan LLC,5812.0,EATING PLACE,PARTNERSHIP,Pune,Maharashtra,2023-06-17 00:00:00,ACTIVE,1893.51
MCH5009,arora-wagle,5699.0,APPAREL,INDIVIDUAL,Hyderabad,Telangana,2024-11-06 16:41:40,INACTIVE,1125.91
MCH5015,"Pall, Mand and Balakrishnan",5812.0,EATING PLACE,SOLE_PROPRIETOR,Lucknow,Uttar Pradesh,2024-12-23 20:34:32,ACTIVE,2215.59
MCH5017,"Datta, Sinha and Pat1a",7011.0,HOTEL & LODGING,SOLE_PROPRIETOR,Kolkata,West Bengal,2024-11-25 00:00:00,ACTIVE,617.0
MCH5019,"Sah0ta, Rama and Rama",591.0,PHARMACY,PARTNERSHIP,Lucknow,Uttar Pradesh,2025-07-27 00:00:00,ACTIVE,955.0
MCH5020,Sarna-Sarraf,5411.0,GROCERY,INDIVIDUAL,Lucknow,Uttar Pradesh,2023-02-27 19:58:28,ACTIVE,3351.89
MCH5021,"Badami, Chatterjee and Handa",4814.0,TELECOM,SOLE_PROPRIETOR,Hyderabad,Telangana,2024-08-22 22:52:16,ACTIVE,443.63
MCH5023,CHATTERJEE-KALLA,5912.0,PHARMACY,PARTNERSHIP,Mumbai,Maharashtra,2024-12-31 00:00:00,ACTIVE,-5484.78
MCH5027,Mukhopadhyay-Brar,5999.0,RETAIL OTHER,PARTNERSHIP,Ludhiana,Punjab,2023-10-17 00:00:00,ACTIVE,3103.67
MCH5028,"Chhabra, Deo and Chakrabarti",7011.0,HOTEL & LODGING,PARTNERSHIP,Ludhiana,Punjab,2024-03-14 00:00:00,INACTIVE,716.94
MCH5036,Dutt-Nagy,5812.0,FOOD & DINING,INDIVIDUAL,New Delhi,Delhi,2023-03-15 00:48:00,ACTIVE,1947.0
MCH5037,Chadha LLC,5311.0,DEPARTMENT STORE,PRIVATE_LIMITED,Jpr,Rajasthan,2025-03-05 00:00:00,ACTIVE,-5536.23
MCH5038,"din, som and bahl",,PHARMACY,PARTNERSHIP,Lucknow,Uttar Pradesh,2024-10-20 00:00:00,ACTIVE,1056.12
MCH5040,NAYAR-KHATRI,4814.0,TELECOM,INDIVIDUAL,Pune,Maharashtra,2025-04-30 04:40:00,ACTIVE,1055.33
MCH5042,Narasimhan Ltd,7011.0,HOTEL & LODGING,PRIVATE_LIMITED,Pune,Maharashtra,2025-11-03 00:00:00,ACTIVE,
MCH5043,"Chakraborty, Gour and Kothari",4131.0,TRANSPORT & TRAVEL,PRIVATE_LIMITED,Kolkata,West Bengal,2025-03-17 00:00:00,INACTIVE,614.63
MCH5044,Mahajan-Narasimhan,,BOOK STORE,INDIVIDUAL,Chennai,Tamil Nadu,2025-04-09 00:00:00,ACTIVE,1148.0
MCH5045,More-Doctor,,DEPARTMENT STORE,INDIVIDUAL,Bangalore,Karnataka,2025-09-15 22:04:19,SUSPENDED,145.75
MCH5050,Subramanian-Dua,5942.0,BOOK STORE,PARTNERSHIP,Pune,Maharashtra,2025-08-28 14:42:57,ACTIVE,1506.0
MCH5052,Pillay-Bora,,RETAIL OTHER,PARTNERSHIP,Hyderabad,Telangana,2024-01-04 00:00:00,ACTIVE,1127.0
MCH5054,"Kara, Mandal and Mitra",5812.0,EATING PLACE,SOLE_PROPRIETOR,Kolkata,West Bengal,2024-01-29 00:00:00,SUSPENDED,5895.31
MCH5055,Aggarwal-Doctor,591.0,PHARMACY,PRIVATE_LIMITED,Hyderabad,Telangana,2024-07-04 02:56:33,ACTIVE,3805.08
MCH5056,subramaniam plc,541.0,GROCERY,PARTNERSHIP,Blr,Karnataka,,SUSPENDED,473.92
MCH5061,Natarajan Inc,569.0,APPAREL,SOLE_PROPRIETOR,Ludhiana,Punjab,2025-10-10 11:35:42,ACTIVE,1265.19
MCH5064,bassi inc,5812.0,FOOD & DINING,INDIVIDUAL,Delhi,Delhi,2025-12-27 16:24:04,INACTIVE,1024.0
MCH5067,Mangat-Pant,4814.0,TELECOM,INDIVIDUAL,Pune,Maharashtra,2024-02-27 00:00:00,ACTIVE,1263.65
MCH5070,Rau-Nagar,5999.0,RETAIL OTHER,PRIVATE_LIMITED,Chennai,Tamil Nadu,2024-12-04 11:51:13,ACTIVE,11139.0
MCH5072,Shroff-Sangha,5999.0,RETAIL OTHER,PRIVATE_LIMITED,Jaipur,Rajasthan,2024-12-08 00:00:00,ACTIVE,3955.29
MCH5077,"Chauhan, Thakur and Chacko",541.0,GROCERY,INDIVIDUAL,Jpr,Rajasthan,2023-11-12 01:16:55,INACTIVE,250.88
MCH5079,Ramaswamy-Trivedi,531.0,DEPARTMENT STORE,PRIVATE_LIMITED,Blr,Karnataka,2024-07-01 00:00:00,SUSPENDED,549.02
MCH5080,"Shere, Jha and Sarma",5912.0,PHARMACY,SOLE_PROPRIETOR,Kolkata,West Bengal,2025-02-22 20:56:00,ACTIVE,2711.51
MCH5081,  Grewal-Dutt  ,5942.0,BOOKS & STATIONERY,PARTNERSHIP,Jaipur,Rajasthan,2024-09-22 00:00:00,ACTIVE,624.18
MCH5084,Doshi LLC,5942.0,BOOKS & STATIONERY,INDIVIDUAL,Jalandhar,Punjab,2025-11-06 20:48:00,ACTIVE,182.0
MCH5086,Balan LLC,5999.0,OTHER,PRIVATE_LIMITED,Amritsar,Punjab,2023-12-19 00:00:00,ACTIVE,575.58
MCH5089,Korpal-Parmer,531.0,RETAIL,PRIVATE_LIMITED,Jaipur,Rajasthan,2024-06-14 00:00:00,ACTIVE,3730.0
MCH5090,Chacko-Dora,5411.0,GROCERY,SOLE_PROPRIETOR,Hyderabad,Telangana,2023-12-27 00:00:00,ACTIVE,-658.73
MCH5091,Rau-Ratta,5812.0,EATING PLACE,PARTNERSHIP,Kolkata,West Bengal,2024-03-24 00:00:00,ACTIVE,755.0
MCH5092,Dubey-Gade,4814.0,TELECOM,PARTNERSHIP,Kolkata,West Bengal,2023-07-01 00:00:00,ACTIVE,730.73
MCH5093,Khatri-Kata,5411.0,GROCERY,PARTNERSHIP,Jpr,Rajasthan,2024-10-28 00:00:00,INACTIVE,1344.37
MCH5097,SATHE INC,5311.0,DEPARTMENT STORE,SOLE_PROPRIETOR,Jaipur,Rajasthan,2023-05-07 00:00:00,ACTIVE,997.33
MCH5100,Garde-Mody,,GROCERY,SOLE_PROPRIETOR,Hyderabad,Telangana,2023-12-02 00:00:00,ACTIVE,347.68
MCH5103,"MORAR, KANNAN AND PUROHIT",7011.0,HOTEL & LODGING,INDIVIDUAL,Lucknow,Uttar Pradesh,2023-11-12 00:00:00,SUSPENDED,
MCH5106,Sagar LLC,591.0,PHARMACY,INDIVIDUAL,Jalandhar,Punjab,2026-02-23 06:38:00,ACTIVE,1707.71
MCH5108,bora llc,5411.0,GROCERY,PRIVATE_LIMITED,Jalandhar,Punjab,2025-03-16 12:39:17,ACTIVE,
MCH5110,"deshpande, verma and shenoy",5942.0,BOOK STORE,PRIVATE_LIMITED,Pune,Maharashtra,2024-11-11 00:00:00,INACTIVE,-555.9
MCH5111,Ramachandran Group,,DEPARTMENT STORES,PRIVATE_LIMITED,Ludhiana,Punjab,2026-05-01 10:29:00,ACTIVE,541.94
MCH5112,Agarwa1 Ltd,5311.0,RETAIL,PRIVATE_LIMITED,Chennai,Tamil Nadu,2026-02-18 00:00:00,ACTIVE,782.67
MCH5113,Mani-Buch,5699.0,APPAREL,PARTNERSHIP,Pune,Maharashtra,2025-11-04 22:11:00,ACTIVE,2132.66
MCH5114,  Sarraf-Iyengar  ,5912.0,PHARMACY,INDIVIDUAL,Delhi,Delhi,2025-02-26 09:24:05,ACTIVE,452.11
MCH5117,BAVA-SANI,5311.0,DEPARTMENT STORE,PRIVATE_LIMITED,Amritsar,Punjab,2023-05-07 15:56:29,ACTIVE,557.72
MCH5119,Raghavan-Shere,581.0,FOOD & DINING,SOLE_PROPRIETOR,Chennai,Tamil Nadu,2025-09-14 00:00:00,ACTIVE,1149.0
MCH5121,ramakrishnan inc,4131.0,TRANSPORT & TRAVEL,SOLE_PROPRIETOR,Ludhiana,Punjab,2023-11-27 00:00:00,ACTIVE,3794.33
MCH5122,K0ta-R0y,5699.0,APPAREL,INDIVIDUAL,Delhi,Delhi,2025-08-20 00:00:00,ACTIVE,390.64
MCH5125,Dave and Sons,5812.0,FOOD & DINING,PRIVATE_LIMITED,Ludhiana,Punjab,2025-06-15 00:00:00,ACTIVE,838.15
MCH5127,Sankar Group,7011.0,HOTEL & LODGING,PARTNERSHIP,New Delhi,Delhi,2024-06-09 00:00:00,ACTIVE,2034.47
MCH5129,"kant, chaudhari and sarna",4131.0,TRANSPORT & TRAVEL,SOLE_PROPRIETOR,Chennai,Tamil Nadu,2025-07-19 00:00:00,ACTIVE,4873.16
MCH5133,sawhney group,,GROCERY,INDIVIDUAL,Hyderabad,Telangana,2024-12-10 00:00:00,ACTIVE,1388.77
MCH5135,kapoor ltd,5699.0,APPAREL,PARTNERSHIP,Chennai,Tamil Nadu,2024-02-25 00:00:00,ACTIVE,1221.22
MCH5136,Thakur and Sons,4131.0,TRANSPORT & TRAVEL,SOLE_PROPRIETOR,Jaipur,Rajasthan,2025-02-10 00:00:00,SUSPENDED,2681.3
MCH5137,Bath-Keer,4814.0,TELECOM,PRIVATE_LIMITED,Bengaluru,Karnataka,2024-11-06 00:00:00,SUSPENDED,634.0
MCH5141,Sinha Ltd,,APPAREL,SOLE_PROPRIETOR,Jpr,Rajasthan,2025-07-27 00:03:05,INACTIVE,764.85
MCH5144,Johal Ltd,7011.0,HOTEL & LODGING,SOLE_PROPRIETOR,Jalandhar,Punjab,2024-02-01 16:44:47,INACTIVE,490.7
MCH5146,Wadhwa-Swamy,531.0,DEPARTMENT STORES,PARTNERSHIP,Jalandhar,Punjab,2023-05-11 00:00:00,ACTIVE,
MCH5147,"  Rao, Mahal and Wable  ",5999.0,OTHER,PRIVATE_LIMITED,Jalandhar,Punjab,2024-09-16 08:12:00,ACTIVE,687.0
MCH5148,"Bose, Ranganathan and Bose",5411.0,GROCERY,INDIVIDUAL,Amritsar,Punjab,2024-10-20 00:00:00,ACTIVE,
MCH5151,Sachar-Lad,4131.0,TRANSPORT & TRAVEL,PARTNERSHIP,Mumbai,Maharashtra,2025-04-09 22:00:45,ACTIVE,703.87
MCH5154,DHINGRA-SUNDER,5999.0,MISC RETAIL,SOLE_PROPRIETOR,Pune,Maharashtra,2025-06-14 00:00:00,ACTIVE,2001.0
MCH5156,"Bumb, Buch and R0ut",7011.0,HOTEL & LODGING,PRIVATE_LIMITED,Mumbai,Maharashtra,2025-11-10 21:13:00,ACTIVE,1483.33
MCH5159,"Boase, Nadkarni and Kala",4131.0,TRANSPORT & TRAVEL,PRIVATE_LIMITED,Jpr,Rajasthan,2025-05-18 00:00:00,ACTIVE,214.1
MCH5160,subramanian inc,7011.0,HOTEL & LODGING,PARTNERSHIP,Amritsar,Punjab,2025-11-17 00:00:00,ACTIVE,1435.76
MCH5162,Srinivas-Sule,5311.0,RETAIL,INDIVIDUAL,Jaipur,Rajasthan,2025-02-20 00:00:00,ACTIVE,1145.33
MCH5163,"Pandit, Lad and V0ra",4814.0,TELECOM,INDIVIDUAL,Kolkata,West Bengal,2023-05-31 00:00:00,ACTIVE,1014.92
MCH5164,"Yohannan,SahniandBasak",,DEPARTMENT STORE,INDIVIDUAL,Mumbay,Maharashtra,2023-09-01 00:00:00,INACTIVE,830.61
MCH5166,Rastogi Ltd,,GROCERY,INDIVIDUAL,Hyderabad,Telangana,2025-11-10 00:00:00,ACTIVE,1432.96
MCH5167,Bose and Sons,5942.0,BOOK STORE,PRIVATE_LIMITED,Jalandhar,Punjab,2025-08-20 17:50:00,INACTIVE,1269.25
MCH5169,Kurian-Narayan,5942.0,BOOKS & STATIONERY,INDIVIDUAL,Jalandhar,Punjab,2024-06-01 00:00:00,ACTIVE,1621.49
MCH5171,"pandya, bawa and kibe",4131.0,TRANSPORT & TRAVEL,PARTNERSHIP,Jpr,Rajasthan,2024-11-18 00:00:00,ACTIVE,1895.53
MCH5176,"Samra,SampathandChaudhuri",4131.0,TRANSPORT & TRAVEL,INDIVIDUAL,Jalandhar,Punjab,2025-03-18 00:00:00,ACTIVE,905.0
MCH5180,Varkey Inc,5699.0,APPAREL,INDIVIDUAL,Lucknow,Uttar Pradesh,2025-09-26 08:36:21,ACTIVE,1047.37
MCH5182,"kadakia, raman and badal",4131.0,TRANSPORT & TRAVEL,SOLE_PROPRIETOR,Asr,Punjab,2023-07-15 00:00:00,INACTIVE,932.0
MCH5183,Chandra LLC,594.0,BOOKS & STATIONERY,INDIVIDUAL,Jaipur,Rajasthan,2023-10-16 12:28:48,ACTIVE,578.29
MCH5186,Dey-Bansal,5912.0,PHARMACY,SOLE_PROPRIETOR,Chennai,Tamil Nadu,2025-09-21 00:00:00,ACTIVE,365.0
MCH5188,"Dube, Nair and Datta",4131.0,TRANSPORT & TRAVEL,INDIVIDUAL,Jalandhar,Punjab,2023-03-22 00:00:00,ACTIVE,2008.92
MCH5190,Karpe Inc,5942.0,BOOKS & STATIONERY,SOLE_PROPRIETOR,New Delhi,Delhi,2024-06-07 13:34:28,ACTIVE,2042.93
MCH5193,Shetty Inc,5912.0,PHARMACY,PARTNERSHIP,Amritsar,Punjab,2025-07-13 00:00:00,ACTIVE,-1291.02
MCH5196,Saini Ltd,5311.0,RETAIL,PRIVATE_LIMITED,Jalandhar,Punjab,2025-02-23 00:00:00,SUSPENDED,-922.86
MCH5197,AcharyaInc,4131.0,TRANSPORT & TRAVEL,PRIVATE_LIMITED,Jalandhar,Punjab,,ACTIVE,699.94
MCH5200,  Saha PLC  ,4131.0,TRANSPORT & TRAVEL,PRIVATE_LIMITED,Ludhiana,Punjab,2025-11-10 08:57:00,ACTIVE,913.24
MCH5203,"Goel, Mishra and Ram",4814.0,TELECOM,SOLE_PROPRIETOR,Blr,Karnataka,2023-04-28 00:00:00,ACTIVE,3326.82
MCH5204,Sibal-Kanda,,BOOKS & STATIONERY,PRIVATE_LIMITED,Ludhiana,Punjab,2025-06-20 00:00:00,ACTIVE,-692.13
MCH5205,"Yogi, Minhas and Goda",5311.0,DEPARTMENT STORE,PARTNERSHIP,Ludhiana,Punjab,2025-06-01 00:00:00,INACTIVE,455.0
MCH5208,mann inc,541.0,GROCERY,PRIVATE_LIMITED,Hyderabad,Telangana,2023-10-04 08:46:00,SUSPENDED,1269.59
MCH5210,"Gill, Acharya and Naidu",5912.0,PHARMACY,PARTNERSHIP,Amritsar,Punjab,2024-12-10 00:00:00,SUSPENDED,1319.3
MCH5213,Keer-Yadav,701.0,HOTEL & LODGING,PRIVATE_LIMITED,Jalandhar,Punjab,2023-04-09 17:38:00,ACTIVE,2157.19
MCH5215,Tank-Golla,5999.0,MISC RETAIL,INDIVIDUAL,Hyderabad,Telangana,2024-08-06 02:20:00,ACTIVE,1953.0
MCH5217,"Kapur, Sabharwal and Chaudhuri",5311.0,RETAIL,SOLE_PROPRIETOR,Lucknow,Uttar Pradesh,2023-03-07 21:02:17,INACTIVE,499.03
MCH5219,"PRAKASH, AMBLE AND MUKHOPADHYAY",7011.0,HOTEL & LODGING,SOLE_PROPRIETOR,Jaipur,Rajasthan,2024-06-21 13:59:32,ACTIVE,-2597.41
MCH5222,"Char, Warrior and Cherian",5699.0,APPAREL,PARTNERSHIP,Chennai,Tamil Nadu,2024-03-19 18:57:00,INACTIVE,352.83
MCH5223,"Dua, Raj and Aurora",5812.0,FOOD & DINING,PRIVATE_LIMITED,Ludhiana,Punjab,2024-06-08 00:00:00,ACTIVE,986.86
MCH5224,Prabhakar-Baral,5999.0,OTHER,SOLE_PROPRIETOR,Delhi,Delhi,2024-06-02 19:20:00,ACTIVE,873.18
MCH5225,"Bera, Guha and Narayan",5942.0,BOOK STORE,INDIVIDUAL,Hyderabad,Telangana,2025-08-16 05:25:00,ACTIVE,
MCH5226,Tiwari-Pau,5999.0,OTHER,INDIVIDUAL,Lucknow,Uttar Pradesh,2023-12-24 02:18:00,ACTIVE,271.33
MCH5227,Gala PLC,7011.0,HOTEL & LODGING,PARTNERSHIP,Kolkata,West Bengal,2026-01-21 00:00:00,ACTIVE,
MCH5230,Bajaj Ltd,,TRANSPORT & TRAVEL,PARTNERSHIP,Delhi,Delhi,2024-01-02 00:00:00,ACTIVE,3959.52
MCH5231,Varghese-Rattan,,GROCERY,PARTNERSHIP,Delhi,Delhi,2026-05-02 00:00:00,ACTIVE,692.04
MCH5233,Raghavan-Mall,481.0,TELECOM,PARTNERSHIP,Bengaluru,Karnataka,2026-11-02 05:56:00,ACTIVE,3087.5
MCH5235,palla inc,5942.0,BOOK STORE,PARTNERSHIP,Blr,Karnataka,2024-10-27 00:00:00,ACTIVE,3807.5
MCH5236,"More, Luthra and Deol",5999.0,RETAIL OTHER,PARTNERSHIP,Amritsar,Punjab,2023-02-11 00:00:00,ACTIVE,1110.58
MCH5237,"Dave, Sani and Swaminathan",,PHARMACY,PARTNERSHIP,Delhi,Delhi,2026-02-09 00:00:00,SUSPENDED,1955.24
MCH5239,Saha Inc,5999.0,RETAIL OTHER,INDIVIDUAL,Lucknow,Uttar Pradesh,2025-09-29 00:00:00,ACTIVE,6907.0
MCH5242,Mishra-Dua,5311.0,DEPARTMENT STORE,INDIVIDUAL,Mumbai,Maharashtra,2024-06-08 00:00:00,ACTIVE,-3063.29
MCH5245,"Bhatt, Kakar and Boase",5311.0,RETAIL,INDIVIDUAL,Jalandhar,Punjab,2025-06-27 04:58:08,ACTIVE,2923.74
MCH5247,Nagi Ltd,4814.0,TELECOM,PARTNERSHIP,Amritsar,Punjab,2025-06-06 00:00:00,SUSPENDED,632.92
MCH5249,Tak Inc,7011.0,HOTEL & LODGING,PRIVATE_LIMITED,Lucknow,Uttar Pradesh,2025-03-10 00:00:00,ACTIVE,-1525.16
MCH5250,Virk-Nadkarni,5999.0,RETAIL OTHER,PARTNERSHIP,Pune,Maharashtra,2023-07-16 00:00:00,SUSPENDED,759.43
MCH5251,Sehgal-Yadav,5411.0,GROCERY,SOLE_PROPRIETOR,Bengaluru,Karnataka,2024-11-18 00:00:00,ACTIVE,625.43
MCH5253,  Balakrishnan PLC  ,5912.0,PHARMACY,SOLE_PROPRIETOR,Mumbai,Maharashtra,2025-07-23 10:23:07,ACTIVE,
MCH5256,GhoshLLC,4131.0,TRANSPORT & TRAVEL,INDIVIDUAL,Chennai,Tamil Nadu,,ACTIVE,429.35
MCH5257,Kara-Sibal,4814.0,TELECOM,INDIVIDUAL,Bengaluru,Karnataka,,ACTIVE,1601.92
MCH5258,Kibe-Ramanathan,,BOOK STORE,PARTNERSHIP,Dilli,Delhi,2024-08-15 00:00:00,ACTIVE,3143.33
MCH5260,"Memon, Ben and Sant",5912.0,PHARMACY,SOLE_PROPRIETOR,Jalandhar,Punjab,2024-07-25 00:00:00,ACTIVE,1467.0
MCH5261,M0dy Gr0up,5942.0,BOOK STORE,INDIVIDUAL,Jaipur,Rajasthan,2025-12-11 00:00:00,ACTIVE,345.16
MCH5263,"Narang, Kata and Pillai",5311.0,DEPARTMENT STORES,PRIVATE_LIMITED,Ludhiana,Punjab,2024-12-08 00:00:00,ACTIVE,
MCH5265,Natt-Munshi,541.0,GROCERY STORES,PRIVATE_LIMITED,Pune,Maharashtra,2024-07-22 00:00:00,ACTIVE,2606.12
MCH5267,"Chandra, Som and Grewal",4131.0,TRANSPORT & TRAVEL,INDIVIDUAL,Hyderabad,Telangana,2025-11-30 22:52:00,ACTIVE,999.83
MCH5268,Nagy-Ravel,5999.0,MISC RETAIL,SOLE_PROPRIETOR,Kolkata,West Bengal,2025-10-23 00:00:00,SUSPENDED,4125.6
MCH5269,"Lala, Raval and Sahni",5942.0,BOOKS & STATIONERY,PARTNERSHIP,Jalandhar,Punjab,2024-10-21 00:00:00,ACTIVE,873.0
MCH5270,"  Kannan, Goda and Kade  ",7011.0,HOTEL & LODGING,INDIVIDUAL,Lucknow,Uttar Pradesh,2023-10-13 12:44:32,INACTIVE,469.0
MCH5271,Choudhary-Chaudhry,5812.0,FOOD & DINING,PARTNERSHIP,Ludhiana,Punjab,2025-11-30 00:00:00,ACTIVE,-605.6
MCH5274,Thakur and Sons,4814.0,TELECOM,SOLE_PROPRIETOR,Chennai,Tamil Nadu,2025-04-21 09:59:18,ACTIVE,983.36
MCH5277,Kannan-Deshmukh,5942.0,BOOK STORE,PRIVATE_LIMITED,Lucknow,Uttar Pradesh,2025-09-26 09:01:09,INACTIVE,4638.51
MCH5278,"  Sarraf, Peri and Ratti  ",5999.0,MISC RETAIL,PRIVATE_LIMITED,Kolkata,West Bengal,2025-04-27 00:00:00,ACTIVE,1446.64
MCH5280,Mani-Chada,4131.0,TRANSPORT & TRAVEL,SOLE_PROPRIETOR,Chennai,Tamil Nadu,2025-03-18 00:00:00,ACTIVE,1112.24
MCH5281,Rajagopalan Ltd,7011.0,HOTEL & LODGING,SOLE_PROPRIETOR,Bengaluru,Karnataka,2024-02-04 00:00:00,ACTIVE,939.26
MCH5283,"  Verma, Narasimhan and Balan  ",,PHARMACY,INDIVIDUAL,Delhi,Delhi,2026-02-05 00:00:00,INACTIVE,1266.0
MCH5285,"Yadav, Dhawan and Bahri",531.0,RETAIL,INDIVIDUAL,Bengaluru,Karnataka,2025-08-03 00:00:00,ACTIVE,220.0
MCH5287,Dhillon Inc,581.0,FOOD & DINING,PARTNERSHIP,Chennai,Tamil Nadu,2025-05-25 09:00:23,ACTIVE,
MCH5288,"THAMAN, MUNI AND OM",5999.0,OTHER,SOLE_PROPRIETOR,Pune,Maharashtra,2023-07-08 00:00:00,ACTIVE,1015.84
MCH5292,Nori-Dugal,5999.0,OTHER,SOLE_PROPRIETOR,Pune,Maharashtra,,INACTIVE,542.0
MCH5293,Varma Inc,,TRANSPORT & TRAVEL,INDIVIDUAL,Bengaluru,Karnataka,2025-12-26 00:00:00,ACTIVE,-1266.49
MCH5294,Bhakta Group,4814.0,TELECOM,PRIVATE_LIMITED,Jaipur,Rajasthan,2023-12-27 00:00:00,ACTIVE,765.13
MCH5295,"Goda, Prashad and Narain",,PHARMACY,INDIVIDUAL,Lucknow,Uttar Pradesh,2024-10-27 00:00:00,ACTIVE,888.39
MCH5298,  Keer and Sons  ,5999.0,OTHER,PARTNERSHIP,Bengaluru,Karnataka,,INACTIVE,600.45
MCH5303,walla inc,5311.0,DEPARTMENT STORES,PRIVATE_LIMITED,Chennai,Tamil Nadu,,ACTIVE,1019.0
MCH5305,taneja inc,7011.0,HOTEL & LODGING,SOLE_PROPRIETOR,Chennai,Tamil Nadu,2024-06-01 00:00:00,ACTIVE,1731.48
MCH5307,"Balan, Varughese and Dave",5812.0,FOOD & DINING,PARTNERSHIP,Pune,Maharashtra,,ACTIVE,204.07
MCH5308,Shukla-Trivedi,,FOOD & DINING,INDIVIDUAL,Jaipur,Rajasthan,2025-11-06 00:00:00,ACTIVE,
MCH5312,Choudhary Inc,541.0,GROCERY,PARTNERSHIP,Kolkata,West Bengal,2023-07-27 00:00:00,ACTIVE,1438.2
MCH5316,Madan Ltd,5311.0,DEPARTMENT STORES,INDIVIDUAL,Kolkata,West Bengal,2023-05-11 17:42:55,ACTIVE,706.61
MCH5317,Seth PLC,7011.0,HOTEL & LODGING,SOLE_PROPRIETOR,Bangalore,Karnataka,2023-03-01 07:27:37,ACTIVE,2738.46
MCH5320,Ramaswamy-Sarma,4814.0,TELECOM,SOLE_PROPRIETOR,Hyderabad,Telangana,2025-11-02 02:58:00,ACTIVE,750.06
MCH5321,Maharaj Ltd,5912.0,PHARMACY,SOLE_PROPRIETOR,Mumbai,Maharashtra,2024-08-29 00:00:00,INACTIVE,-2746.79
MCH5322,Parsa LLC,5912.0,PHARMACY,INDIVIDUAL,Jalandhar,Punjab,2023-03-26 00:00:00,ACTIVE,2329.55
MCH5328,Dhaliwal Inc,5812.0,EATING PLACE,PRIVATE_LIMITED,Kolkata,West Bengal,2025-04-19 00:00:00,ACTIVE,375.06
MCH5333,  Rajagopal-Agate  ,4814.0,TELECOM,SOLE_PROPRIETOR,Asr,Punjab,,INACTIVE,15510.71
MCH5335,Daya1-Gera,,HOTEL & LODGING,PARTNERSHIP,Delhi,Delhi,,ACTIVE,699.3
MCH5339,"vaidya, hari and mistry",5999.0,OTHER,INDIVIDUAL,Delhi,Delhi,2024-08-07 00:00:00,ACTIVE,514.42
MCH5343,Sangha-Pillay,5411.0,GROCERY,INDIVIDUAL,Lucknow,Uttar Pradesh,,INACTIVE,1724.67
MCH5354,  Datta-Vala  ,5812.0,FOOD & DINING,PARTNERSHIP,Ludhiana,Punjab,2023-02-16 01:25:53,ACTIVE,2213.0
MCH5355,"Sundaram, Gara and Bajwa",5812.0,FOOD & DINING,SOLE_PROPRIETOR,Kolkata,West Bengal,2023-08-03 00:00:00,ACTIVE,3350.71
MCH5356,  Rege LLC  ,5411.0,GROCERY,SOLE_PROPRIETOR,Ludhiana,Punjab,2024-02-10 00:00:00,INACTIVE,917.24
MCH5360,pillai and sons,5912.0,PHARMACY,INDIVIDUAL,Lucknow,Uttar Pradesh,2025-05-07 04:59:14,ACTIVE,745.28
MCH5361,"Baria,SantandMunshi",5942.0,BOOKS & STATIONERY,PRIVATE_LIMITED,Delhi,Delhi,2025-02-01 00:00:00,ACTIVE,-1636.11
MCH5362,"kunda, tiwari and nagi",5912.0,PHARMACY,PRIVATE_LIMITED,Jpr,Rajasthan,2024-08-09 20:44:38,INACTIVE,1922.99
MCH5366,Bali Ltd,5311.0,DEPARTMENT STORE,PRIVATE_LIMITED,Lucknow,Uttar Pradesh,2024-02-25 00:00:00,INACTIVE,1551.58
MCH5367,REDDY-CHAKRABORTY,5699.0,CLOTHING,SOLE_PROPRIETOR,Mumbai,Maharashtra,2025-03-01 03:24:42,ACTIVE,1679.09
MCH5370,Lala LLC,531.0,DEPARTMENT STORE,INDIVIDUAL,Dilli,Delhi,2025-05-07 03:36:09,ACTIVE,1448.94
MCH5371,Tailor Ltd,,DEPARTMENT STORE,SOLE_PROPRIETOR,Jalandhar,Punjab,2024-10-08 00:00:00,ACTIVE,2851.53
MCH5375,"Zacharia, Krishnamurthy and Talwar",5699.0,APPAREL,INDIVIDUAL,Pune,Maharashtra,2023-02-04 11:37:21,ACTIVE,-872.85
MCH5376,"Narayanan, Palla and Tripathi",4814.0,TELECOM,SOLE_PROPRIETOR,Ludhiana,Punjab,2025-08-14 00:00:00,ACTIVE,2169.37
MCH5378,biswas-seshadri,,GROCERY,SOLE_PROPRIETOR,Kolkata,West Bengal,2025-11-05 00:00:00,ACTIVE,815.52
MCH5381,Jaggi and Sons,5311.0,DEPARTMENT STORE,PRIVATE_LIMITED,Delhi,Delhi,2025-06-11 00:00:00,ACTIVE,550.97
MCH5383,ray-dara,7011.0,HOTEL & LODGING,PRIVATE_LIMITED,Dilli,Delhi,2025-11-04 00:00:00,ACTIVE,2541.0
MCH5384,  Sibal Inc  ,5411.0,GROCERY,PRIVATE_LIMITED,Jaipur,Rajasthan,,ACTIVE,951.53
MCH5386,"Hari, Handa and Madan",4814.0,TELECOM,PRIVATE_LIMITED,Bengaluru,Karnataka,2023-09-27 00:00:00,ACTIVE,682.57
MCH5387,Khatri Group,7011.0,HOTEL & LODGING,SOLE_PROPRIETOR,Delhi,Delhi,2025-10-06 12:45:13,ACTIVE,1172.0
MCH5388,Mann-Oza,5942.0,BOOKS & STATIONERY,PRIVATE_LIMITED,Hyderabad,Telangana,,ACTIVE,1696.0
MCH5389,sem llc,4131.0,TRANSPORT & TRAVEL,PARTNERSHIP,Jpr,Rajasthan,2024-06-16 06:06:18,ACTIVE,342.38
MCH5390,"Choudhry, Dube and Morar",,TRANSPORT & TRAVEL,PARTNERSHIP,Ludhiana,Punjab,2024-08-26 00:00:00,ACTIVE,420.78
MCH5391,Nagi-Pandya,5411.0,GROCERY,PARTNERSHIP,Kolkata,West Bengal,2025-12-24 00:00:00,SUSPENDED,1471.0
MCH5395,"Dada, Jani and Kaul",5942.0,BOOKS & STATIONERY,PARTNERSHIP,Chennai,Tamil Nadu,2025-03-06 00:00:00,ACTIVE,-698.53
MCH5396,MANDA-SETH,4131.0,TRANSPORT & TRAVEL,SOLE_PROPRIETOR,Delhi,Delhi,2023-01-11 00:00:00,ACTIVE,439.03
MCH5399,Agate-Wali,5999.0,OTHER,PRIVATE_LIMITED,Chennai,Tamil Nadu,2025-12-26 00:00:00,ACTIVE,1379.64
MCH5401,"Sama, Ar0ra and Mem0n",,BOOKS & STATIONERY,PRIVATE_LIMITED,Kolkata,West Bengal,2023-07-23 00:00:00,ACTIVE,-571.93
MCH5402,"MANDAL, CHADA AND DESHPANDE",5411.0,GROCERY,SOLE_PROPRIETOR,Delhi,Delhi,2025-08-11 00:00:00,SUSPENDED,-503.34
MCH5404,Cherian Group,7011.0,HOTEL & LODGING,SOLE_PROPRIETOR,Pune,Maharashtra,2025-04-05 21:50:56,ACTIVE,1440.0
MCH5405,  Balan-Sabharwal  ,5812.0,FOOD & DINING,INDIVIDUAL,Bengaluru,Karnataka,2023-04-07 06:56:55,ACTIVE,2280.95
MCH5408,"Setty, Mangal and Dhar",5411.0,GROCERY,INDIVIDUAL,Mumbai,Maharashtra,2026-01-31 00:00:00,ACTIVE,1231.49
MCH5409,Buch Inc,5699.0,APPAREL,SOLE_PROPRIETOR,Amritsar,Punjab,2023-04-03 00:10:00,ACTIVE,922.0
MCH5410,Ganesh LLC,7011.0,HOTEL & LODGING,PARTNERSHIP,Delhi,Delhi,2023-01-13 16:09:00,ACTIVE,1114.19
MCH5411,Kale Inc,5411.0,GROCERY,PARTNERSHIP,Pune,Maharashtra,2024-06-21 06:11:57,ACTIVE,708.0
MCH5413,"K0shy, Batra and K0h1i",5311.0,DEPARTMENT STORE,SOLE_PROPRIETOR,Lucknow,Uttar Pradesh,2023-04-09 00:00:00,ACTIVE,608.0
MCH5414,bhandari ltd,701.0,HOTEL & LODGING,PRIVATE_LIMITED,Delhi,Delhi,2025-03-26 00:00:00,ACTIVE,155.88
MCH5416,Upadhyay LLC,5942.0,BOOKS & STATIONERY,INDIVIDUAL,Chennai,Tamil Nadu,2024-07-24 00:00:00,ACTIVE,
MCH5420,Sahni-Ghosh,7011.0,HOTEL & LODGING,SOLE_PROPRIETOR,Kolkata,West Bengal,2025-09-26 21:42:00,ACTIVE,1993.6
MCH5422,sawhney llc,,APPAREL,SOLE_PROPRIETOR,Kolkata,West Bengal,2024-08-08 00:00:00,ACTIVE,866.35
MCH5423,"Chanda, Mallick and Butala",5311.0,DEPARTMENT STORE,SOLE_PROPRIETOR,Jaipur,Rajasthan,2024-08-25 00:00:00,ACTIVE,458.56
MCH5425,"Bora, Kibe and Yadav",4814.0,TELECOM,INDIVIDUAL,Dilli,Delhi,,SUSPENDED,810.1
MCH5426,"DORA, SEHGAL AND CHOUDHURY",4131.0,TRANSPORT & TRAVEL,INDIVIDUAL,Dilli,Delhi,2025-11-14 00:00:00,ACTIVE,598.49
MCH5430,THAKKAR AND SONS,5699.0,APPAREL,PRIVATE_LIMITED,Amritsar,Punjab,2023-01-19 00:00:00,INACTIVE,4264.84
MCH5433,Subramanian PLC,5699.0,APPAREL,PARTNERSHIP,Ludhiana,Punjab,2024-07-06 19:30:00,ACTIVE,673.68
MCH5438,"Krishna, Vohra and Ghose",5912.0,PHARMACY,SOLE_PROPRIETOR,Chennai,Tamil Nadu,2023-11-12 12:58:00,ACTIVE,1326.9
MCH5441,Sur Group,5411.0,GROCERY STORES,PRIVATE_LIMITED,Ludhiana,Punjab,2023-02-08 00:00:00,ACTIVE,1094.34
MCH5442,"ray, bajaj and shetty",5411.0,GROCERY STORES,INDIVIDUAL,Pune,Maharashtra,2024-01-11 11:03:00,ACTIVE,448.9
MCH5443,LOYAL-NARASIMHAN,7011.0,HOTEL & LODGING,INDIVIDUAL,Kolkata,West Bengal,2023-09-12 04:07:04,ACTIVE,1593.65
MCH5444,PRADHAN-NAIR,5999.0,OTHER,SOLE_PROPRIETOR,Lucknow,Uttar Pradesh,2024-07-27 00:00:00,ACTIVE,372.0
MCH5445,Ganesan Ltd,5311.0,RETAIL,PARTNERSHIP,Dilli,Delhi,2025-10-19 00:00:00,ACTIVE,2186.0
MCH5447,Chhabra-Bajaj,,GROCERY,SOLE_PROPRIETOR,Hyderabad,Telangana,2025-04-08 02:41:21,ACTIVE,363.53
MCH5448,"Bala, Sha and Bera",5311.0,DEPARTMENT STORE,PRIVATE_LIMITED,Bengaluru,Karnataka,2025-08-12 00:00:00,ACTIVE,523.59
MCH5450,"Karnik, Karan and Boase",,BOOKS & STATIONERY,PARTNERSHIP,Kolkata,West Bengal,2024-09-09 00:00:00,ACTIVE,852.07
MCH5451,Divan LLC,5411.0,GROCERY,PARTNERSHIP,Jpr,Rajasthan,2025-05-14 00:00:00,ACTIVE,2492.35
MCH5457,  Deol PLC  ,5942.0,BOOK STORE,SOLE_PROPRIETOR,Jaipur,Rajasthan,2024-12-30 13:09:01,ACTIVE,1085.1
MCH5458,"Korpal, Venkatesh and Choudhary",7011.0,HOTEL & LODGING,INDIVIDUAL,Jpr,Rajasthan,2024-03-17 02:49:02,ACTIVE,
MCH5459,Sachdev Ltd,5699.0,CLOTHING,SOLE_PROPRIETOR,Blr,Karnataka,,SUSPENDED,1804.28
MCH5465,"KEER, GILL AND TANK",4814.0,TELECOM,INDIVIDUAL,Jpr,Rajasthan,2023-10-23 00:00:00,ACTIVE,3170.0
MCH5467,"Kurian, Anne and Borra",4814.0,TELECOM,INDIVIDUAL,Ludhiana,Punjab,2024-05-17 00:00:00,ACTIVE,940.0
MCH5472,Dua Group,5942.0,BOOKS & STATIONERY,PRIVATE_LIMITED,Ludhiana,Punjab,2024-09-23 00:00:00,ACTIVE,778.0
MCH5476,Buch Group,,PHARMACY,PRIVATE_LIMITED,Delhi,Delhi,2024-03-08 00:00:00,ACTIVE,1311.87
MCH5477,Mahajan Ltd,5699.0,APPAREL,INDIVIDUAL,Bengaluru,Karnataka,2025-09-01 00:00:00,ACTIVE,3690.89
MCH5478,"Prashad, Tripathi and Bala",4814.0,TELECOM,PRIVATE_LIMITED,Jpr,Rajasthan,2024-06-14 00:00:00,ACTIVE,3789.33
MCH5479,"Mukherjee, Nazareth and Palla",5812.0,FOOD & DINING,SOLE_PROPRIETOR,Ludhiana,Punjab,2024-02-19 00:00:00,ACTIVE,
MCH5482,"Baral, Tak and Rajan",5812.0,EATING PLACE,INDIVIDUAL,Kolkata,West Bengal,2025-06-23 15:48:14,INACTIVE,710.53
MCH5483,Khare Inc,5311.0,RETAIL,SOLE_PROPRIETOR,Jalandhar,Punjab,2025-04-28 14:52:17,ACTIVE,827.39
MCH5484,Vasa PLC,7011.0,HOTEL & LODGING,INDIVIDUAL,Lucknow,Uttar Pradesh,2023-06-01 00:00:00,ACTIVE,
MCH5488,Chaudry-Garde,541.0,GROCERY,INDIVIDUAL,Kolkata,West Bengal,2023-03-31 00:00:00,ACTIVE,405.0
MCH5489,NATH LTD,5311.0,DEPARTMENT STORES,INDIVIDUAL,Jaipur,Rajasthan,2025-01-22 00:00:00,ACTIVE,3788.36
MCH5490,"Bahl, Kakar and Dara",5699.0,APPAREL,INDIVIDUAL,Hyderabad,Telangana,2025-12-28 00:00:00,ACTIVE,1917.65
MCH5493,ROY GROUP,581.0,EATING PLACE,PARTNERSHIP,Lucknow,Uttar Pradesh,2024-05-11 12:32:56,ACTIVE,
MCH5494,raja ltd,594.0,BOOKS & STATIONERY,PARTNERSHIP,Ludhiana,Punjab,2025-07-19 00:00:00,ACTIVE,209.91
MCH5496,  Bhagat and Sons  ,5912.0,PHARMACY,PARTNERSHIP,Lucknow,Uttar Pradesh,2024-08-13 00:00:00,ACTIVE,-199.73
MCH5497,Dayal and Sons,5999.0,OTHER,PRIVATE_LIMITED,Delhi,Delhi,2024-04-28 22:58:00,ACTIVE,1767.24
MCH5498,"Gera, Narayan and Sankaran",5311.0,DEPARTMENT STORE,PARTNERSHIP,Kolkata,West Bengal,2025-10-11 00:00:00,ACTIVE,849.49
MCH5500,"Dubey, Tandon and Batta",4814.0,TELECOM,SOLE_PROPRIETOR,Lucknow,Uttar Pradesh,2024-06-06 00:00:00,ACTIVE,2211.38
MCH5502,Dutta and Sons,5311.0,DEPARTMENT STORES,PARTNERSHIP,Kolkata,West Bengal,2025-04-08 00:00:00,ACTIVE,-595.34
MCH5503,Suri Ltd,4131.0,TRANSPORT & TRAVEL,PRIVATE_LIMITED,Kolkata,West Bengal,2024-08-30 18:32:00,ACTIVE,2446.68
MCH5505,Korpal Inc,4814.0,TELECOM,INDIVIDUAL,Mumbai,Maharashtra,2025-05-05 00:00:00,ACTIVE,1908.25
MCH5511,"Pandya, Dugar and Dube",599.0,OTHER,INDIVIDUAL,Delhi,Delhi,2025-09-02 08:12:00,ACTIVE,997.89
MCH5516,Muni LLC,5699.0,APPAREL,INDIVIDUAL,Kolkata,West Bengal,2025-11-17 13:15:12,ACTIVE,1139.0
MCH5518,Bhalla-Chaudhuri,5812.0,FOOD & DINING,INDIVIDUAL,Lucknow,Uttar Pradesh,2025-04-19 00:00:00,ACTIVE,1038.42
MCH5523,Behl Inc,569.0,APPAREL,INDIVIDUAL,Lucknow,Uttar Pradesh,2025-06-15 00:02:44,ACTIVE,2946.06
MCH5524,"Mangat, Sanghvi and Shah",5942.0,BOOKS & STATIONERY,PARTNERSHIP,Jalandhar,Punjab,2024-09-30 00:00:00,ACTIVE,6188.2
MCH5525,Nagy and Sons,7011.0,HOTEL & LODGING,PARTNERSHIP,Bangalore,Karnataka,2026-01-29 04:09:00,ACTIVE,1141.1
MCH5528,"Bhagat, Sathe and Iyengar",541.0,GROCERY,SOLE_PROPRIETOR,Pune,Maharashtra,2026-02-13 11:24:00,ACTIVE,668.43
MCH5529,"  Ganguly, Mukherjee and Boase  ",,GROCERY,PRIVATE_LIMITED,Chennai,Tamil Nadu,2025-04-01 00:00:00,ACTIVE,879.0
MCH5531,"Dhingra, Sangha and Sidhu",5411.0,GROCERY,PARTNERSHIP,Mumbay,Maharashtra,2025-04-25 00:00:00,INACTIVE,-414.79
MCH5538,Barad-Nigam,,TELECOM,PARTNERSHIP,Pune,Maharashtra,2025-01-10 00:00:00,ACTIVE,2223.97
MCH5541,Sheth and Sons,581.0,FOOD & DINING,INDIVIDUAL,Bengaluru,Karnataka,2024-07-13 09:55:59,ACTIVE,548.54
MCH5545,  Parikh-Raja  ,5942.0,BOOKS & STATIONERY,SOLE_PROPRIETOR,Lucknow,Uttar Pradesh,2023-06-04 00:00:00,ACTIVE,1144.37
MCH5546,"Brar, Rajan and Bhat",4814.0,TELECOM,PRIVATE_LIMITED,Bengaluru,Karnataka,2024-10-16 00:00:00,ACTIVE,843.23
MCH5547,RAJU GROUP,5411.0,GROCERY STORES,PARTNERSHIP,Bengaluru,Karnataka,2025-04-15 00:00:00,ACTIVE,915.94
MCH5549,Bahri Ltd,5812.0,FOOD & DINING,PARTNERSHIP,Chennai,Tamil Nadu,2023-10-06 00:00:00,ACTIVE,1045.04
MCH5551,Narain-Goda,5699.0,APPAREL,PRIVATE_LIMITED,Mumbai,Maharashtra,2026-09-01 00:00:00,ACTIVE,817.05
MCH5553,Salvi-Contractor,5411.0,GROCERY,INDIVIDUAL,Kolkata,West Bengal,2024-03-21 00:00:00,ACTIVE,3894.89
MCH5555,"Banerjee, Kurian and Tara",4814.0,TELECOM,SOLE_PROPRIETOR,Jalandhar,Punjab,2025-05-21 00:00:00,ACTIVE,
MCH5556,  Pau-Kale  ,5912.0,PHARMACY,PRIVATE_LIMITED,Mumbai,Maharashtra,2023-10-31 04:23:01,ACTIVE,513.95
MCH5558,"Rao, Sidhu and Barad",7011.0,HOTEL & LODGING,PARTNERSHIP,Asr,Punjab,2024-09-14 00:00:00,ACTIVE,626.0
MCH5559,Muni-Raval,541.0,GROCERY,PRIVATE_LIMITED,Jalandhar,Punjab,2026-01-21 00:00:00,ACTIVE,723.26
MCH5560,"D’Alia, Dasgupta and Chakrabarti",4131.0,TRANSPORT & TRAVEL,SOLE_PROPRIETOR,Jalandhar,Punjab,2023-09-02 00:00:00,INACTIVE,1247.75
MCH5562,Savant-Narayan,4131.0,TRANSPORT & TRAVEL,PRIVATE_LIMITED,Hyderabad,Telangana,2025-11-18 00:00:00,ACTIVE,2799.21
MCH5563,"Dubey, Wali and Yadav",,APPAREL,SOLE_PROPRIETOR,Kolkata,West Bengal,2024-01-28 00:00:00,ACTIVE,2198.0
MCH5565,Chatterjee and Sons,5411.0,GROCERY,SOLE_PROPRIETOR,Pune,Maharashtra,2025-12-11 00:00:00,ACTIVE,1083.09
MCH5567,D’Alia Ltd,7011.0,HOTEL & LODGING,INDIVIDUAL,Blr,Karnataka,2025-09-09 00:00:00,ACTIVE,271.02
MCH5569,"Thaman, Kar and Dass",5999.0,MISC RETAIL,SOLE_PROPRIETOR,Mumbai,Maharashtra,2026-01-27 00:00:00,INACTIVE,3592.34
MCH5570,"Sahni, Bala and Sharma",5999.0,OTHER,INDIVIDUAL,New Delhi,Delhi,2025-11-28 06:01:37,SUSPENDED,1506.33
MCH5573,Vora-Natarajan,4814.0,TELECOM,INDIVIDUAL,New Delhi,Delhi,,INACTIVE,2579.11
MCH5575,  Sandal LLC  ,5411.0,GROCERY,PARTNERSHIP,Chennai,Tamil Nadu,2024-02-13 00:00:00,ACTIVE,5255.72
MCH5576,oza plc,4131.0,TRANSPORT & TRAVEL,SOLE_PROPRIETOR,Bengaluru,Karnataka,2024-07-27 00:00:00,ACTIVE,
MCH5580,Chatterjee-Andra,413.0,TRANSPORT & TRAVEL,PRIVATE_LIMITED,Lucknow,Uttar Pradesh,2026-01-01 00:00:00,ACTIVE,512.38
MCH5583,"Sama, Thaman and Bakshi",4814.0,TELECOM,INDIVIDUAL,Pune,Maharashtra,2023-07-21 01:11:03,ACTIVE,2696.94
MCH5586,Andra-Sha,5699.0,APPAREL,PRIVATE_LIMITED,Amritsar,Punjab,2023-07-03 00:00:00,SUSPENDED,-349.98
MCH5587,Pau-Gour,5812.0,FOOD & DINING,PRIVATE_LIMITED,Pune,Maharashtra,2025-10-13 20:14:02,ACTIVE,246.08
MCH5588,Divan-Yohannan,413.0,TRANSPORT & TRAVEL,INDIVIDUAL,Hyderabad,Telangana,,ACTIVE,203.0
MCH5590,"Bhandari, M0re and Bhatti",4131.0,TRANSPORT & TRAVEL,PARTNERSHIP,Pune,Maharashtra,2024-10-07 00:00:00,INACTIVE,2034.57
MCH5594,Savant-Bhargava,5411.0,GROCERY STORES,SOLE_PROPRIETOR,Bengaluru,Karnataka,2025-01-19 00:00:00,SUSPENDED,1235.6
MCH5595,"Menon, Ahluwalia and Mistry",7011.0,HOTEL & LODGING,SOLE_PROPRIETOR,Jaipur,Rajasthan,2026-02-10 09:42:44,ACTIVE,376.55
MCH5596,Biswas Group,5311.0,RETAIL,PARTNERSHIP,Bangalore,Karnataka,2024-12-02 00:00:00,SUSPENDED,-464.03
MCH5597,"Shankar, Pandey and Sridhar",5812.0,EATING PLACE,PRIVATE_LIMITED,Lucknow,Uttar Pradesh,,ACTIVE,380.65
MCH5598,"Thakur, Verma and Venkataraman",5912.0,PHARMACY,INDIVIDUAL,Jalandhar,Punjab,2023-09-13 00:00:00,ACTIVE,2948.79
MCH5599,Peri-Bhatti,594.0,BOOK STORE,INDIVIDUAL,Mumbay,Maharashtra,2023-06-06 05:11:00,ACTIVE,8103.17
MCH5601,Raj-Gopal,7011.0,HOTEL & LODGING,PRIVATE_LIMITED,Jalandhar,Punjab,2024-05-17 22:26:00,ACTIVE,
MCH5602,Kaul PLC,5411.0,GROCERY STORES,PRIVATE_LIMITED,Hyderabad,Telangana,2023-05-17 00:00:00,INACTIVE,469.06
MCH5603,Saha-Sahota,,FOOD & DINING,PARTNERSHIP,Mumbai,Maharashtra,2025-09-12 13:03:44,ACTIVE,1242.85
MCH5606,Sunder Inc,,HOTEL & LODGING,PARTNERSHIP,Ludhiana,Punjab,2023-06-25 00:00:00,ACTIVE,965.69
MCH5607,Ba1a and S0ns,,TRANSPORT & TRAVEL,INDIVIDUAL,Delhi,Delhi,2023-07-24 00:00:00,ACTIVE,2712.11
MCH5608,raman-behl,5812.0,FOOD & DINING,INDIVIDUAL,Asr,Punjab,2023-05-10 00:00:00,ACTIVE,251.88
MCH5611,Walia-Lad,7011.0,HOTEL & LODGING,PARTNERSHIP,Lucknow,Uttar Pradesh,2025-01-07 06:56:00,ACTIVE,269.25
MCH5618,Biswas and Sons,5912.0,PHARMACY,PARTNERSHIP,Delhi,Delhi,2024-03-04 21:03:00,ACTIVE,833.5
MCH5619,"Iyer, Lata and Bhatnagar",4131.0,TRANSPORT & TRAVEL,PARTNERSHIP,Bengaluru,Karnataka,2025-09-07 00:00:00,ACTIVE,5962.0
MCH5622,"Biswas, Shetty and Nazareth",5912.0,PHARMACY,PARTNERSHIP,Lucknow,Uttar Pradesh,2025-11-13 00:00:00,ACTIVE,1250.67
MCH5626,"Borah, Bedi and Khalsa",7011.0,HOTEL & LODGING,SOLE_PROPRIETOR,Hyderabad,Telangana,2026-02-25 00:00:00,SUSPENDED,1422.38
MCH5627,"SRIDHAR, YOGI AND PANCHAL",5411.0,GROCERY,SOLE_PROPRIETOR,Jpr,Rajasthan,2025-09-23 00:00:00,ACTIVE,483.0
MCH5629,Barman Ltd,4131.0,TRANSPORT & TRAVEL,PARTNERSHIP,New Delhi,Delhi,2024-10-16 20:12:00,ACTIVE,1135.33
MCH5630,Srinivas-Doshi,7011.0,HOTEL & LODGING,SOLE_PROPRIETOR,Amritsar,Punjab,2023-04-28 00:00:00,INACTIVE,2338.55
MCH5631,"Bhattacharyya, Behl and Barad",5699.0,APPAREL,SOLE_PROPRIETOR,Bangalore,Karnataka,2025-08-30 16:56:41,ACTIVE,857.0
MCH5632,  Tandon Ltd  ,531.0,DEPARTMENT STORE,SOLE_PROPRIETOR,Bangalore,Karnataka,2025-05-29 12:56:08,ACTIVE,270.52
MCH5637,Desai-Sankaran,5942.0,BOOKS & STATIONERY,INDIVIDUAL,Kolkata,West Bengal,2025-05-12 00:00:00,ACTIVE,-485.95
MCH5639,"Viswanathan, Gupta and Varghese",7011.0,HOTEL & LODGING,SOLE_PROPRIETOR,Mumbai,Maharashtra,2023-09-02 00:00:00,ACTIVE,2712.0
MCH5641,"Kant, Raju and Sandal",5999.0,OTHER,PARTNERSHIP,Pune,Maharashtra,2025-05-30 00:00:00,INACTIVE,2474.31
MCH5642,Ganguly-Kalla,5912.0,PHARMACY,PRIVATE_LIMITED,Jalandhar,Punjab,2025-11-19 00:00:00,ACTIVE,-870.56
MCH5644,Prabhu-Chaudhry,5699.0,CLOTHING,INDIVIDUAL,Hyderabad,Telangana,2025-09-05 20:50:00,ACTIVE,-2643.86
MCH5645,Dey Ltd,4814.0,TELECOM,PRIVATE_LIMITED,Jalandhar,Punjab,2025-12-18 00:00:00,ACTIVE,1164.31
MCH5646,badal-anand,4814.0,TELECOM,PRIVATE_LIMITED,Mumbai,Maharashtra,2025-05-06 23:31:00,ACTIVE,4606.04
MCH5648,Morar and Sons,7011.0,HOTEL & LODGING,INDIVIDUAL,Pune,Maharashtra,2023-06-08 00:00:00,ACTIVE,-972.68
MCH5652,"Borde, Bhasin and Dua",5411.0,GROCERY,INDIVIDUAL,Mumbai,Maharashtra,2023-12-10 00:00:00,ACTIVE,-669.05
MCH5656,Sen-Dube,5942.0,BOOKS & STATIONERY,PARTNERSHIP,Pune,Maharashtra,2024-05-03 00:00:00,INACTIVE,1139.41
MCH5657,Natt-Goel,5999.0,OTHER,INDIVIDUAL,Dilli,Delhi,,ACTIVE,1355.0
MCH5660,Goda-Goda,5812.0,FOOD & DINING,PARTNERSHIP,Ludhiana,Punjab,,ACTIVE,-1213.87
MCH5662,Kannan-Yogi,4131.0,TRANSPORT & TRAVEL,INDIVIDUAL,Chennai,Tamil Nadu,2025-08-01 00:00:00,ACTIVE,1393.63
MCH5663,"goyal, brahmbhatt and raja",5912.0,PHARMACY,INDIVIDUAL,Ludhiana,Punjab,2023-05-31 00:00:00,SUSPENDED,2417.27
MCH5664,"Om, Kari and Pandit",5812.0,EATING PLACE,PARTNERSHIP,Hyderabad,Telangana,2024-07-15 00:00:00,INACTIVE,6853.27
MCH5665,"Parikh, Ray and Lall",5942.0,BOOKS & STATIONERY,PARTNERSHIP,Jaipur,Rajasthan,2023-09-12 00:00:00,ACTIVE,1428.0
MCH5669,"Sodhi, Luthra and Batta",5812.0,FOOD & DINING,PRIVATE_LIMITED,Jalandhar,Punjab,2025-10-08 07:29:30,ACTIVE,1557.34
MCH5671,Bava-Arya,5699.0,APPAREL,PRIVATE_LIMITED,Hyderabad,Telangana,2023-11-18 22:06:00,ACTIVE,2123.47
MCH5673,Palan-Memon,4131.0,TRANSPORT & TRAVEL,SOLE_PROPRIETOR,Delhi,Delhi,2023-09-16 00:00:00,ACTIVE,414.92
MCH5674,"Chhabra, Samra and Ghosh",413.0,TRANSPORT & TRAVEL,PARTNERSHIP,Mumbai,Maharashtra,,ACTIVE,1727.77
MCH5676,"BHATTI, CHAHAL AND MISHRA",5311.0,RETAIL,INDIVIDUAL,Jalandhar,Punjab,2025-07-15 05:45:20,ACTIVE,744.63
MCH5678,Bhat-Borra,5912.0,PHARMACY,PRIVATE_LIMITED,Asr,Punjab,2024-08-06 00:00:00,ACTIVE,677.93
MCH5683,Chauhan-Chakraborty,5912.0,PHARMACY,PRIVATE_LIMITED,Chennai,Tamil Nadu,2025-06-06 00:35:00,ACTIVE,
MCH5684,Dua-Ghose,5311.0,DEPARTMENT STORES,PARTNERSHIP,Pune,Maharashtra,2024-07-10 04:56:00,ACTIVE,465.0
MCH5687,"Prasad, Tank and Char",413.0,TRANSPORT & TRAVEL,INDIVIDUAL,Ludhiana,Punjab,,ACTIVE,487.38
MCH5695,Divan Inc,5699.0,APPAREL,INDIVIDUAL,Hyderabad,Telangana,2025-08-20 19:03:23,ACTIVE,
MCH5696,Mittal Group,5411.0,GROCERY,PRIVATE_LIMITED,Chennai,Tamil Nadu,2024-05-18 00:00:00,ACTIVE,2595.13
MCH5697,"Kapadia, Sharma and Maharaj",,RETAIL OTHER,PARTNERSHIP,Pune,Maharashtra,2023-08-27 00:00:00,ACTIVE,4565.23
MCH5698,Rana Ltd,5942.0,BOOKS & STATIONERY,PRIVATE_LIMITED,Chennai,Tamil Nadu,2025-01-07 00:00:00,ACTIVE,2808.27
MCH5701,"Lad, Thakkar and Nazareth",4131.0,TRANSPORT & TRAVEL,PRIVATE_LIMITED,Kolkata,West Bengal,,ACTIVE,1254.73
MCH5704,RAVEL-TALWAR,413.0,TRANSPORT & TRAVEL,SOLE_PROPRIETOR,Chennai,Tamil Nadu,2025-09-25 08:00:41,INACTIVE,-4204.94
MCH5705,"PALAN, BHARGAVA AND JAGGI",4131.0,TRANSPORT & TRAVEL,INDIVIDUAL,Lucknow,Uttar Pradesh,2026-02-05 00:00:00,ACTIVE,1360.45
MCH5707,varughese-hegde,,TELECOM,PRIVATE_LIMITED,Lucknow,Uttar Pradesh,2025-07-12 22:37:37,ACTIVE,
MCH5709,shroff-mukherjee,4814.0,TELECOM,PRIVATE_LIMITED,Jaipur,Rajasthan,2024-11-10 18:13:32,ACTIVE,668.22
MCH5710,Karnik Ltd,5942.0,BOOK STORE,PARTNERSHIP,Jaipur,Rajasthan,2025-12-24 00:00:00,ACTIVE,2156.34
MCH5712,Goda-Kashyap,5942.0,BOOKS & STATIONERY,PRIVATE_LIMITED,Amritsar,Punjab,2025-01-12 00:00:00,ACTIVE,
MCH5715,"Bansal,AryaandBhat",5912.0,PHARMACY,PRIVATE_LIMITED,Bangalore,Karnataka,2025-01-20 00:00:00,ACTIVE,1290.0
MCH5716,nadig inc,4814.0,TELECOM,INDIVIDUAL,Chennai,Tamil Nadu,2025-06-26 14:09:58,ACTIVE,1811.84
MCH5717,"Kuruvilla, Deol and Rama",5942.0,BOOKS & STATIONERY,SOLE_PROPRIETOR,Jaipur,Rajasthan,2023-05-16 23:01:00,ACTIVE,8901.44
MCH5720,Karnik Group,5942.0,BOOKS & STATIONERY,PARTNERSHIP,Amritsar,Punjab,2023-10-28 00:00:00,ACTIVE,6186.34
MCH5722,Kant-Gara,7011.0,HOTEL & LODGING,PARTNERSHIP,Lucknow,Uttar Pradesh,2024-12-16 00:00:00,ACTIVE,1451.76
MCH5723,Doctor LLC,,GROCERY,PRIVATE_LIMITED,Kolkata,West Bengal,2023-04-08 00:00:00,ACTIVE,-574.8
MCH5727,"Sandal, Deshmukh and Lata",5699.0,CLOTHING,PARTNERSHIP,Bangalore,Karnataka,2024-04-21 23:21:20,ACTIVE,411.34
MCH5734,BALAN INC,5311.0,DEPARTMENT STORE,PRIVATE_LIMITED,Jalandhar,Punjab,2025-05-20 00:00:00,ACTIVE,2000.53
MCH5736,Agate LLC,4131.0,TRANSPORT & TRAVEL,SOLE_PROPRIETOR,Delhi,Delhi,2023-04-16 00:00:00,ACTIVE,3557.14
MCH5737,"Chaudhary, Raghavan and Brahmbhatt",5912.0,PHARMACY,INDIVIDUAL,Amritsar,Punjab,2026-02-25 00:00:00,ACTIVE,1419.52
MCH5740,  Dayal-Desai  ,5699.0,APPAREL,SOLE_PROPRIETOR,Chennai,Tamil Nadu,2025-10-04 00:00:00,ACTIVE,4887.0
MCH5741,Rajagopalan PLC,5942.0,BOOKS & STATIONERY,INDIVIDUAL,Hyderabad,Telangana,2025-10-29 08:07:02,INACTIVE,1562.28
MCH5744,Dalal-Lall,701.0,HOTEL & LODGING,PRIVATE_LIMITED,Chennai,Tamil Nadu,2023-05-31 00:00:00,ACTIVE,3350.6
MCH5745,Sawhney-Apte,,PHARMACY,PRIVATE_LIMITED,Delhi,Delhi,2025-06-04 03:56:54,ACTIVE,2109.42
MCH5747,"NARASIMHAN, DOSHI AND PALL",5812.0,FOOD & DINING,PRIVATE_LIMITED,Kolkata,West Bengal,2025-05-08 00:00:00,ACTIVE,4280.12
MCH5749,"Bir, Sibal and Arya",5942.0,BOOKS & STATIONERY,PARTNERSHIP,Mumbay,Maharashtra,2024-05-10 03:51:33,ACTIVE,1490.24
MCH5753,"Nair, Pai and Issac",,APPAREL,INDIVIDUAL,Mumbai,Maharashtra,2026-01-29 00:00:00,ACTIVE,1860.02
MCH5758,"aggarwal, hayer and nayar",5999.0,RETAIL OTHER,INDIVIDUAL,Asr,Punjab,2023-09-22 00:00:00,ACTIVE,3630.79
MCH5762,Hayre and Sons,5942.0,BOOKS & STATIONERY,SOLE_PROPRIETOR,Kolkata,West Bengal,2024-01-05 06:19:29,ACTIVE,823.98
MCH5765,Murty Inc,4131.0,TRANSPORT & TRAVEL,PARTNERSHIP,Mumbay,Maharashtra,2025-07-18 00:00:00,ACTIVE,2715.83
MCH5766,Varkey-Datta,4814.0,TELECOM,PRIVATE_LIMITED,Mumbai,Maharashtra,2024-02-18 00:00:00,ACTIVE,-1162.56
MCH5767,pandya inc,4814.0,TELECOM,INDIVIDUAL,Jaipur,Rajasthan,2024-01-09 00:00:00,ACTIVE,793.79
MCH5768,Minhas Gr0up,,TELECOM,SOLE_PROPRIETOR,Hyderabad,Telangana,2023-09-08 00:00:00,ACTIVE,1396.68
MCH5770,kari llc,5912.0,PHARMACY,PRIVATE_LIMITED,Hyderabad,Telangana,2025-01-29 10:38:17,ACTIVE,573.41
MCH5775,SRINIVAS LTD,531.0,DEPARTMENT STORE,INDIVIDUAL,Kolkata,West Bengal,2025-11-01 10:50:11,ACTIVE,7152.05
MCH5776,Varma-Bahri,5699.0,APPAREL,INDIVIDUAL,Mumbai,Maharashtra,2025-04-10 00:00:00,INACTIVE,807.85
MCH5777,Dubey and Sons,5999.0,RETAIL OTHER,INDIVIDUAL,Bangalore,Karnataka,2025-01-12 19:34:00,INACTIVE,4320.83
MCH5780,"Kumar, Bedi and Borah",5942.0,BOOKS & STATIONERY,INDIVIDUAL,Bangalore,Karnataka,2025-12-01 18:36:00,INACTIVE,845.88
MCH5781,Bava and Sons,7011.0,HOTEL & LODGING,PARTNERSHIP,Hyderabad,Telangana,2024-03-24 09:56:13,ACTIVE,2364.14
MCH5784,"Kakar, Palla and Vyas",5699.0,APPAREL,PRIVATE_LIMITED,Jalandhar,Punjab,2024-06-01 22:17:58,ACTIVE,220.77
MCH5785,Vohra Inc,5699.0,APPAREL,PARTNERSHIP,Mumbai,Maharashtra,2023-06-25 00:00:00,ACTIVE,1694.59
MCH5786,"Bhasin, Manda1 and Tank",4131.0,TRANSPORT & TRAVEL,INDIVIDUAL,Kolkata,West Bengal,2025-02-08 00:00:00,INACTIVE,1913.26
MCH5787,Bassi Inc,7011.0,HOTEL & LODGING,SOLE_PROPRIETOR,Mumbai,Maharashtra,2025-06-24 00:00:00,ACTIVE,555.97
MCH5790,  Devi and Sons  ,5942.0,BOOKS & STATIONERY,PARTNERSHIP,Jpr,Rajasthan,2024-06-03 01:35:36,ACTIVE,8961.2
MCH5792,"bava, krish and ghose",4131.0,TRANSPORT & TRAVEL,PARTNERSHIP,Amritsar,Punjab,2024-09-07 00:00:00,SUSPENDED,1136.54
MCH5793,  Pathak Group  ,4131.0,TRANSPORT & TRAVEL,INDIVIDUAL,Mumbai,Maharashtra,2025-04-27 00:00:00,ACTIVE,1570.7
MCH5794,Gulati and Sons,5999.0,OTHER,PRIVATE_LIMITED,Blr,Karnataka,2024-07-18 15:31:05,ACTIVE,614.67
MCH5795,"Sunder, Bera and Srinivas",7011.0,HOTEL & LODGING,PRIVATE_LIMITED,Kolkata,West Bengal,2023-05-19 17:04:00,ACTIVE,167.0
MCH5797,Sami Ltd,5942.0,BOOKS & STATIONERY,INDIVIDUAL,Jalandhar,Punjab,2024-03-05 15:38:56,ACTIVE,651.76
MCH5798,DIVAN-MAHAL,5812.0,EATING PLACE,INDIVIDUAL,Jaipur,Rajasthan,2023-02-19 00:00:00,ACTIVE,110.98
MCH5799,Nagar Inc,7011.0,HOTEL & LODGING,PRIVATE_LIMITED,Jalandhar,Punjab,2026-02-16 00:00:00,ACTIVE,209.08
MCH5801,"Narasimhan, Grewal and Vora",4131.0,TRANSPORT & TRAVEL,PRIVATE_LIMITED,Dilli,Delhi,2023-08-08 00:00:00,ACTIVE,1697.55
MCH5805,natarajan-walla,413.0,TRANSPORT & TRAVEL,PARTNERSHIP,Ludhiana,Punjab,2025-06-03 12:56:57,ACTIVE,449.15
MCH5807,  Madan Ltd  ,5311.0,DEPARTMENT STORE,SOLE_PROPRIETOR,Jalandhar,Punjab,2023-06-11 00:00:00,ACTIVE,1974.14
MCH5809,Buch PLC,4131.0,TRANSPORT & TRAVEL,INDIVIDUAL,Blr,Karnataka,2025-01-22 00:00:00,ACTIVE,461.99
MCH5812,aurora and sons,7011.0,HOTEL & LODGING,SOLE_PROPRIETOR,Hyderabad,Telangana,2024-03-03 00:00:00,ACTIVE,410.12
MCH5813,Nair Inc,4814.0,TELECOM,SOLE_PROPRIETOR,Chennai,Tamil Nadu,,ACTIVE,1408.29
MCH5822,Gandhi-Krish,5311.0,RETAIL,SOLE_PROPRIETOR,Bangalore,Karnataka,2023-10-02 00:00:00,ACTIVE,1268.39
MCH5823,Sen LLC,4814.0,TELECOM,SOLE_PROPRIETOR,Pune,Maharashtra,2024-08-30 01:05:00,ACTIVE,7119.48
MCH5825,Bhardwaj-Sachdeva,5942.0,BOOKS & STATIONERY,PARTNERSHIP,Bangalore,Karnataka,2024-05-17 00:03:40,ACTIVE,-1108.32
MCH5829,BATTA LTD,5812.0,FOOD & DINING,SOLE_PROPRIETOR,Jalandhar,Punjab,2024-11-07 00:00:00,SUSPENDED,690.13
MCH5831,KIBE INC,4814.0,TELECOM,SOLE_PROPRIETOR,Ludhiana,Punjab,2024-01-21 16:49:33,ACTIVE,2267.19
MCH5833,Deep and Sons,5411.0,GROCERY,PARTNERSHIP,Jaipur,Rajasthan,2024-04-04 00:00:00,ACTIVE,4335.22
MCH5834,Sundaram-Sarkar,5812.0,FOOD & DINING,PARTNERSHIP,Hyderabad,Telangana,2025-07-27 00:00:00,ACTIVE,1502.09
MCH5835,"  Kanda, Saraf and Prashad  ",5699.0,APPAREL,SOLE_PROPRIETOR,Jalandhar,Punjab,2023-03-06 00:00:00,ACTIVE,622.64
MCH5841,Nori Group,5912.0,PHARMACY,SOLE_PROPRIETOR,Mumbai,Maharashtra,2023-11-01 06:18:00,ACTIVE,466.44
MCH5842,"Dutt, Trivedi and Dhingra",594.0,BOOKS & STATIONERY,PARTNERSHIP,Amritsar,Punjab,2024-01-21 11:32:28,ACTIVE,182.55
MCH5843,Wason and Sons,4814.0,TELECOM,INDIVIDUAL,Hyderabad,Telangana,2023-05-30 00:00:00,INACTIVE,1023.46
MCH5845,Buch PLC,5311.0,RETAIL,SOLE_PROPRIETOR,Ludhiana,Punjab,2025-09-25 00:00:00,ACTIVE,1603.87
MCH5847,"Kar, Gupta and Choudhry",7011.0,HOTEL & LODGING,SOLE_PROPRIETOR,Kolkata,West Bengal,2023-05-20 00:00:00,ACTIVE,-4487.3
MCH5849,Balakrishnan Ltd,5699.0,APPAREL,PRIVATE_LIMITED,Lucknow,Uttar Pradesh,2025-06-04 00:00:00,ACTIVE,6558.56
MCH5850,Virk-Loke,5699.0,APPAREL,PARTNERSHIP,Mumbay,Maharashtra,,ACTIVE,3558.0
MCH5851,"Chakrabarti, Sen and Misra",541.0,GROCERY,SOLE_PROPRIETOR,Pune,Maharashtra,2026-02-15 14:58:09,ACTIVE,1867.35
MCH5855,"Rajagopalan,MuniandPrasad",,APPAREL,PARTNERSHIP,Jalandhar,Punjab,2023-09-08 00:00:00,ACTIVE,115.41
MCH5856,"WASON, SAVANT AND BAHL",,OTHER,INDIVIDUAL,Mumbai,Maharashtra,2026-11-02 00:00:00,ACTIVE,944.06
MCH5857,"VARUGHESE, VORA AND CHOKSHI",4814.0,TELECOM,INDIVIDUAL,Lucknow,Uttar Pradesh,2025-11-21 00:00:00,INACTIVE,687.33
MCH5861,MANNE-CHATTERJEE,581.0,FOOD & DINING,SOLE_PROPRIETOR,Delhi,Delhi,2024-10-28 00:00:00,ACTIVE,174.45
MCH5870,Deol Group,413.0,TRANSPORT & TRAVEL,SOLE_PROPRIETOR,Chennai,Tamil Nadu,2023-02-04 21:18:00,SUSPENDED,1911.31
MCH5872,  Sandal Ltd  ,541.0,GROCERY,PRIVATE_LIMITED,Bengaluru,Karnataka,,ACTIVE,2434.63
MCH5873,"  Kade, Srivastava and Iyengar  ",5999.0,OTHER,PARTNERSHIP,Lucknow,Uttar Pradesh,2023-06-10 00:00:00,ACTIVE,3185.85
MCH5874,Pathak Group,4814.0,TELECOM,INDIVIDUAL,Jalandhar,Punjab,2025-03-16 00:00:00,INACTIVE,814.38
MCH5879,"Sridhar, Sani and Ma11",481.0,TELECOM,INDIVIDUAL,Hyderabad,Telangana,2025-12-30 20:57:31,ACTIVE,-3624.48
MCH5880,"Varty, Ratta and Venkataraman",5699.0,APPAREL,SOLE_PROPRIETOR,Asr,Punjab,2023-06-11 00:00:00,ACTIVE,1913.84
MCH5881,  Baria-Keer  ,4131.0,TRANSPORT & TRAVEL,PRIVATE_LIMITED,Jaipur,Rajasthan,2026-02-09 03:41:16,INACTIVE,2633.32
MCH5882,"Barad, Kara and Gokhale",,TELECOM,SOLE_PROPRIETOR,Chennai,Tamil Nadu,2024-09-25 00:00:00,INACTIVE,626.5
MCH5883,Pillai Ltd,,BOOKS & STATIONERY,PARTNERSHIP,Pune,Maharashtra,2024-10-18 00:00:00,ACTIVE,2102.56
MCH5884,Raman and Sons,4131.0,TRANSPORT & TRAVEL,INDIVIDUAL,Chennai,Tamil Nadu,,ACTIVE,743.19
MCH5890,Apte-Sant,5311.0,DEPARTMENT STORE,PARTNERSHIP,Asr,Punjab,2026-01-27 00:00:00,INACTIVE,2687.77
MCH5892,"Dara, Goswami and Purohit",581.0,FOOD & DINING,INDIVIDUAL,Bangalore,Karnataka,2025-02-21 11:15:43,ACTIVE,1175.0
MCH5894,Borra-Tiwari,5311.0,RETAIL,PARTNERSHIP,Bengaluru,Karnataka,2025-05-24 19:29:00,ACTIVE,239.64
MCH5895,Dey LLC,4131.0,TRANSPORT & TRAVEL,INDIVIDUAL,Chennai,Tamil Nadu,2024-08-05 00:00:00,ACTIVE,693.85
MCH5896,Kale Group,5942.0,BOOK STORE,INDIVIDUAL,Hyderabad,Telangana,2023-07-21 00:00:00,ACTIVE,533.74
MCH5897,Mutti-Doshi,5912.0,PHARMACY,PRIVATE_LIMITED,Amritsar,Punjab,2026-06-01 00:00:00,ACTIVE,1302.0
MCH5898,  Virk-Mani  ,5699.0,APPAREL,PARTNERSHIP,Delhi,Delhi,2025-08-23 00:00:00,ACTIVE,2502.05
MCH5900,Sarraf-Nagar,5912.0,PHARMACY,SOLE_PROPRIETOR,Kolkata,West Bengal,2024-03-23 06:41:25,ACTIVE,380.94
MCH5902,"Iyer, Pal and Kaur",5311.0,DEPARTMENT STORE,PRIVATE_LIMITED,Pune,Maharashtra,2024-08-14 00:00:00,ACTIVE,441.19
MCH5904,Karan Ltd,5699.0,APPAREL,SOLE_PROPRIETOR,Bengaluru,Karnataka,2023-11-29 00:00:00,ACTIVE,1441.0
MCH5905,KARNIK LTD,5812.0,FOOD & DINING,INDIVIDUAL,Pune,Maharashtra,2026-02-05 00:00:00,ACTIVE,653.53
MCH5911,Chacko-Kota,5311.0,RETAIL,PARTNERSHIP,Hyderabad,Telangana,2023-09-07 00:00:00,ACTIVE,797.25
MCH5912,shenoy plc,4814.0,TELECOM,INDIVIDUAL,Bangalore,Karnataka,2023-12-12 00:00:00,ACTIVE,551.95
MCH5914,Ku1karni-Deshmukh,5699.0,APPAREL,INDIVIDUAL,Jpr,Rajasthan,2025-04-24 21:08:53,ACTIVE,386.71
MCH5915,"Solanki, Banik and Badal",413.0,TRANSPORT & TRAVEL,INDIVIDUAL,Jalandhar,Punjab,2024-10-22 00:00:00,ACTIVE,1488.9
MCH5917,"TARA, BHASIN AND SINGH",5912.0,PHARMACY,SOLE_PROPRIETOR,Pune,Maharashtra,2023-08-26 00:00:00,SUSPENDED,443.4
MCH5918,bora-rege,5699.0,APPAREL,PARTNERSHIP,Pune,Maharashtra,2024-09-23 00:00:00,ACTIVE,-203.17
MCH5921,Saraf-Saraf,7011.0,HOTEL & LODGING,INDIVIDUAL,Jpr,Rajasthan,2025-05-31 15:14:51,INACTIVE,352.95
MCH5923,"  Banik, Yogi and Seth  ",4814.0,TELECOM,INDIVIDUAL,Delhi,Delhi,,INACTIVE,378.2
MCH5924,Chana-Thaman,481.0,TELECOM,SOLE_PROPRIETOR,New Delhi,Delhi,2025-09-27 23:42:15,ACTIVE,1054.56
MCH5927,"Hayer, Palla and Ganesh",5699.0,APPAREL,PRIVATE_LIMITED,Lucknow,Uttar Pradesh,2024-06-16 00:00:00,ACTIVE,3764.09
MCH5929,Chaudry-Pal,7011.0,HOTEL & LODGING,PRIVATE_LIMITED,Chennai,Tamil Nadu,2024-11-12 00:00:00,ACTIVE,705.57
MCH5932,Jani-Sathe,4814.0,TELECOM,PARTNERSHIP,Ludhiana,Punjab,2024-10-09 04:03:57,INACTIVE,2383.64
MCH5933,"natarajan, swaminathan and dugar",5999.0,RETAIL OTHER,PARTNERSHIP,Kolkata,West Bengal,2025-09-26 20:35:00,ACTIVE,-2711.41
MCH5934,Krish-Doshi,4131.0,TRANSPORT & TRAVEL,INDIVIDUAL,Jaipur,Rajasthan,2024-02-24 03:10:41,ACTIVE,2895.4
MCH5937,"Babu, Contractor and Sem",5411.0,GROCERY,PRIVATE_LIMITED,Hyderabad,Telangana,2023-04-01 00:00:00,INACTIVE,415.88
MCH5938,Prabhu LLC,599.0,OTHER,SOLE_PROPRIETOR,Jalandhar,Punjab,2024-10-16 00:00:00,ACTIVE,590.79
MCH5939,"mohan, varughese and johal",5411.0,GROCERY,PARTNERSHIP,Bengaluru,Karnataka,2024-12-20 00:00:00,ACTIVE,4307.34
MCH5941,G0ur Ltd,5942.0,BOOKS & STATIONERY,PRIVATE_LIMITED,Lucknow,Uttar Pradesh,2023-04-30 00:00:00,INACTIVE,1448.04
MCH5944,Arya Inc,5699.0,APPAREL,PARTNERSHIP,Jaipur,Rajasthan,2025-03-31 04:07:17,ACTIVE,394.63
MCH5950,Dey-Raj,5999.0,RETAIL OTHER,SOLE_PROPRIETOR,Amritsar,Punjab,2025-11-29 00:00:00,ACTIVE,-3256.77
MCH5951,"Sahni, Gour and Sama",531.0,DEPARTMENT STORE,PRIVATE_LIMITED,Pune,Maharashtra,2024-05-13 00:00:00,ACTIVE,2353.06
MCH5953,"Sandhu, Srinivas and Thakur",5699.0,APPAREL,PRIVATE_LIMITED,Amritsar,Punjab,2023-10-09 19:25:00,ACTIVE,3101.03
MCH5954,"Chand, Dora and Dey",,FOOD & DINING,PRIVATE_LIMITED,Chennai,Tamil Nadu,2025-08-28 14:38:01,ACTIVE,1159.45
MCH5955,"Rana, Mangat and De",4814.0,TELECOM,SOLE_PROPRIETOR,Kolkata,West Bengal,2025-02-05 00:00:00,ACTIVE,1491.64
MCH5957,Bose PLC,5942.0,BOOKS & STATIONERY,PARTNERSHIP,Jaipur,Rajasthan,2023-09-22 00:00:00,INACTIVE,1309.17
MCH5958,"panchal, krishnan and thakkar",5812.0,FOOD & DINING,PRIVATE_LIMITED,Chennai,Tamil Nadu,2025-06-16 00:00:00,INACTIVE,999.64
MCH5959,nigam group,5942.0,BOOK STORE,PRIVATE_LIMITED,Mumbai,Maharashtra,2025-06-14 00:00:00,INACTIVE,2495.0
MCH5961,Batra Ltd,5812.0,FOOD & DINING,INDIVIDUAL,Jalandhar,Punjab,2024-05-24 00:00:00,ACTIVE,608.0
MCH5963,GOYAL-SUR,5812.0,FOOD & DINING,PRIVATE_LIMITED,Chennai,Tamil Nadu,2025-09-14 08:31:00,ACTIVE,3785.0
MCH5965,Wason LLC,4814.0,TELECOM,PARTNERSHIP,Hyderabad,Telangana,2025-06-03 21:59:21,ACTIVE,2365.0
MCH5966,"Bala, Tandon and Keer",,GROCERY STORES,INDIVIDUAL,Lucknow,Uttar Pradesh,2023-02-06 00:00:00,ACTIVE,255.77
MCH5968,"SOMAN, ISSAC AND GOSWAMI",5311.0,DEPARTMENT STORE,PRIVATE_LIMITED,Jalandhar,Punjab,2025-10-16 00:00:00,ACTIVE,5598.75
MCH5970,Babu and Sons,5699.0,CLOTHING,PRIVATE_LIMITED,Amritsar,Punjab,2025-01-14 00:00:00,INACTIVE,2060.67
MCH5972,Mane Ltd,5942.0,BOOKS & STATIONERY,INDIVIDUAL,Amritsar,Punjab,2024-03-06 07:02:00,ACTIVE,644.97
MCH5973,Biswas-Dass,5699.0,APPAREL,SOLE_PROPRIETOR,Lucknow,Uttar Pradesh,2025-11-25 00:00:00,ACTIVE,
MCH5974,Padmanabhan LLC,5812.0,FOOD & DINING,INDIVIDUAL,Lucknow,Uttar Pradesh,2023-03-11 10:03:46,ACTIVE,1194.0
MCH5979,Mani Group,4131.0,TRANSPORT & TRAVEL,PRIVATE_LIMITED,Blr,Karnataka,2024-07-15 00:00:00,SUSPENDED,4686.23
MCH5980,MISRA-GANGULY,4131.0,TRANSPORT & TRAVEL,INDIVIDUAL,Kolkata,West Bengal,2025-08-13 00:00:00,ACTIVE,2762.0
MCH5983,"Morar, Memon and Kala",5311.0,DEPARTMENT STORE,SOLE_PROPRIETOR,Pune,Maharashtra,2025-05-06 09:44:28,ACTIVE,-306.11
MCH5984,acharya-badal,5999.0,OTHER,SOLE_PROPRIETOR,Kolkata,West Bengal,2023-03-01 00:00:00,ACTIVE,515.0
MCH5992,"Anne, Gole and Bhatnagar",591.0,PHARMACY,PRIVATE_LIMITED,Ludhiana,Punjab,2025-12-31 00:00:00,ACTIVE,1637.97
MCH5995,Bassi Ltd,5812.0,EATING PLACE,PRIVATE_LIMITED,Lucknow,Uttar Pradesh,2024-02-01 00:00:00,ACTIVE,2631.68
MCH5997,"Kothari,BasuandKothari",5912.0,PHARMACY,SOLE_PROPRIETOR,Delhi,Delhi,2025-09-07 16:46:16,INACTIVE,2459.46
MCH5998,Joshi Inc,5411.0,GROCERY,PRIVATE_LIMITED,Chennai,Tamil Nadu,2024-08-30 00:00:00,ACTIVE,1152.74
MCH5999,NORI INC,5999.0,OTHER,PRIVATE_LIMITED,Jalandhar,Punjab,2026-01-02 22:34:56,ACTIVE,629.41
MCH6001,Murthy-Batra,7011.0,HOTEL & LODGING,SOLE_PROPRIETOR,Jalandhar,Punjab,2024-08-31 00:00:00,ACTIVE,1116.47
MCH6002,Bal Group,5912.0,PHARMACY,PARTNERSHIP,Dilli,Delhi,2025-05-14 00:00:00,ACTIVE,718.0
MCH6004,Raval and Sons,5812.0,EATING PLACE,PARTNERSHIP,Bangalore,Karnataka,2025-10-20 12:33:00,ACTIVE,477.72
MCH6009,"Nagar, Chowdhury and Raghavan",,BOOKS & STATIONERY,PRIVATE_LIMITED,Pune,Maharashtra,,ACTIVE,1266.03
MCH6010,"Tak, Sani and Jaggi",5912.0,PHARMACY,INDIVIDUAL,Jpr,Rajasthan,2024-01-20 00:00:00,ACTIVE,1022.54
MCH6013,Date Ltd,5699.0,APPAREL,INDIVIDUAL,Mumbai,Maharashtra,2025-11-12 09:48:09,INACTIVE,138.89
MCH6016,Goda Inc,,BOOKS & STATIONERY,SOLE_PROPRIETOR,Kolkata,West Bengal,2025-07-21 22:39:16,ACTIVE,1254.1
MCH6017,"Loyal, Sidhu and Balay",4814.0,TELECOM,SOLE_PROPRIETOR,Amritsar,Punjab,2025-01-08 01:30:00,INACTIVE,985.33
MCH6019,Chatterjee Ltd,,FOOD & DINING,PRIVATE_LIMITED,Dilli,Delhi,2026-01-25 00:00:00,ACTIVE,100.27
MCH6020,Goda Ltd,5942.0,BOOKS & STATIONERY,SOLE_PROPRIETOR,Lucknow,Uttar Pradesh,2025-09-01 00:00:00,ACTIVE,2555.72
MCH6023,DATTA PLC,5411.0,GROCERY,PARTNERSHIP,Ludhiana,Punjab,2026-01-27 00:00:00,ACTIVE,2183.74
MCH6024,"Saran, Sinha and Barman",5812.0,FOOD & DINING,SOLE_PROPRIETOR,Jalandhar,Punjab,2026-01-18 00:39:00,ACTIVE,1185.95
MCH6025,Wable and Sons,4814.0,TELECOM,SOLE_PROPRIETOR,Pune,Maharashtra,2026-01-14 04:31:00,ACTIVE,2018.15
MCH6026,NARAYANAN-BHATT,5942.0,BOOKS & STATIONERY,PARTNERSHIP,Hyderabad,Telangana,2025-09-14 00:00:00,ACTIVE,746.02
MCH6028,"Devan, Saha and Nagar",7011.0,HOTEL & LODGING,PARTNERSHIP,Jalandhar,Punjab,2023-05-02 08:52:59,ACTIVE,2112.02
MCH6030,"DHILLON, SUNDER AND SODHI",599.0,OTHER,PARTNERSHIP,Jpr,Rajasthan,2025-02-19 00:00:00,ACTIVE,884.98
MCH6031,Chauhan Group,5699.0,APPAREL,INDIVIDUAL,Hyderabad,Telangana,2024-12-13 22:44:00,ACTIVE,654.0
MCH6033,"Sama, Basak and Majumdar",5999.0,OTHER,PRIVATE_LIMITED,Hyderabad,Telangana,2025-03-05 00:00:00,ACTIVE,365.0
MCH6034,Sane Inc,591.0,PHARMACY,PRIVATE_LIMITED,Jaipur,Rajasthan,2025-10-18 00:00:00,ACTIVE,1353.34
MCH6035,radhakrishnan-chad,5812.0,EATING PLACE,PARTNERSHIP,New Delhi,Delhi,2026-01-25 00:00:00,ACTIVE,706.81
MCH6036,chhabra group,5699.0,APPAREL,SOLE_PROPRIETOR,Asr,Punjab,2024-01-10 00:00:00,ACTIVE,
MCH6039,Padmanabhan-Bora,4814.0,TELECOM,SOLE_PROPRIETOR,Lucknow,Uttar Pradesh,,ACTIVE,6727.69
MCH6043,Saran-Rai,5411.0,GROCERY,PRIVATE_LIMITED,Jaipur,Rajasthan,2025-11-17 00:00:00,ACTIVE,2845.67
MCH6044,Narain-Srivastava,7011.0,HOTEL & LODGING,SOLE_PROPRIETOR,Hyderabad,Telangana,2026-11-02 00:00:00,ACTIVE,141.65
MCH6045,"bajwa, wali and walla",5912.0,PHARMACY,PRIVATE_LIMITED,Bengaluru,Karnataka,2023-09-28 00:00:00,ACTIVE,2897.0
MCH6046,"Palla, Yadav and Bhatnagar",5999.0,OTHER,INDIVIDUAL,Bengaluru,Karnataka,2024-03-27 20:41:48,ACTIVE,2396.76
MCH6050,"Choudhary, Shanker and Rajan",5812.0,FOOD & DINING,INDIVIDUAL,Ludhiana,Punjab,2024-03-26 21:03:47,ACTIVE,-2324.79
MCH6051,"Prashad, Date and Sodhi",5311.0,DEPARTMENT STORES,PRIVATE_LIMITED,Jalandhar,Punjab,2026-01-18 00:00:00,ACTIVE,-212.27
MCH6052,nayak-wadhwa,5912.0,PHARMACY,PRIVATE_LIMITED,Jaipur,Rajasthan,2023-07-12 00:00:00,ACTIVE,600.38
MCH6053,Barad-Sen,5999.0,RETAIL OTHER,INDIVIDUAL,Kolkata,West Bengal,2025-10-20 00:00:00,ACTIVE,2730.09
MCH6056,IYENGAR-HEGDE,413.0,TRANSPORT & TRAVEL,PARTNERSHIP,Amritsar,Punjab,2025-03-23 00:00:00,ACTIVE,1004.69
MCH6058,Loke LLC,5942.0,BOOK STORE,SOLE_PROPRIETOR,Amritsar,Punjab,,ACTIVE,317.07
MCH6059,Bhargava PLC,7011.0,HOTEL & LODGING,PRIVATE_LIMITED,Jaipur,Rajasthan,2025-07-16 00:00:00,SUSPENDED,333.57
MCH6060,Chacko-Sundaram,4131.0,TRANSPORT & TRAVEL,INDIVIDUAL,Jpr,Rajasthan,2023-03-25 00:00:00,INACTIVE,2026.75
MCH6061,Anand-Savant,5411.0,GROCERY,SOLE_PROPRIETOR,Amritsar,Punjab,2026-02-08 12:13:00,ACTIVE,-625.71
MCH6062,Kata PLC,5699.0,CLOTHING,SOLE_PROPRIETOR,Mumbai,Maharashtra,2025-09-10 00:00:00,ACTIVE,9045.0
MCH6064,"Wable, Virk and Gaba",5812.0,FOOD & DINING,PRIVATE_LIMITED,Asr,Punjab,2025-06-09 01:56:12,ACTIVE,5256.61
MCH6067,Chaw1a-Gangu1y,,HOTEL & LODGING,SOLE_PROPRIETOR,Mumbai,Maharashtra,2025-12-03 00:00:00,INACTIVE,700.95
MCH6069,Krish-Joshi,,APPAREL,PRIVATE_LIMITED,Asr,Punjab,2024-07-30 00:00:00,ACTIVE,252.19
MCH6071,nagy inc,5311.0,DEPARTMENT STORE,PRIVATE_LIMITED,Delhi,Delhi,,ACTIVE,-2743.11
MCH6072,"  Bassi, Sarma and Yohannan  ",,OTHER,SOLE_PROPRIETOR,Chennai,Tamil Nadu,2024-01-14 00:00:00,ACTIVE,1959.53
MCH6075,"Lad, Menon and Tiwari",4814.0,TELECOM,PRIVATE_LIMITED,Blr,Karnataka,2023-06-08 00:00:00,ACTIVE,709.64
MCH6078,Oza-Srinivasan,481.0,TELECOM,INDIVIDUAL,Mumbai,Maharashtra,2023-10-15 19:51:00,ACTIVE,4379.06
MCH6079,"SESHADRI, MUNI AND BANIK",7011.0,HOTEL & LODGING,INDIVIDUAL,Kolkata,West Bengal,2026-02-24 00:00:00,ACTIVE,434.97
MCH6080,"kanda, krishnan and chaudry",5411.0,GROCERY,PRIVATE_LIMITED,Chennai,Tamil Nadu,2023-02-27 00:47:00,INACTIVE,1675.16
MCH6083,"Shah, Deep and Swaminathan",5411.0,GROCERY,PARTNERSHIP,Amritsar,Punjab,2025-06-28 00:00:00,ACTIVE,1417.0
MCH6084,Gera-Patla,,TRANSPORT & TRAVEL,SOLE_PROPRIETOR,Lucknow,Uttar Pradesh,2026-01-26 15:06:00,ACTIVE,3360.46
MCH6090,Bahl-Ramanathan,701.0,HOTEL & LODGING,SOLE_PROPRIETOR,Jalandhar,Punjab,2025-03-10 00:29:05,ACTIVE,1685.43
MCH6091,Ratti-Kalita,5942.0,BOOKS & STATIONERY,SOLE_PROPRIETOR,Ludhiana,Punjab,2023-06-09 00:00:00,ACTIVE,458.92
MCH6095,"Sahota, Misra and Kata",,BOOKS & STATIONERY,PARTNERSHIP,Hyderabad,Telangana,2024-11-29 00:00:00,ACTIVE,665.0
MCH6097,MANNAN PLC,5812.0,FOOD & DINING,PARTNERSHIP,Lucknow,Uttar Pradesh,2025-02-13 00:39:51,ACTIVE,258.41
MCH6099,Yadav LLC,481.0,TELECOM,PARTNERSHIP,Bengaluru,Karnataka,2025-06-16 00:00:00,ACTIVE,4726.0
MCH6100,"PILLAY, MERCHANT AND SEM",5942.0,BOOKS & STATIONERY,PRIVATE_LIMITED,Jalandhar,Punjab,2023-05-09 09:50:00,ACTIVE,1374.95
MCH6101,DORA-BAJWA,5912.0,PHARMACY,PRIVATE_LIMITED,Pune,Maharashtra,2025-07-28 00:00:00,ACTIVE,3328.35
MCH6102,"hayre, peri and sura",7011.0,HOTEL & LODGING,PRIVATE_LIMITED,Ludhiana,Punjab,2024-01-26 00:00:00,ACTIVE,-4593.66
MCH6104,Keer-Gade,5311.0,DEPARTMENT STORE,INDIVIDUAL,Kolkata,West Bengal,2023-01-01 20:32:00,INACTIVE,935.82
MCH6105,upadhyay plc,7011.0,HOTEL & LODGING,SOLE_PROPRIETOR,Kolkata,West Bengal,2024-02-07 00:26:26,ACTIVE,527.81
MCH6107,"Bhattacharyya, Narayanan and Samra",581.0,FOOD & DINING,PARTNERSHIP,Pune,Maharashtra,2025-02-21 00:00:00,ACTIVE,1215.85
MCH6109,Sampath Ltd,4814.0,TELECOM,INDIVIDUAL,Ludhiana,Punjab,2026-01-15 23:34:00,ACTIVE,399.08
MCH6112,LUTHRA-GROVER,5942.0,BOOKS & STATIONERY,PARTNERSHIP,Jaipur,Rajasthan,2024-06-22 00:00:00,ACTIVE,1366.0
MCH6113,"Shen0y, Kapadia and Pradhan",5942.0,BOOKS & STATIONERY,INDIVIDUAL,Amritsar,Punjab,2025-05-21 01:21:00,ACTIVE,8727.62
MCH6114,"  Khurana, Chowdhury and Chaudhary  ",,TELECOM,PRIVATE_LIMITED,Chennai,Tamil Nadu,,ACTIVE,1212.0
MCH6115,Padmanabhan-Chahal,,RETAIL,PRIVATE_LIMITED,Mumbai,Maharashtra,2024-01-03 00:00:00,INACTIVE,266.65
MCH6116,KEER-SHUKLA,4131.0,TRANSPORT & TRAVEL,INDIVIDUAL,Delhi,Delhi,2025-02-18 00:00:00,ACTIVE,3651.0
MCH6118,"radhakrishnan, lala and devi",5311.0,DEPARTMENT STORE,SOLE_PROPRIETOR,Dilli,Delhi,2024-06-01 00:00:00,ACTIVE,11547.0
MCH6119,HayerLtd,5912.0,PHARMACY,INDIVIDUAL,Asr,Punjab,2025-12-11 00:00:00,ACTIVE,1262.04
MCH6121,Madan PLC,5311.0,RETAIL,PRIVATE_LIMITED,Bangalore,Karnataka,2023-09-07 00:00:00,ACTIVE,1208.86
MCH6122,RAI LTD,4131.0,TRANSPORT & TRAVEL,PRIVATE_LIMITED,Jalandhar,Punjab,2024-02-11 00:00:00,INACTIVE,2198.19
MCH6131,"Dhar, Dada and Bakshi",,APPAREL,PARTNERSHIP,Bangalore,Karnataka,2024-03-10 19:58:24,ACTIVE,1921.0
MCH6137,"  Sidhu, Ahuja and Kumar  ",5812.0,FOOD & DINING,PARTNERSHIP,Bengaluru,Karnataka,,ACTIVE,1574.67
MCH6143,BARAL PLC,5411.0,GROCERY,PARTNERSHIP,Kolkata,West Bengal,2024-12-05 02:07:44,ACTIVE,1054.97
MCH6144,Ravi-Dhingra,5912.0,PHARMACY,PRIVATE_LIMITED,Hyderabad,Telangana,2023-04-28 00:00:00,ACTIVE,2686.0
MCH6146,Handa LLC,5912.0,PHARMACY,INDIVIDUAL,Asr,Punjab,2023-01-01 00:00:00,ACTIVE,-1061.38
MCH6147,Singhal-Murthy,4131.0,TRANSPORT & TRAVEL,PARTNERSHIP,Mumbay,Maharashtra,2023-01-06 00:00:00,ACTIVE,-1814.59
MCH6148,"Sem, Aggarwa1 and Uppa1",5311.0,DEPARTMENT STORE,SOLE_PROPRIETOR,Lucknow,Uttar Pradesh,2025-11-29 06:29:00,INACTIVE,3148.18
MCH6150,"  Chada, Vala and Merchant  ",4814.0,TELECOM,PRIVATE_LIMITED,Hyderabad,Telangana,2024-10-10 00:00:00,INACTIVE,616.0
MCH6152,Mukhopadhyay PLC,594.0,BOOKS & STATIONERY,INDIVIDUAL,Jpr,Rajasthan,2025-12-20 00:00:00,ACTIVE,1642.16
MCH6155,"Mukhopadhyay, Doshi and Gopal",541.0,GROCERY STORES,SOLE_PROPRIETOR,Jalandhar,Punjab,2025-10-03 00:00:00,ACTIVE,-830.87
MCH6158,"Dhingra, Ratti and Palla",4131.0,TRANSPORT & TRAVEL,SOLE_PROPRIETOR,Amritsar,Punjab,2023-04-26 00:00:00,ACTIVE,1443.6
MCH6161,Sura-Wadhwa,,TELECOM,INDIVIDUAL,Bengaluru,Karnataka,2025-04-22 00:00:00,ACTIVE,490.18
MCH6162,"Naik, Kade and Singh",4131.0,TRANSPORT & TRAVEL,PARTNERSHIP,Asr,Punjab,2025-03-21 00:00:00,ACTIVE,2176.24
MCH6163,Mani Ltd,5942.0,BOOK STORE,PARTNERSHIP,Hyderabad,Telangana,2025-10-30 00:00:00,ACTIVE,2298.3
MCH6164,"Bir, Patil and Chahal",,PHARMACY,SOLE_PROPRIETOR,Mumbay,Maharashtra,2023-01-03 18:39:00,ACTIVE,1451.0
MCH6165,"chandran, dey and dalal",,APPAREL,PRIVATE_LIMITED,Delhi,Delhi,2025-08-29 16:50:00,ACTIVE,1513.56
MCH6167,"Chawla, Andra and Varty",4814.0,TELECOM,PARTNERSHIP,Hyderabad,Telangana,2023-05-08 00:00:00,ACTIVE,2407.62
MCH6168,"raj, sharma and panchal",4131.0,TRANSPORT & TRAVEL,PRIVATE_LIMITED,Ludhiana,Punjab,2025-08-19 00:00:00,ACTIVE,1123.84
MCH6170,Gh0se-Mann,5999.0,OTHER,PRIVATE_LIMITED,Lucknow,Uttar Pradesh,2023-09-05 00:00:00,ACTIVE,1120.12
MCH6171,  Naik and Sons  ,5812.0,FOOD & DINING,INDIVIDUAL,Amritsar,Punjab,2023-08-09 00:00:00,INACTIVE,4084.17
MCH6172,Raja Inc,5812.0,FOOD & DINING,SOLE_PROPRIETOR,Hyderabad,Telangana,2024-11-09 00:00:00,ACTIVE,1050.0
MCH6176,"TANDON, BADAL AND NATARAJAN",413.0,TRANSPORT & TRAVEL,PRIVATE_LIMITED,Hyderabad,Telangana,2025-12-10 00:00:00,ACTIVE,2925.84
MCH6180,Thakur and Sons,5699.0,APPAREL,PRIVATE_LIMITED,Lucknow,Uttar Pradesh,2025-05-24 02:59:23,ACTIVE,699.96
MCH6183,DUTT PLC,7011.0,HOTEL & LODGING,SOLE_PROPRIETOR,Kolkata,West Bengal,2026-02-23 00:00:00,ACTIVE,-1191.35
MCH6184,Peri-R0ut,4131.0,TRANSPORT & TRAVEL,SOLE_PROPRIETOR,Mumbai,Maharashtra,,ACTIVE,1637.73
MCH6187,"Shanker, Sastry and Rattan",4131.0,TRANSPORT & TRAVEL,INDIVIDUAL,Dilli,Delhi,2025-11-17 00:00:00,ACTIVE,327.19
MCH6188,"Batta, Choudhary and Bhalla",4131.0,TRANSPORT & TRAVEL,PRIVATE_LIMITED,Kolkata,West Bengal,2026-09-01 00:00:00,ACTIVE,163.0
MCH6190,Pal Ltd,5699.0,APPAREL,PRIVATE_LIMITED,Ludhiana,Punjab,2023-03-01 00:00:00,ACTIVE,376.59
MCH6197,"Koshy, Shah and Ratta",4131.0,TRANSPORT & TRAVEL,PARTNERSHIP,Bengaluru,Karnataka,2024-03-20 00:00:00,ACTIVE,1491.79
MCH6198,Rana-Sabharwal,5311.0,RETAIL,INDIVIDUAL,Mumbai,Maharashtra,,ACTIVE,410.5
MCH6200,"Sen, Walla and Bath",5999.0,RETAIL OTHER,PRIVATE_LIMITED,Delhi,Delhi,2024-01-29 20:38:00,ACTIVE,
MCH6205,  Munshi Inc  ,4814.0,TELECOM,SOLE_PROPRIETOR,Ludhiana,Punjab,2026-01-01 00:00:00,ACTIVE,230.73
MCH6206,"chander, bawa and setty",7011.0,HOTEL & LODGING,SOLE_PROPRIETOR,Lucknow,Uttar Pradesh,2025-08-12 05:06:00,ACTIVE,1545.95
MCH6207,"Ganesan, Bajwa and Reddy",5912.0,PHARMACY,PARTNERSHIP,Jpr,Rajasthan,2023-03-21 00:00:00,ACTIVE,391.96
MCH6208,Tak-Parmar,481.0,TELECOM,PRIVATE_LIMITED,Lucknow,Uttar Pradesh,2024-03-16 00:00:00,SUSPENDED,
MCH6210,Sem Group,5812.0,EATING PLACE,PRIVATE_LIMITED,Amritsar,Punjab,2024-01-03 02:42:08,ACTIVE,2370.64
MCH6213,Sangha LLC,,RETAIL OTHER,PRIVATE_LIMITED,Delhi,Delhi,2025-03-12 12:46:00,ACTIVE,722.0
MCH6216,"Bhatti, Dass and Deshpande",541.0,GROCERY,INDIVIDUAL,Ludhiana,Punjab,2024-08-09 01:01:00,ACTIVE,1325.06
MCH6218,chad-bhakta,5411.0,GROCERY,SOLE_PROPRIETOR,Chennai,Tamil Nadu,2023-12-23 00:00:00,ACTIVE,218.0
MCH6219,"Morar, Walla and Behl",5912.0,PHARMACY,PARTNERSHIP,Delhi,Delhi,2024-06-24 00:00:00,ACTIVE,4347.57
MCH6221,Dey-Maharaj,5912.0,PHARMACY,PRIVATE_LIMITED,Ludhiana,Punjab,2026-01-22 00:00:00,INACTIVE,-402.9
MCH6223,Ramanathan-Dhingra,4131.0,TRANSPORT & TRAVEL,INDIVIDUAL,Lucknow,Uttar Pradesh,2023-10-03 00:00:00,ACTIVE,306.0
MCH6224,La1-Anand,5912.0,PHARMACY,PRIVATE_LIMITED,New Delhi,Delhi,2025-07-28 00:00:00,ACTIVE,3823.0
MCH6225,"LOYAL, MANDER AND AGRAWAL",5411.0,GROCERY,SOLE_PROPRIETOR,Kolkata,West Bengal,2023-12-17 00:00:00,ACTIVE,859.91
MCH6228,"Kar, Agarwal and Karpe",5812.0,EATING PLACE,PRIVATE_LIMITED,Bengaluru,Karnataka,2024-08-05 00:00:00,ACTIVE,1145.75
MCH6231,"CHAND, JOHAL AND CHAWLA",5812.0,FOOD & DINING,PRIVATE_LIMITED,Jalandhar,Punjab,2023-06-26 00:00:00,ACTIVE,919.0
MCH6233,Vohra Ltd,5942.0,BOOKS & STATIONERY,PARTNERSHIP,Delhi,Delhi,2026-02-26 00:00:00,ACTIVE,2389.79
MCH6239,Varkey-More,5699.0,CLOTHING,PRIVATE_LIMITED,Lucknow,Uttar Pradesh,2025-08-20 00:00:00,ACTIVE,849.3
MCH6240,mutti plc,5999.0,MISC RETAIL,PARTNERSHIP,Delhi,Delhi,2025-11-08 00:00:00,ACTIVE,1461.1
MCH6242,  Som Inc  ,5311.0,DEPARTMENT STORE,SOLE_PROPRIETOR,Jaipur,Rajasthan,2023-06-27 04:59:14,ACTIVE,-1984.97
MCH6244,Memon and Sons,5311.0,RETAIL,INDIVIDUAL,Mumbai,Maharashtra,2025-11-24 00:00:00,INACTIVE,-1468.71
MCH6246,  Zachariah Group  ,5699.0,APPAREL,INDIVIDUAL,Chennai,Tamil Nadu,2025-06-16 00:00:00,ACTIVE,1510.7
MCH6247,Dhar-Ram,4814.0,TELECOM,INDIVIDUAL,Jpr,Rajasthan,2026-01-14 00:00:00,ACTIVE,468.52
MCH6251,"Sodhi, Handa and Venkatesh",5411.0,GROCERY STORES,SOLE_PROPRIETOR,Lucknow,Uttar Pradesh,2025-09-18 00:00:00,SUSPENDED,291.55
MCH6254,MURTHY GROUP,4814.0,TELECOM,PARTNERSHIP,Amritsar,Punjab,2025-05-07 23:34:00,INACTIVE,
MCH6255,"GUPTA, KIBE AND AURORA",7011.0,HOTEL & LODGING,PARTNERSHIP,Lucknow,Uttar Pradesh,2023-10-31 04:07:14,ACTIVE,3182.0
MCH6256,Rana-Walia,5812.0,FOOD & DINING,SOLE_PROPRIETOR,Ludhiana,Punjab,2025-02-27 00:00:00,INACTIVE,330.34
MCH6257,"Ba1i, Ahuja and Natarajan",4131.0,TRANSPORT & TRAVEL,INDIVIDUAL,Delhi,Delhi,2025-11-27 00:00:00,SUSPENDED,1050.0
MCH6258,"Mitra, Nori and Venkataraman",,PHARMACY,PRIVATE_LIMITED,Hyderabad,Telangana,2025-10-02 18:46:00,ACTIVE,353.34
MCH6260,MITTAL PLC,5912.0,PHARMACY,PRIVATE_LIMITED,Lucknow,Uttar Pradesh,2025-01-27 15:46:00,ACTIVE,
MCH6262,Saran Ltd,5311.0,DEPARTMENT STORE,PARTNERSHIP,Mumbay,Maharashtra,2025-08-04 12:06:38,INACTIVE,6560.0
MCH6263,"Bahri, Bajaj and Mander",5942.0,BOOKS & STATIONERY,INDIVIDUAL,Chennai,Tamil Nadu,2025-09-10 00:00:00,INACTIVE,667.85
MCH6267,Mandal-Badal,4814.0,TELECOM,PARTNERSHIP,Mumbai,Maharashtra,2024-12-10 00:00:00,ACTIVE,
MCH6268,"yogi, sachar and mammen",5411.0,GROCERY STORES,SOLE_PROPRIETOR,Jalandhar,Punjab,2025-11-05 00:00:00,ACTIVE,1773.0
MCH6273,"  Dubey, Narula and Jhaveri  ",5311.0,DEPARTMENT STORE,PRIVATE_LIMITED,Pune,Maharashtra,2025-05-06 00:00:00,ACTIVE,754.63
MCH6274,Mall Inc,7011.0,HOTEL & LODGING,PARTNERSHIP,Amritsar,Punjab,2025-06-21 00:00:00,ACTIVE,1700.39
MCH6275,Tank PLC,4814.0,TELECOM,SOLE_PROPRIETOR,Chennai,Tamil Nadu,2024-08-26 00:00:00,ACTIVE,781.0
MCH6277,"MANGAT, KAUR AND GUHA",701.0,HOTEL & LODGING,PARTNERSHIP,New Delhi,Delhi,2024-04-07 03:31:48,ACTIVE,1786.0
MCH6278,"Keer, Sha and Sama",591.0,PHARMACY,PARTNERSHIP,Kolkata,West Bengal,2025-08-23 00:00:00,ACTIVE,8713.68
MCH6280,Khanna-Kanda,5699.0,APPAREL,SOLE_PROPRIETOR,Pune,Maharashtra,,ACTIVE,243.27
MCH6282,Madan-Din,7011.0,HOTEL & LODGING,PARTNERSHIP,Asr,Punjab,2026-01-20 00:00:00,ACTIVE,955.08
MCH6284,Ta1war Ltd,7011.0,HOTEL & LODGING,PARTNERSHIP,Amritsar,Punjab,2025-11-27 00:00:00,ACTIVE,-678.88
MCH6285,Kumer-Mane,7011.0,HOTEL & LODGING,PRIVATE_LIMITED,Bengaluru,Karnataka,2024-10-01 00:00:00,ACTIVE,567.98
MCH6290,Chaudhry-Agarwal,5999.0,RETAIL OTHER,PARTNERSHIP,Ludhiana,Punjab,2023-01-09 00:00:00,INACTIVE,5757.0
MCH6291,Sheth-Anne,5311.0,RETAIL,PARTNERSHIP,Delhi,Delhi,2025-10-15 00:00:00,SUSPENDED,-2021.5
MCH6293,Bora-Nigam,5311.0,DEPARTMENT STORE,PARTNERSHIP,Jalandhar,Punjab,,ACTIVE,-4957.97
MCH6296,"Goyal, Vora and Loke",5411.0,GROCERY,PRIVATE_LIMITED,Lucknow,Uttar Pradesh,,ACTIVE,538.0
MCH6299,Pathak-Mukherjee,5999.0,OTHER,INDIVIDUAL,Dilli,Delhi,2025-02-02 00:00:00,ACTIVE,256.83
MCH6300,Kumar PLC,5699.0,APPAREL,PARTNERSHIP,Jaipur,Rajasthan,2025-04-17 00:00:00,ACTIVE,1647.52
MCH6301,"Apte, Vohra and Gade",4814.0,TELECOM,PARTNERSHIP,Jalandhar,Punjab,2023-03-30 00:00:00,ACTIVE,2355.49
MCH6302,Gour-Rattan,413.0,TRANSPORT & TRAVEL,INDIVIDUAL,Hyderabad,Telangana,2024-09-29 00:00:00,ACTIVE,966.01
MCH6305,"Chakraborty,HansandSahota",4131.0,TRANSPORT & TRAVEL,INDIVIDUAL,Mumbai,Maharashtra,2025-10-20 00:00:00,ACTIVE,1075.82
MCH6306,"RAMESH, VISWANATHAN AND KALITA",413.0,TRANSPORT & TRAVEL,PRIVATE_LIMITED,Chennai,Tamil Nadu,2026-01-05 00:00:00,ACTIVE,302.6
MCH6308,  Seshadri LLC  ,5699.0,APPAREL,PRIVATE_LIMITED,New Delhi,Delhi,2025-03-10 00:00:00,ACTIVE,422.55
MCH6313,Ramanathan PLC,,GROCERY,SOLE_PROPRIETOR,Mumbai,Maharashtra,,ACTIVE,3430.73
MCH6314,"kuruvilla, lalla and mallick",5699.0,APPAREL,PRIVATE_LIMITED,Lucknow,Uttar Pradesh,2026-05-01 15:15:00,ACTIVE,697.89
MCH6315,"Pal, Zacharia and Narayan",7011.0,HOTEL & LODGING,SOLE_PROPRIETOR,Mumbai,Maharashtra,2023-04-01 00:00:00,ACTIVE,529.2
MCH6321,Chander Ltd,5999.0,OTHER,PRIVATE_LIMITED,Jaipur,Rajasthan,,ACTIVE,380.1
MCH6325,"Sathe, Seth and Varghese",5311.0,DEPARTMENT STORES,PARTNERSHIP,Delhi,Delhi,2025-04-03 00:00:00,INACTIVE,422.65
MCH6326,"Barad,MurtyandTella",5942.0,BOOKS & STATIONERY,PRIVATE_LIMITED,Chennai,Tamil Nadu,2024-06-22 18:08:00,ACTIVE,-671.62
MCH6328,"  Ray, Pandit and Bala  ",4814.0,TELECOM,PRIVATE_LIMITED,Chennai,Tamil Nadu,2025-11-27 00:31:00,ACTIVE,644.89
MCH6329,Srinivas-Banerjee,,PHARMACY,INDIVIDUAL,Kolkata,West Bengal,2024-05-12 00:00:00,ACTIVE,199.46
MCH6331,"varughese, sandhu and issac",,BOOKS & STATIONERY,INDIVIDUAL,Hyderabad,Telangana,2025-09-01 00:00:00,ACTIVE,868.0
MCH6332,Shuk1a-Hayre,5311.0,DEPARTMENT STORE,SOLE_PROPRIETOR,Lucknow,Uttar Pradesh,2026-12-01 17:50:00,ACTIVE,788.91
MCH6333,"kumer, butala and sawhney",569.0,APPAREL,INDIVIDUAL,Chennai,Tamil Nadu,2024-09-08 02:04:48,ACTIVE,831.77
MCH6336,"Kunda, Kumar and Gulati",,TRANSPORT & TRAVEL,PRIVATE_LIMITED,Chennai,Tamil Nadu,2024-03-16 16:19:00,ACTIVE,772.78
MCH6337,Chander LLC,5912.0,PHARMACY,INDIVIDUAL,Kolkata,West Bengal,2025-12-28 22:16:00,ACTIVE,1428.08
MCH6338,Dutta PLC,531.0,DEPARTMENT STORE,INDIVIDUAL,Kolkata,West Bengal,2024-06-29 00:00:00,ACTIVE,1835.5
MCH6343,Prabhakar Ltd,5411.0,GROCERY,SOLE_PROPRIETOR,Ludhiana,Punjab,2025-11-13 00:00:00,INACTIVE,8227.32
MCH6345,Mani Group,5999.0,OTHER,PARTNERSHIP,Ludhiana,Punjab,,ACTIVE,1339.21
MCH6351,Mahal-Padmanabhan,581.0,FOOD & DINING,PARTNERSHIP,Blr,Karnataka,2025-03-30 00:00:00,ACTIVE,3129.06
MCH6352,ChadhaGroup,,GROCERY,PRIVATE_LIMITED,Chennai,Tamil Nadu,2024-05-19 14:55:03,SUSPENDED,419.41
MCH6354,"Gulati, Khosla and Peri",5812.0,FOOD & DINING,PARTNERSHIP,Lucknow,Uttar Pradesh,2025-08-14 00:00:00,ACTIVE,122.8
MCH6355,Dutt PLC,569.0,APPAREL,PRIVATE_LIMITED,Bangalore,Karnataka,2025-04-01 04:52:41,ACTIVE,495.94
MCH6356,"pandit, wagle and kata",7011.0,HOTEL & LODGING,PRIVATE_LIMITED,Asr,Punjab,2024-08-03 09:31:28,INACTIVE,499.8
MCH6359,  Pai-Dada  ,,TRANSPORT & TRAVEL,INDIVIDUAL,Jpr,Rajasthan,2025-05-27 00:00:00,ACTIVE,484.0
MCH6360,"  Desai, Shroff and Goel  ",7011.0,HOTEL & LODGING,PRIVATE_LIMITED,Jalandhar,Punjab,2025-11-11 00:00:00,INACTIVE,635.23
MCH6361,"Saran, Dhar and Chaudhry",7011.0,HOTEL & LODGING,SOLE_PROPRIETOR,New Delhi,Delhi,2023-04-18 22:29:15,ACTIVE,701.89
MCH6365,Bora-Sood,5311.0,DEPARTMENT STORES,INDIVIDUAL,Pune,Maharashtra,2025-06-28 00:00:00,ACTIVE,-3013.41
MCH6366,"hora, edwin and zacharia",4814.0,TELECOM,SOLE_PROPRIETOR,Ludhiana,Punjab,2025-03-29 00:00:00,ACTIVE,780.59
MCH6369,"Chaudhry, Batra and Rama",4131.0,TRANSPORT & TRAVEL,PARTNERSHIP,Jalandhar,Punjab,2024-04-15 00:00:00,INACTIVE,612.29
MCH6370,"Dass, Hegde and Viswanathan",581.0,FOOD & DINING,PARTNERSHIP,Jaipur,Rajasthan,2023-03-24 18:53:14,ACTIVE,2201.27
MCH6372,G0da and S0ns,5699.0,APPAREL,INDIVIDUAL,Chennai,Tamil Nadu,2024-05-14 00:00:00,ACTIVE,515.6
MCH6376,"Naik, Dhillon and Sama",5942.0,BOOKS & STATIONERY,PARTNERSHIP,Jalandhar,Punjab,2024-01-20 00:00:00,ACTIVE,2593.39
MCH6377,BalasubramanianLLC,5912.0,PHARMACY,INDIVIDUAL,Mumbai,Maharashtra,2025-06-12 00:00:00,ACTIVE,1259.93
MCH6379,CHANA-MAHAJAN,5942.0,BOOKS & STATIONERY,PRIVATE_LIMITED,Blr,Karnataka,2025-08-08 17:00:00,ACTIVE,2923.98
MCH6380,Naik-Kalla,5999.0,OTHER,INDIVIDUAL,Pune,Maharashtra,2026-01-02 06:05:56,SUSPENDED,-1353.03
MCH6383,Shere-Mander,,TRANSPORT & TRAVEL,PRIVATE_LIMITED,New Delhi,Delhi,2024-05-20 00:00:00,SUSPENDED,1196.32
MCH6384,"Rave1, Mane and Madan",591.0,PHARMACY,PARTNERSHIP,Delhi,Delhi,2023-04-26 06:56:00,ACTIVE,334.08
MCH6386,Mahajan Inc,5311.0,RETAIL,INDIVIDUAL,Asr,Punjab,2025-02-03 00:00:00,ACTIVE,
MCH6388,  Raval-Cherian  ,,FOOD & DINING,PARTNERSHIP,Mumbay,Maharashtra,2023-11-15 00:49:17,ACTIVE,2297.8
MCH6390,barman plc,,PHARMACY,INDIVIDUAL,Kolkata,West Bengal,2023-11-24 00:00:00,ACTIVE,-904.29
MCH6391,"BHATTI, KEER AND GUPTA",4814.0,TELECOM,INDIVIDUAL,Mumbai,Maharashtra,2025-08-22 10:17:00,ACTIVE,684.0
MCH6392,Golla-Pau,,OTHER,PRIVATE_LIMITED,Dilli,Delhi,2025-01-04 07:52:24,ACTIVE,471.06
MCH6394,YogiInc,5699.0,APPAREL,PRIVATE_LIMITED,Kolkata,West Bengal,2023-10-20 00:00:00,ACTIVE,1717.76
MCH6396,Mani-Puri,5999.0,RETAIL OTHER,INDIVIDUAL,Lucknow,Uttar Pradesh,2025-04-21 00:00:00,ACTIVE,4113.97
MCH6397,  Tella-Lad  ,591.0,PHARMACY,PRIVATE_LIMITED,Lucknow,Uttar Pradesh,2025-10-10 00:00:00,ACTIVE,872.0
MCH6400,Sem-Keer,5411.0,GROCERY STORES,PARTNERSHIP,Ludhiana,Punjab,2025-12-21 00:00:00,ACTIVE,13683.2
MCH6401,"Shenoy, Doctor and Gola",5912.0,PHARMACY,INDIVIDUAL,Mumbai,Maharashtra,2025-02-09 13:26:39,SUSPENDED,690.47
MCH6403,"Sahni, Kapur and Ganesh",,APPAREL,PRIVATE_LIMITED,Chennai,Tamil Nadu,2024-05-30 00:00:00,ACTIVE,344.49
MCH6404,Tailor Group,5999.0,OTHER,PRIVATE_LIMITED,Jaipur,Rajasthan,2026-02-04 15:32:58,SUSPENDED,792.4
MCH6405,Jaggi Ltd,5411.0,GROCERY,PARTNERSHIP,Delhi,Delhi,2024-01-26 06:23:00,ACTIVE,4074.0
MCH6408,Gade and Sons,5942.0,BOOKS & STATIONERY,SOLE_PROPRIETOR,Chennai,Tamil Nadu,2024-06-11 00:00:00,ACTIVE,4374.58
MCH6409,Wason and Sons,5699.0,CLOTHING,PRIVATE_LIMITED,Blr,Karnataka,2024-10-07 00:00:00,SUSPENDED,1111.14
MCH6410,Dua-Kara,5699.0,CLOTHING,INDIVIDUAL,Dilli,Delhi,,ACTIVE,1003.3
MCH6418,  Doctor Ltd  ,7011.0,HOTEL & LODGING,SOLE_PROPRIETOR,Jalandhar,Punjab,,ACTIVE,1362.45
MCH6419,"Bhalla, Dubey and Salvi",,PHARMACY,SOLE_PROPRIETOR,Jaipur,Rajasthan,2024-01-15 01:23:00,ACTIVE,3881.01
MCH6420,Wadhwa and Sons,5912.0,PHARMACY,PARTNERSHIP,Bangalore,Karnataka,,ACTIVE,160.44
MCH6421,WadhwaLtd,5699.0,APPAREL,SOLE_PROPRIETOR,Bangalore,Karnataka,2024-01-30 21:37:00,ACTIVE,1782.12
MCH6422,"Bhatnagar, Bora and Venkataraman",5912.0,PHARMACY,SOLE_PROPRIETOR,Pune,Maharashtra,2025-11-05 11:45:00,ACTIVE,1587.75
MCH6425,Pall-Kanda,5942.0,BOOKS & STATIONERY,SOLE_PROPRIETOR,New Delhi,Delhi,,ACTIVE,-1143.39
MCH6427,Bose Inc,599.0,MISC RETAIL,PRIVATE_LIMITED,Ludhiana,Punjab,2025-07-02 00:00:00,INACTIVE,1949.7
MCH6429,Doshi Group,5699.0,APPAREL,SOLE_PROPRIETOR,Amritsar,Punjab,2025-10-15 00:00:00,ACTIVE,369.26
MCH6430,prakash group,4814.0,TELECOM,INDIVIDUAL,Hyderabad,Telangana,2025-08-05 00:00:00,SUSPENDED,5278.71
MCH6431,"batra, pant and devan",7011.0,HOTEL & LODGING,PARTNERSHIP,Bengaluru,Karnataka,2026-01-31 00:00:00,INACTIVE,1564.0
MCH6433,Bhattacharyya Ltd,4814.0,TELECOM,PARTNERSHIP,Bengaluru,Karnataka,2024-12-31 00:00:00,INACTIVE,1248.03
MCH6440,Taneja-Mahajan,5311.0,DEPARTMENT STORE,INDIVIDUAL,Jalandhar,Punjab,2025-04-17 00:00:00,ACTIVE,6682.66
MCH6441,Bhatia and Sons,7011.0,HOTEL & LODGING,PARTNERSHIP,Lucknow,Uttar Pradesh,2025-12-20 07:37:00,ACTIVE,995.16
MCH6445,Shere and Sons,5912.0,PHARMACY,INDIVIDUAL,Ludhiana,Punjab,2025-01-28 00:00:00,ACTIVE,766.0
MCH6446,CONTRACTOR LLC,5311.0,DEPARTMENT STORE,INDIVIDUAL,Jaipur,Rajasthan,2024-09-23 11:13:22,ACTIVE,1356.41
MCH6447,Kant-Tella,701.0,HOTEL & LODGING,PARTNERSHIP,Delhi,Delhi,2026-01-22 00:00:00,ACTIVE,994.25
MCH6448,"  Kara, Mahal and Borah  ",5699.0,APPAREL,INDIVIDUAL,Chennai,Tamil Nadu,2025-02-02 01:23:00,SUSPENDED,2308.59
MCH6449,Chakraborty-Hans,5812.0,FOOD & DINING,SOLE_PROPRIETOR,Hyderabad,Telangana,2024-03-01 00:00:00,ACTIVE,1506.6
MCH6450,"Goel, Madan and Gola",5942.0,BOOKS & STATIONERY,INDIVIDUAL,Chennai,Tamil Nadu,2025-10-15 00:00:00,SUSPENDED,855.0
MCH6451,Chandran Group,5311.0,DEPARTMENT STORE,INDIVIDUAL,Jalandhar,Punjab,2025-10-07 00:00:00,INACTIVE,165.95
MCH6454,Nagi-Ch0udhury,5699.0,APPAREL,PRIVATE_LIMITED,Bengaluru,Karnataka,2024-03-28 00:00:00,INACTIVE,3116.0
MCH6455,Luthra-Wable,599.0,OTHER,PARTNERSHIP,Mumbai,Maharashtra,2023-04-09 00:00:00,ACTIVE,1528.51
MCH6460,Deol-Narayanan,5311.0,RETAIL,PARTNERSHIP,Mumbai,Maharashtra,2026-01-19 08:20:00,ACTIVE,878.73
MCH6462,"Vaidya, Kunda and Bhavsar",5311.0,RETAIL,PRIVATE_LIMITED,Lucknow,Uttar Pradesh,2025-12-19 00:00:00,ACTIVE,1652.23
MCH6464,Date LLC,5699.0,APPAREL,PRIVATE_LIMITED,Bengaluru,Karnataka,2025-12-03 00:00:00,ACTIVE,3772.0
MCH6465,Mody Ltd,5699.0,APPAREL,SOLE_PROPRIETOR,Chennai,Tamil Nadu,2025-03-01 00:00:00,SUSPENDED,307.0
MCH6466,Randhawa LLC,5311.0,RETAIL,INDIVIDUAL,Pune,Maharashtra,2024-06-03 00:00:00,ACTIVE,3082.9
MCH6468,Golla-Murty,413.0,TRANSPORT & TRAVEL,PARTNERSHIP,Hyderabad,Telangana,2024-06-20 00:00:00,ACTIVE,
MCH6469,"Bahl, Barad and Dhillon",5311.0,DEPARTMENT STORE,PRIVATE_LIMITED,Chennai,Tamil Nadu,2025-10-02 00:00:00,ACTIVE,-931.21
MCH6473,  Tata Group  ,5812.0,FOOD & DINING,PRIVATE_LIMITED,Lucknow,Uttar Pradesh,2023-04-09 00:00:00,SUSPENDED,2924.69
MCH6474,Bakshi Ltd,5912.0,PHARMACY,PRIVATE_LIMITED,Lucknow,Uttar Pradesh,2025-09-06 00:00:00,ACTIVE,3871.85
MCH6477,Gopal-Dewan,5699.0,CLOTHING,SOLE_PROPRIETOR,Mumbai,Maharashtra,2025-12-20 00:00:00,ACTIVE,1828.26
MCH6480,Sundaram and S0ns,5699.0,APPAREL,PARTNERSHIP,Mumbai,Maharashtra,2023-11-13 01:40:00,ACTIVE,680.72
MCH6481,Kalita Inc,4131.0,TRANSPORT & TRAVEL,PRIVATE_LIMITED,Mumbai,Maharashtra,2024-11-29 00:00:00,ACTIVE,1389.63
MCH6482,Mitra-Agate,5311.0,DEPARTMENT STORE,INDIVIDUAL,Amritsar,Punjab,2024-04-06 00:00:00,INACTIVE,1340.0
MCH6488,"cheema, dubey and kala",,APPAREL,PRIVATE_LIMITED,Mumbai,Maharashtra,2024-11-14 00:00:00,ACTIVE,1180.07
MCH6492,PERI LLC,591.0,PHARMACY,INDIVIDUAL,Mumbai,Maharashtra,2025-08-20 09:18:03,ACTIVE,3574.25
MCH6493,"SUBRAMANIAM, PRASHAD AND PARMER",,TRANSPORT & TRAVEL,SOLE_PROPRIETOR,Mumbay,Maharashtra,2025-04-13 00:00:00,INACTIVE,
MCH6498,Peri-Saran,,MISC RETAIL,PRIVATE_LIMITED,Kolkata,West Bengal,2025-01-08 22:53:50,ACTIVE,7077.96
MCH6501,Ka1a-Garg,,CLOTHING,SOLE_PROPRIETOR,Ludhiana,Punjab,2023-05-07 00:00:00,ACTIVE,471.98
MCH6502,Mall PLC,5999.0,RETAIL OTHER,SOLE_PROPRIETOR,Chennai,Tamil Nadu,2025-05-10 03:33:00,INACTIVE,1695.37
MCH6504,"wagle, choudhry and patla",5942.0,BOOKS & STATIONERY,PRIVATE_LIMITED,Jalandhar,Punjab,2025-11-14 00:00:00,ACTIVE,1748.0
MCH6507,"Ba1akrishnan, Shr0ff and Tank",4131.0,TRANSPORT & TRAVEL,INDIVIDUAL,Ludhiana,Punjab,2024-10-28 12:41:00,ACTIVE,1269.14
MCH6508,Varty Inc,5912.0,PHARMACY,INDIVIDUAL,Jalandhar,Punjab,2025-09-18 00:00:00,ACTIVE,3434.37
MCH6511,"Doctor, Sur and Badal",5411.0,GROCERY,SOLE_PROPRIETOR,Pune,Maharashtra,2024-07-27 20:57:52,ACTIVE,778.51
MCH6512,"Sagar, Deep and Rao",,TELECOM,SOLE_PROPRIETOR,Hyderabad,Telangana,2025-01-11 00:00:00,ACTIVE,
MCH6513,"Krishna, Deshpande and Kar",5311.0,DEPARTMENT STORE,INDIVIDUAL,Mumbai,Maharashtra,2025-08-13 00:00:00,ACTIVE,2622.03
MCH6514,Lalla-Palan,5812.0,FOOD & DINING,INDIVIDUAL,Kolkata,West Bengal,2025-03-26 09:22:56,ACTIVE,
MCH6517,"Vig, Sen and Kumar",5699.0,APPAREL,SOLE_PROPRIETOR,Delhi,Delhi,2023-05-05 00:00:00,ACTIVE,1024.93
MCH6519,Mane-Madan,569.0,CLOTHING,PARTNERSHIP,Ludhiana,Punjab,2024-12-25 00:00:00,ACTIVE,978.4
MCH6520,Manda-Shah,5912.0,PHARMACY,INDIVIDUAL,Kolkata,West Bengal,2024-01-08 00:55:00,ACTIVE,1457.02
MCH6523,Ramanathan-Wali,5999.0,OTHER,PRIVATE_LIMITED,Bangalore,Karnataka,2024-08-27 00:00:00,ACTIVE,2272.75
MCH6524,  Chaudry-Lall  ,7011.0,HOTEL & LODGING,SOLE_PROPRIETOR,Delhi,Delhi,2023-12-25 00:00:00,INACTIVE,
MCH6527,"Lalla, Bhandari and Mane",5411.0,GROCERY STORES,SOLE_PROPRIETOR,Pune,Maharashtra,2025-07-09 00:00:00,ACTIVE,-1832.42
MCH6530,Yogi-D’Alia,4131.0,TRANSPORT & TRAVEL,PRIVATE_LIMITED,Jaipur,Rajasthan,2024-06-16 00:00:00,INACTIVE,828.59
MCH6535,Nagy and Sons,541.0,GROCERY,SOLE_PROPRIETOR,Hyderabad,Telangana,2023-11-24 00:00:00,ACTIVE,291.26
MCH6541,"Mahal, Panchal and Doshi",5912.0,PHARMACY,INDIVIDUAL,Mumbay,Maharashtra,2024-06-12 16:15:10,ACTIVE,307.0
MCH6542,  Saraf-Dhingra  ,5311.0,RETAIL,SOLE_PROPRIETOR,Mumbai,Maharashtra,2023-12-16 00:00:00,ACTIVE,321.72
MCH6543,Nagi-Pradhan,5411.0,GROCERY,PRIVATE_LIMITED,Mumbai,Maharashtra,2025-07-17 01:33:23,ACTIVE,2785.85
MCH6545,  Garg PLC  ,5699.0,APPAREL,PARTNERSHIP,Ludhiana,Punjab,2024-02-20 00:00:00,ACTIVE,1653.52
MCH6547,"Gupta,DewanandNadig",5942.0,BOOKS & STATIONERY,INDIVIDUAL,Hyderabad,Telangana,2023-05-27 00:00:00,INACTIVE,974.14
MCH6548,"Nayak, Kannan and Chatterjee",5999.0,RETAIL OTHER,PRIVATE_LIMITED,Jaipur,Rajasthan,2025-07-28 00:00:00,ACTIVE,2065.28
MCH6551,Kala LLC,4131.0,TRANSPORT & TRAVEL,PRIVATE_LIMITED,Jpr,Rajasthan,2025-09-11 00:00:00,ACTIVE,
MCH6554,vora llc,7011.0,HOTEL & LODGING,INDIVIDUAL,Bengaluru,Karnataka,2024-10-06 15:25:00,INACTIVE,3625.66
MCH6555,Tata-Bajwa,5311.0,RETAIL,PARTNERSHIP,Lucknow,Uttar Pradesh,2023-12-24 00:00:00,SUSPENDED,3890.0
MCH6556,"gala, kale and manne",5699.0,CLOTHING,PARTNERSHIP,Delhi,Delhi,2025-08-22 00:00:00,ACTIVE,760.0
MCH6559,Patla Ltd,7011.0,HOTEL & LODGING,SOLE_PROPRIETOR,Bengaluru,Karnataka,2025-12-18 00:00:00,ACTIVE,922.45
MCH6560,"Pandit, Jayaraman and Chokshi",4814.0,TELECOM,INDIVIDUAL,Hyderabad,Telangana,2023-05-29 00:00:00,ACTIVE,11930.97
MCH6562,Kant Inc,7011.0,HOTEL & LODGING,SOLE_PROPRIETOR,Chennai,Tamil Nadu,2024-10-14 00:00:00,ACTIVE,2590.35
MCH6563,naik plc,4131.0,TRANSPORT & TRAVEL,INDIVIDUAL,Jalandhar,Punjab,2025-04-04 00:38:00,ACTIVE,1376.0
MCH6565,Parmer-Datta,4814.0,TELECOM,SOLE_PROPRIETOR,Hyderabad,Telangana,2023-07-28 00:00:00,ACTIVE,2464.68
MCH6566,"Purohit, Chacko and Kadakia",4814.0,TELECOM,PRIVATE_LIMITED,Chennai,Tamil Nadu,2024-10-03 00:00:00,INACTIVE,1923.82
MCH6568,MINHAS PLC,7011.0,HOTEL & LODGING,SOLE_PROPRIETOR,Amritsar,Punjab,2024-04-10 18:11:31,ACTIVE,1486.0
MCH6570,Venkataraman Ltd,591.0,PHARMACY,PRIVATE_LIMITED,New Delhi,Delhi,2024-01-23 00:00:00,ACTIVE,332.15
MCH6572,  Naidu PLC  ,5311.0,DEPARTMENT STORE,PRIVATE_LIMITED,Pune,Maharashtra,2025-03-17 00:00:00,ACTIVE,402.0
MCH6574,"Thaman, Gupta and Barad",4814.0,TELECOM,PRIVATE_LIMITED,Pune,Maharashtra,2024-03-03 13:31:25,ACTIVE,1371.71
MCH6575,Sanghvi PLC,594.0,BOOK STORE,INDIVIDUAL,Lucknow,Uttar Pradesh,2025-02-15 00:00:00,ACTIVE,819.0
MCH6577,D’Alia Inc,5699.0,APPAREL,PARTNERSHIP,Bangalore,Karnataka,2023-05-08 16:50:00,ACTIVE,1979.76
MCH6578,LAL-SACHDEVA,4131.0,TRANSPORT & TRAVEL,PARTNERSHIP,Jalandhar,Punjab,2026-04-01 13:25:00,ACTIVE,1965.27
MCH6582,SAGAR GROUP,591.0,PHARMACY,PARTNERSHIP,Kolkata,West Bengal,2023-06-09 00:00:00,ACTIVE,1999.0
MCH6583,Raval-Badal,5912.0,PHARMACY,INDIVIDUAL,Kolkata,West Bengal,2025-11-07 00:00:00,ACTIVE,2083.0
MCH6585,Bansal Ltd,5411.0,GROCERY,PRIVATE_LIMITED,Mumbai,Maharashtra,2025-01-25 10:52:00,INACTIVE,729.86
MCH6586,Pandya PLC,599.0,OTHER,INDIVIDUAL,Bengaluru,Karnataka,2024-04-29 00:00:00,ACTIVE,520.0
MCH6590,HandaInc,5699.0,APPAREL,INDIVIDUAL,Kolkata,West Bengal,2024-07-04 00:00:00,ACTIVE,2071.46
MCH6593,Sharma-Ahuja,5411.0,GROCERY,SOLE_PROPRIETOR,Jalandhar,Punjab,2025-06-27 17:43:12,ACTIVE,3094.86
MCH6594,Varkey-Bhatti,5411.0,GROCERY,PARTNERSHIP,Pune,Maharashtra,2025-01-24 23:13:22,ACTIVE,1271.0
MCH6595,More-Sharma,7011.0,HOTEL & LODGING,SOLE_PROPRIETOR,Jalandhar,Punjab,2023-11-12 00:00:00,ACTIVE,308.54
MCH6598,"Banik, Halder and Sabharwal",7011.0,HOTEL & LODGING,INDIVIDUAL,Mumbai,Maharashtra,2025-06-02 00:00:00,INACTIVE,230.53
MCH6600,raju inc,7011.0,HOTEL & LODGING,INDIVIDUAL,Bangalore,Karnataka,2025-04-18 00:00:00,ACTIVE,484.58
MCH6602,Thakkar Ltd,4131.0,TRANSPORT & TRAVEL,PARTNERSHIP,Mumbay,Maharashtra,2023-01-03 08:43:35,ACTIVE,483.25
MCH6603,  Atwal PLC  ,7011.0,HOTEL & LODGING,SOLE_PROPRIETOR,Jaipur,Rajasthan,2024-08-20 00:00:00,ACTIVE,694.88
MCH6607,Bedi-Bhandari,581.0,FOOD & DINING,SOLE_PROPRIETOR,Ludhiana,Punjab,2023-12-30 00:00:00,ACTIVE,1203.0
MCH6608,"puri, dar and mann",,GROCERY,PRIVATE_LIMITED,Delhi,Delhi,2024-02-10 07:57:42,ACTIVE,-410.36
MCH6611,Mand PLC,5411.0,GROCERY,PRIVATE_LIMITED,Chennai,Tamil Nadu,2023-01-01 00:00:00,ACTIVE,-1110.3
MCH6612,sule-pillay,5812.0,FOOD & DINING,PARTNERSHIP,Pune,Maharashtra,2025-09-09 00:00:00,ACTIVE,2010.07
MCH6615,PILLAY GROUP,5942.0,BOOK STORE,INDIVIDUAL,Hyderabad,Telangana,2025-09-12 23:50:08,SUSPENDED,-785.64
MCH6617,Buch Group,5699.0,APPAREL,SOLE_PROPRIETOR,Hyderabad,Telangana,2024-09-01 00:00:00,ACTIVE,1759.15
MCH6623,Kakar and Sons,5912.0,PHARMACY,INDIVIDUAL,Pune,Maharashtra,,ACTIVE,1424.35
MCH6626,Zacharia-Kapadia,5912.0,PHARMACY,PRIVATE_LIMITED,Lucknow,Uttar Pradesh,2024-07-25 00:00:00,INACTIVE,2864.89
MCH6628,Thakur-Kunda,,TELECOM,PRIVATE_LIMITED,New Delhi,Delhi,2025-05-13 14:37:00,ACTIVE,1718.0
MCH6630,"  Kalla, Vyas and Lanka  ",5942.0,BOOKS & STATIONERY,SOLE_PROPRIETOR,Jpr,Rajasthan,,ACTIVE,257.87
MCH6632,"  Om, Mall and Sandhu  ",,TRANSPORT & TRAVEL,PARTNERSHIP,Lucknow,Uttar Pradesh,2023-07-28 00:00:00,SUSPENDED,996.13
MCH6634,Dave-Sundaram,5999.0,OTHER,PRIVATE_LIMITED,Ludhiana,Punjab,2024-10-12 00:00:00,INACTIVE,1276.14
MCH6635,Sehgal Inc,5812.0,EATING PLACE,PRIVATE_LIMITED,Bengaluru,Karnataka,,ACTIVE,1810.23
MCH6637,Sagar Group,5311.0,RETAIL,SOLE_PROPRIETOR,Jpr,Rajasthan,2023-08-16 00:00:00,ACTIVE,-2926.37
MCH6639,Sandal Group,5812.0,EATING PLACE,SOLE_PROPRIETOR,Amritsar,Punjab,2024-05-29 07:36:20,ACTIVE,3334.16
MCH6641,Sunder-Taneja,5411.0,GROCERY,INDIVIDUAL,Kolkata,West Bengal,2025-12-24 23:48:00,ACTIVE,126.11
MCH6643,"BALA, PALLA AND SRINIVAS",5942.0,BOOKS & STATIONERY,PRIVATE_LIMITED,Jalandhar,Punjab,2023-06-13 10:35:36,ACTIVE,1698.35
MCH6645,buch llc,4131.0,TRANSPORT & TRAVEL,PRIVATE_LIMITED,Amritsar,Punjab,2024-09-25 00:00:00,ACTIVE,102.32
MCH6650,Kuruvi11a-G01a,5942.0,BOOKS & STATIONERY,PRIVATE_LIMITED,Bangalore,Karnataka,2024-07-16 00:00:00,INACTIVE,2725.71
MCH6651,"CHOUDHRY, SARMA AND SESHADRI",701.0,HOTEL & LODGING,SOLE_PROPRIETOR,Delhi,Delhi,2024-10-05 13:55:27,ACTIVE,2606.0
MCH6654,Cheema-Dara,7011.0,HOTEL & LODGING,PARTNERSHIP,Mumbai,Maharashtra,2023-12-26 12:35:00,ACTIVE,581.25
MCH6656,uppal llc,5812.0,FOOD & DINING,INDIVIDUAL,Ludhiana,Punjab,2023-10-11 00:00:00,ACTIVE,488.8
MCH6657,Atwal-Sarraf,541.0,GROCERY,PARTNERSHIP,Hyderabad,Telangana,,ACTIVE,804.0
MCH6660,BISWAS GROUP,4131.0,TRANSPORT & TRAVEL,SOLE_PROPRIETOR,Chennai,Tamil Nadu,2025-03-18 22:30:52,ACTIVE,204.05
MCH6662,Din-Gour,5999.0,MISC RETAIL,INDIVIDUAL,Pune,Maharashtra,2024-02-26 00:00:00,ACTIVE,3959.93
MCH6665,WadhwaInc,5311.0,DEPARTMENT STORE,PRIVATE_LIMITED,New Delhi,Delhi,2025-07-05 00:00:00,ACTIVE,1714.72
MCH6666,  Baral Inc  ,569.0,CLOTHING,INDIVIDUAL,Bengaluru,Karnataka,2025-12-22 00:00:00,ACTIVE,381.87
MCH6667,Konda-Jain,591.0,PHARMACY,SOLE_PROPRIETOR,Hyderabad,Telangana,2024-10-16 00:00:00,ACTIVE,2831.62
MCH6670,SAWHNEY INC,5411.0,GROCERY STORES,INDIVIDUAL,Blr,Karnataka,2026-01-17 00:00:00,ACTIVE,-2332.15
MCH6671,Chandran-Dada,5699.0,CLOTHING,PARTNERSHIP,Amritsar,Punjab,2023-12-04 00:00:00,ACTIVE,2579.5
MCH6672,nagarajan inc,5812.0,FOOD & DINING,PARTNERSHIP,Lucknow,Uttar Pradesh,2024-10-11 00:00:00,ACTIVE,9245.49
MCH6675,Vora and Sons,,APPAREL,PARTNERSHIP,Ludhiana,Punjab,2025-07-31 00:00:00,ACTIVE,769.28
MCH6676,Balakrishnan-Baral,4131.0,TRANSPORT & TRAVEL,PARTNERSHIP,Chennai,Tamil Nadu,2025-08-02 10:17:51,ACTIVE,1126.87
MCH6677,"DESHMUKH, CHOUDHRY AND LAD",5912.0,PHARMACY,PRIVATE_LIMITED,Jalandhar,Punjab,2024-12-05 00:00:00,INACTIVE,2949.0
MCH6680,Vaidya-Agrawal,5999.0,MISC RETAIL,PARTNERSHIP,New Delhi,Delhi,2025-05-28 00:00:00,ACTIVE,
MCH6681,Baria PLC,4131.0,TRANSPORT & TRAVEL,INDIVIDUAL,Delhi,Delhi,2026-02-17 00:00:00,INACTIVE,1343.0
MCH6683,Pai Inc,5411.0,GROCERY,INDIVIDUAL,Chennai,Tamil Nadu,2025-11-29 00:42:00,ACTIVE,-808.55
MCH6692,  Parekh Group  ,5942.0,BOOK STORE,PARTNERSHIP,Asr,Punjab,2023-12-23 00:00:00,ACTIVE,3070.0
MCH6697,ANDRA-SENGUPTA,5411.0,GROCERY,PARTNERSHIP,Blr,Karnataka,2025-10-09 00:00:00,INACTIVE,1006.44
MCH6700,RAVI LTD,4814.0,TELECOM,PARTNERSHIP,Pune,Maharashtra,,ACTIVE,219.11
MCH6707,Kari Ltd,,BOOKS & STATIONERY,SOLE_PROPRIETOR,Bangalore,Karnataka,2025-06-21 00:00:00,ACTIVE,1949.47
MCH6708,Soman and Sons,5912.0,PHARMACY,PRIVATE_LIMITED,Ludhiana,Punjab,2025-06-03 00:00:00,ACTIVE,957.0
MCH6711,Loyal-Srinivasan,5411.0,GROCERY,PARTNERSHIP,Hyderabad,Telangana,2025-06-15 00:00:00,INACTIVE,931.24
MCH6716,Shan PLC,5699.0,APPAREL,PARTNERSHIP,Amritsar,Punjab,2025-09-07 00:00:00,ACTIVE,1208.93
MCH6718,Chaudry-Ramachandran,4814.0,TELECOM,INDIVIDUAL,Lucknow,Uttar Pradesh,2024-07-19 00:00:00,ACTIVE,1635.83
MCH6720,"dhingra, shukla and edwin",5912.0,PHARMACY,PARTNERSHIP,Amritsar,Punjab,2025-07-08 00:00:00,ACTIVE,638.0
MCH6721,"Saran, Varughese and Savant",5912.0,PHARMACY,INDIVIDUAL,Ludhiana,Punjab,2025-11-11 00:00:00,ACTIVE,1696.94
MCH6722,bhagat llc,5999.0,MISC RETAIL,SOLE_PROPRIETOR,Mumbai,Maharashtra,2023-05-13 00:00:00,ACTIVE,211.13
MCH6726,Boase-Chatterjee,7011.0,HOTEL & LODGING,INDIVIDUAL,Chennai,Tamil Nadu,2024-04-10 07:16:24,SUSPENDED,1583.09
MCH6729,  Khatri and Sons  ,,PHARMACY,PARTNERSHIP,Chennai,Tamil Nadu,2023-07-01 00:00:00,ACTIVE,
MCH6730,"Babu, Sarma and Setty",5912.0,PHARMACY,PARTNERSHIP,Lucknow,Uttar Pradesh,2023-10-28 00:00:00,ACTIVE,1118.53
MCH6731,ThakurPLC,581.0,EATING PLACE,INDIVIDUAL,Hyderabad,Telangana,2025-10-25 00:00:00,ACTIVE,305.3
MCH6737,Kohli Inc,5942.0,BOOKS & STATIONERY,PARTNERSHIP,Ludhiana,Punjab,2023-06-07 00:00:00,ACTIVE,675.29
MCH6738,"Jain, Kothari and Subramanian",4814.0,TELECOM,INDIVIDUAL,Delhi,Delhi,2025-12-06 23:26:23,INACTIVE,1846.61
MCH6741,PARIKH-BHATT,7011.0,HOTEL & LODGING,PARTNERSHIP,Delhi,Delhi,2025-06-20 00:00:00,SUSPENDED,664.53
MCH6742,"Garde, Chaudhry and Mistry",701.0,HOTEL & LODGING,SOLE_PROPRIETOR,Jalandhar,Punjab,2024-05-03 00:00:00,ACTIVE,646.0
MCH6743,Patla Inc,4814.0,TELECOM,PRIVATE_LIMITED,Mumbai,Maharashtra,2026-02-20 00:00:00,ACTIVE,
MCH6744,GREWAL INC,5999.0,OTHER,PRIVATE_LIMITED,Hyderabad,Telangana,2023-12-01 00:00:00,ACTIVE,1886.71
MCH6745,Chaudry PLC,7011.0,HOTEL & LODGING,INDIVIDUAL,Lucknow,Uttar Pradesh,2023-05-16 00:00:00,INACTIVE,2605.91
MCH6746,"Tank, Chanda and Kothari",5411.0,GROCERY STORES,PRIVATE_LIMITED,Ludhiana,Punjab,2024-02-04 00:00:00,ACTIVE,2445.51
MCH6748,Sathe Inc,5411.0,GROCERY STORES,SOLE_PROPRIETOR,Kolkata,West Bengal,2023-07-05 00:00:00,INACTIVE,1451.17
MCH6751,Jhaveri-Rege,5942.0,BOOK STORE,PRIVATE_LIMITED,Jalandhar,Punjab,2023-07-30 00:00:00,ACTIVE,1649.91
MCH6755,Subramaniam Inc,7011.0,HOTEL & LODGING,PARTNERSHIP,Delhi,Delhi,2024-03-23 00:00:00,ACTIVE,1535.05
MCH6756,Mangal PLC,5812.0,FOOD & DINING,INDIVIDUAL,Kolkata,West Bengal,2024-12-21 00:00:00,ACTIVE,689.85
MCH6757,Brar-Saha,5942.0,BOOKS & STATIONERY,SOLE_PROPRIETOR,Ludhiana,Punjab,2024-05-09 00:00:00,ACTIVE,602.25
MCH6758,"Kaul, Vyas and Bobal",5912.0,PHARMACY,SOLE_PROPRIETOR,Jaipur,Rajasthan,,ACTIVE,1560.09
MCH6764,rama-vora,4131.0,TRANSPORT & TRAVEL,PARTNERSHIP,Hyderabad,Telangana,2025-08-22 07:58:18,ACTIVE,892.82
MCH6765,Sengupta-Keer,5912.0,PHARMACY,INDIVIDUAL,New Delhi,Delhi,2025-11-17 00:00:00,ACTIVE,1250.47
MCH6770,CHAUDHARI-DEWAN,5942.0,BOOKS & STATIONERY,SOLE_PROPRIETOR,Jpr,Rajasthan,,ACTIVE,1139.41
MCH6772,"Sarin,KaleandBava",5411.0,GROCERY,INDIVIDUAL,Amritsar,Punjab,2024-12-03 00:00:00,INACTIVE,893.58
MCH6773,"parmar, sahota and rajagopalan",599.0,OTHER,SOLE_PROPRIETOR,Pune,Maharashtra,2024-02-23 00:00:00,ACTIVE,3042.0
MCH6774,PARSA LTD,5699.0,APPAREL,PRIVATE_LIMITED,Asr,Punjab,2023-01-17 00:00:00,ACTIVE,2007.14
MCH6775,La11 Gr0up,5999.0,RETAIL OTHER,PRIVATE_LIMITED,Chennai,Tamil Nadu,,INACTIVE,196.61
MCH6776,  Hari-Tak  ,4131.0,TRANSPORT & TRAVEL,SOLE_PROPRIETOR,Jalandhar,Punjab,2025-05-25 00:00:00,INACTIVE,1189.41
MCH6777,LALL-DATE,5411.0,GROCERY,PARTNERSHIP,Lucknow,Uttar Pradesh,2023-12-20 14:05:11,ACTIVE,1143.87
MCH6780,"  Bhatia, Dalal and Kapur  ",5999.0,RETAIL OTHER,PRIVATE_LIMITED,Jalandhar,Punjab,2025-05-24 00:31:32,ACTIVE,-10952.74
MCH6782,  Basu PLC  ,581.0,FOOD & DINING,PRIVATE_LIMITED,Delhi,Delhi,2025-08-30 00:00:00,ACTIVE,-406.96
MCH6783,"Deep, Pall and Suri",5912.0,PHARMACY,INDIVIDUAL,Lucknow,Uttar Pradesh,2025-11-28 13:45:00,ACTIVE,1131.0
MCH6785,rai llc,7011.0,HOTEL & LODGING,SOLE_PROPRIETOR,Chennai,Tamil Nadu,2024-12-01 08:40:45,ACTIVE,2498.92
MCH6789,Sanghvi-Garg,5699.0,APPAREL,INDIVIDUAL,Kolkata,West Bengal,,ACTIVE,8043.93
MCH6795,"Hans, Majumdar and Mangat",5999.0,MISC RETAIL,INDIVIDUAL,Hyderabad,Telangana,2023-06-05 00:00:00,ACTIVE,1573.9
MCH6802,"deo, vohra and palla",5311.0,DEPARTMENT STORE,PRIVATE_LIMITED,Delhi,Delhi,2024-04-11 00:00:00,ACTIVE,1823.92
MCH6803,  Babu-Aggarwal  ,5942.0,BOOKS & STATIONERY,PARTNERSHIP,Pune,Maharashtra,2025-05-24 00:00:00,ACTIVE,2653.94
MCH6804,Johal and Sons,5699.0,APPAREL,SOLE_PROPRIETOR,Chennai,Tamil Nadu,2025-10-13 00:00:00,INACTIVE,4018.13
MCH6805,Dora Ltd,531.0,DEPARTMENT STORE,PRIVATE_LIMITED,Mumbai,Maharashtra,2025-09-17 00:00:00,ACTIVE,371.73
MCH6806,Badal-Bhasin,5411.0,GROCERY,INDIVIDUAL,Hyderabad,Telangana,2025-12-05 00:00:00,ACTIVE,23208.4
MCH6809,  Reddy-Bhatt  ,,CLOTHING,PARTNERSHIP,Blr,Karnataka,2024-08-05 00:00:00,ACTIVE,2382.0
MCH6812,"Gade, Badami and Choudhary",4814.0,TELECOM,SOLE_PROPRIETOR,Asr,Punjab,2023-12-21 00:00:00,ACTIVE,-200.21
MCH6814,Gara-Seth,4814.0,TELECOM,PRIVATE_LIMITED,Jaipur,Rajasthan,2024-07-02 00:00:00,ACTIVE,-1223.19
MCH6815,"Borra, Talwar and Jha",4814.0,TELECOM,PARTNERSHIP,Jalandhar,Punjab,,ACTIVE,750.82
MCH6816,Muni-Bakshi,,BOOK STORE,PRIVATE_LIMITED,Mumbai,Maharashtra,2025-10-19 19:36:20,SUSPENDED,1412.92
MCH6818,"Halder, Tata and Chand",7011.0,HOTEL & LODGING,SOLE_PROPRIETOR,Kolkata,West Bengal,2025-04-20 00:00:00,ACTIVE,233.0
MCH6819,"ARYA, BASSI AND KAUR",,RETAIL OTHER,PARTNERSHIP,Amritsar,Punjab,2025-11-19 00:00:00,ACTIVE,2433.05
MCH6822,"Sankar, Deol and Goswami",4814.0,TELECOM,SOLE_PROPRIETOR,Jaipur,Rajasthan,2025-03-31 00:00:00,INACTIVE,-1194.99
MCH6824,"  Talwar, Ramesh and Hora  ",,BOOKS & STATIONERY,SOLE_PROPRIETOR,Bangalore,Karnataka,2023-09-10 00:00:00,ACTIVE,3249.65
MCH6825,Biswas-Nadig,5999.0,OTHER,SOLE_PROPRIETOR,Jalandhar,Punjab,2023-12-10 10:16:00,SUSPENDED,872.49
MCH6827,Mangat and Sons,5912.0,PHARMACY,SOLE_PROPRIETOR,Jalandhar,Punjab,,ACTIVE,1859.4
MCH6828,Warrior-Bhardwaj,481.0,TELECOM,PARTNERSHIP,Lucknow,Uttar Pradesh,2023-06-01 00:00:00,ACTIVE,2500.44
MCH6829,"Natarajan, Thaker and Aggarwal",5912.0,PHARMACY,SOLE_PROPRIETOR,Mumbai,Maharashtra,2024-01-24 00:00:00,ACTIVE,1746.05
MCH6831,"Kothari, De and Arora",5999.0,RETAIL OTHER,INDIVIDUAL,Kolkata,West Bengal,2025-11-17 16:43:00,SUSPENDED,
MCH6832,"Chaudry, Barman and Patla",5812.0,FOOD & DINING,SOLE_PROPRIETOR,Lucknow,Uttar Pradesh,2024-09-03 00:00:00,INACTIVE,617.14
MCH6836,Gola-Rout,5999.0,OTHER,SOLE_PROPRIETOR,Bengaluru,Karnataka,2025-12-03 00:00:00,SUSPENDED,2040.92
MCH6837,Oommen-Thaker,,BOOKS & STATIONERY,INDIVIDUAL,Jalandhar,Punjab,2025-11-10 16:08:00,INACTIVE,1750.4
MCH6838,Wali-Nair,5912.0,PHARMACY,PRIVATE_LIMITED,Delhi,Delhi,2023-11-12 00:00:00,ACTIVE,1461.29
MCH6839,Saha LLC,5411.0,GROCERY,INDIVIDUAL,Chennai,Tamil Nadu,2025-07-20 00:00:00,ACTIVE,1531.04
MCH6840,saini group,5411.0,GROCERY,PRIVATE_LIMITED,Bengaluru,Karnataka,2024-09-15 00:00:00,ACTIVE,-731.68
MCH6843,"Thakkar, Date and Balasubramanian",5699.0,APPAREL,INDIVIDUAL,Mumbay,Maharashtra,2024-06-19 00:00:00,ACTIVE,2750.74
MCH6844,"bedi, gill and dube",7011.0,HOTEL & LODGING,PARTNERSHIP,Kolkata,West Bengal,2025-11-06 00:00:00,ACTIVE,713.58
MCH6848,Dora LLC,5311.0,DEPARTMENT STORE,PARTNERSHIP,Chennai,Tamil Nadu,2025-09-20 22:23:18,ACTIVE,1272.49
MCH6851,Chaudhary and S0ns,4131.0,TRANSPORT & TRAVEL,INDIVIDUAL,Kolkata,West Bengal,2023-04-03 00:00:00,ACTIVE,4509.31
MCH6852,Swamy-Srinivas,4814.0,TELECOM,PRIVATE_LIMITED,Chennai,Tamil Nadu,,ACTIVE,-449.44
MCH6853,Prashad PLC,7011.0,HOTEL & LODGING,PRIVATE_LIMITED,Dilli,Delhi,2024-06-13 00:00:00,ACTIVE,410.64
MCH6854,Singh-Pandya,5942.0,BOOKS & STATIONERY,PARTNERSHIP,Amritsar,Punjab,2023-07-22 14:48:37,ACTIVE,353.0
MCH6855,"Soman, Ravel and Anand",5411.0,GROCERY,PRIVATE_LIMITED,Kolkata,West Bengal,2026-02-06 00:00:00,ACTIVE,1385.58
MCH6856,"  Dalal, Morar and Gala  ",701.0,HOTEL & LODGING,PRIVATE_LIMITED,Chennai,Tamil Nadu,2025-11-18 11:40:38,ACTIVE,-1373.13
MCH6857,Barad and Sons,7011.0,HOTEL & LODGING,PARTNERSHIP,Jalandhar,Punjab,2025-09-24 12:38:27,ACTIVE,2452.63
MCH6860,buch plc,5699.0,APPAREL,PRIVATE_LIMITED,Kolkata,West Bengal,2025-01-09 00:00:00,ACTIVE,364.0
MCH6861,Gandhi-Shukla,,GROCERY,PARTNERSHIP,Kolkata,West Bengal,2024-01-09 00:00:00,ACTIVE,1540.0
MCH6862,Misra-Dada,4814.0,TELECOM,PRIVATE_LIMITED,Kolkata,West Bengal,2025-08-12 00:00:00,ACTIVE,736.0
MCH6863,Mani Group,5311.0,DEPARTMENT STORE,INDIVIDUAL,Jpr,Rajasthan,2024-05-30 00:00:00,ACTIVE,2985.0
MCH6865,Mander-Chakrabarti,7011.0,HOTEL & LODGING,PRIVATE_LIMITED,Mumbai,Maharashtra,2023-04-20 10:35:00,ACTIVE,-465.56
MCH6866,Gill-Shere,,BOOKS & STATIONERY,INDIVIDUAL,Kolkata,West Bengal,2025-03-01 00:00:00,ACTIVE,4194.0
MCH6868,Tara Group,5311.0,RETAIL,PARTNERSHIP,Pune,Maharashtra,2024-02-04 01:10:36,ACTIVE,323.93
MCH6869,"Oak, Kalla and Chand",4131.0,TRANSPORT & TRAVEL,PRIVATE_LIMITED,Pune,Maharashtra,2025-01-21 15:07:04,ACTIVE,2412.44
MCH6870,Basak Group,4814.0,TELECOM,SOLE_PROPRIETOR,Pune,Maharashtra,2025-04-03 00:00:00,ACTIVE,2497.95
MCH6873,Dar and Sons,5311.0,DEPARTMENT STORE,SOLE_PROPRIETOR,Jalandhar,Punjab,,ACTIVE,75.71
MCH6875,Anand-Bajwa,7011.0,HOTEL & LODGING,PRIVATE_LIMITED,Pune,Maharashtra,2025-06-15 00:00:00,ACTIVE,1892.34
MCH6877,Nadkarni and Sons,,GROCERY,INDIVIDUAL,Ludhiana,Punjab,2025-10-12 00:00:00,ACTIVE,1757.0
MCH6882,"Thaker, Hans and Chandra",4131.0,TRANSPORT & TRAVEL,PRIVATE_LIMITED,Lucknow,Uttar Pradesh,2025-02-10 06:27:51,INACTIVE,274.11
MCH6889,Vala PLC,5311.0,DEPARTMENT STORES,SOLE_PROPRIETOR,Ludhiana,Punjab,2024-07-03 00:00:00,ACTIVE,2028.13
MCH6890,Pandit-Narasimhan,7011.0,HOTEL & LODGING,PRIVATE_LIMITED,Kolkata,West Bengal,2024-04-21 00:00:00,INACTIVE,525.87
MCH6892,Chacko-Gaba,5912.0,PHARMACY,SOLE_PROPRIETOR,Bengaluru,Karnataka,2025-05-07 00:00:00,ACTIVE,684.73
MCH6896,Padmanabhan-Purohit,4814.0,TELECOM,PRIVATE_LIMITED,Kolkata,West Bengal,2025-09-10 00:00:00,ACTIVE,1862.46
MCH6903,sanghvi-suresh,5912.0,PHARMACY,SOLE_PROPRIETOR,Pune,Maharashtra,2024-12-01 00:00:00,ACTIVE,3930.65
MCH6904,"dora, buch and dara",5411.0,GROCERY,INDIVIDUAL,Lucknow,Uttar Pradesh,2026-01-27 22:18:05,ACTIVE,
MCH6907,Dhillon-Sama,5812.0,FOOD & DINING,PRIVATE_LIMITED,Jalandhar,Punjab,2024-12-21 07:31:00,ACTIVE,4335.88
MCH6917,"Deshmukh, Parmar and Lad",4814.0,TELECOM,SOLE_PROPRIETOR,Jaipur,Rajasthan,2023-07-29 00:00:00,ACTIVE,1543.47
MCH6918,Sant Ltd,4131.0,TRANSPORT & TRAVEL,PRIVATE_LIMITED,Chennai,Tamil Nadu,2023-01-15 00:00:00,ACTIVE,472.0
MCH6919,Mander Ltd,5999.0,OTHER,PARTNERSHIP,Jalandhar,Punjab,2024-02-05 02:08:00,ACTIVE,2549.85
MCH6920,"Bhagat, Nadkarni and Dyal",5311.0,DEPARTMENT STORES,INDIVIDUAL,Kolkata,West Bengal,2026-01-01 00:00:00,ACTIVE,410.54
MCH6922,"bassi, dara and dutt",5699.0,CLOTHING,PRIVATE_LIMITED,Blr,Karnataka,2023-04-01 00:00:00,ACTIVE,1736.93
MCH6923,"kumar, hayre and grover",5942.0,BOOKS & STATIONERY,PARTNERSHIP,Lucknow,Uttar Pradesh,2024-03-12 00:00:00,INACTIVE,937.24
MCH6926,Bhattacharyya and S0ns,,PHARMACY,PRIVATE_LIMITED,Jaipur,Rajasthan,2025-08-28 10:51:00,ACTIVE,3997.27
MCH6928,Tata-Wagle,5912.0,PHARMACY,PARTNERSHIP,Bengaluru,Karnataka,2023-12-31 04:58:57,ACTIVE,1008.0
MCH6930,dhingra plc,4131.0,TRANSPORT & TRAVEL,SOLE_PROPRIETOR,Kolkata,West Bengal,2025-12-26 00:00:00,ACTIVE,
MCH6935,"Sagar,BadalandJha",5912.0,PHARMACY,PRIVATE_LIMITED,Delhi,Delhi,2025-11-06 00:00:00,ACTIVE,319.7
MCH6939,Sampath Ltd,5999.0,MISC RETAIL,SOLE_PROPRIETOR,Lucknow,Uttar Pradesh,2025-01-07 11:23:00,ACTIVE,2962.51
MCH6940,Koshy Inc,4131.0,TRANSPORT & TRAVEL,PRIVATE_LIMITED,Chennai,Tamil Nadu,2024-06-25 00:00:00,ACTIVE,5556.5
MCH6943,  Vyas Group  ,569.0,APPAREL,INDIVIDUAL,Asr,Punjab,2023-04-11 00:00:00,ACTIVE,-651.75
MCH6944,"Ghosh, Hayre and Seth",5699.0,APPAREL,INDIVIDUAL,Jaipur,Rajasthan,2024-06-29 00:00:00,INACTIVE,
MCH6945,Barad LLC,5311.0,RETAIL,PARTNERSHIP,Ludhiana,Punjab,2025-09-13 06:55:00,ACTIVE,3350.77
MCH6947,Sen LLC,5912.0,PHARMACY,INDIVIDUAL,Hyderabad,Telangana,2025-05-29 00:00:00,ACTIVE,820.37
MCH6948,"Kala,LokeandSinghal",4814.0,TELECOM,INDIVIDUAL,Bangalore,Karnataka,2025-07-16 00:00:00,ACTIVE,-752.55
MCH6949,"Dada, Suri and Chhabra",7011.0,HOTEL & LODGING,SOLE_PROPRIETOR,Pune,Maharashtra,2024-01-26 00:00:00,ACTIVE,333.77
MCH6950,"Bal, Swaminathan and Desai",5912.0,PHARMACY,PARTNERSHIP,Jaipur,Rajasthan,2025-10-04 00:08:00,ACTIVE,1101.05
MCH6953,Khurana-Prabhakar,,BOOKS & STATIONERY,PARTNERSHIP,Hyderabad,Telangana,2024-03-10 00:00:00,ACTIVE,-2749.21
MCH6959,"Agrawal, Bhatt and Babu",7011.0,HOTEL & LODGING,PARTNERSHIP,Lucknow,Uttar Pradesh,2024-05-24 03:34:51,ACTIVE,611.31
MCH6960,DAS-DHAWAN,,FOOD & DINING,PARTNERSHIP,Jaipur,Rajasthan,2023-01-22 00:00:00,ACTIVE,1832.0
MCH6965,Lala Group,5912.0,PHARMACY,PRIVATE_LIMITED,Pune,Maharashtra,2023-08-26 00:00:00,ACTIVE,256.0
MCH6966,"Wali, Mand and Prabhakar",5942.0,BOOKS & STATIONERY,PARTNERSHIP,Amritsar,Punjab,2023-10-16 00:00:00,ACTIVE,2789.87
MCH6970,CHOPRA-LOKE,5311.0,DEPARTMENT STORE,PARTNERSHIP,Jpr,Rajasthan,2025-02-13 00:00:00,ACTIVE,564.18
MCH6972,Badal-Kamdar,7011.0,HOTEL & LODGING,PRIVATE_LIMITED,Pune,Maharashtra,2023-12-20 14:49:48,ACTIVE,1516.57
MCH6974,Ramaswamy Ltd,5311.0,DEPARTMENT STORES,INDIVIDUAL,Delhi,Delhi,2026-01-01 00:00:00,ACTIVE,1499.0
MCH6977,SATHE-JHA,5942.0,BOOK STORE,INDIVIDUAL,Lucknow,Uttar Pradesh,2023-08-06 00:00:00,ACTIVE,-1341.62
MCH6979,Nadig Ltd,,PHARMACY,SOLE_PROPRIETOR,Chennai,Tamil Nadu,2023-05-18 00:42:04,INACTIVE,640.32
MCH6980,sarna-rajagopal,5999.0,MISC RETAIL,PARTNERSHIP,Jalandhar,Punjab,2024-02-13 12:55:41,ACTIVE,5229.33
MCH6982,"Baral, Ramachandran and Keer",5942.0,BOOKS & STATIONERY,PARTNERSHIP,Lucknow,Uttar Pradesh,2025-09-13 00:00:00,SUSPENDED,5234.31
MCH6983,Barman-Chand,5311.0,DEPARTMENT STORES,PARTNERSHIP,Delhi,Delhi,2024-10-07 12:44:43,ACTIVE,3713.18
MCH6984,wadhwa llc,5411.0,GROCERY STORES,INDIVIDUAL,Pune,Maharashtra,2025-01-23 00:00:00,ACTIVE,542.76
MCH6985,Devi-Radhakrishnan,5942.0,BOOKS & STATIONERY,INDIVIDUAL,Jalandhar,Punjab,2023-01-20 03:57:02,ACTIVE,694.07
MCH6986,"  Joshi, Chacko and Sawhney  ",541.0,GROCERY,INDIVIDUAL,Mumbai,Maharashtra,2025-11-05 00:00:00,ACTIVE,606.88
MCH6989,Raju LLC,5699.0,CLOTHING,INDIVIDUAL,Jpr,Rajasthan,2023-11-03 00:00:00,INACTIVE,1427.8
MCH6990,Apte-Choudhary,4131.0,TRANSPORT & TRAVEL,PARTNERSHIP,Bangalore,Karnataka,2023-05-05 00:00:00,ACTIVE,3342.47
MCH6991,dani ltd,,TRANSPORT & TRAVEL,PARTNERSHIP,Bengaluru,Karnataka,2025-07-16 00:00:00,ACTIVE,-1831.13
MCH6992,"Srivastava, Sha and Natarajan",5812.0,FOOD & DINING,PARTNERSHIP,Amritsar,Punjab,2026-01-21 00:00:00,ACTIVE,893.0
MCH6998,Jani-Nayak,5311.0,DEPARTMENT STORE,INDIVIDUAL,Delhi,Delhi,2026-01-27 00:00:00,ACTIVE,3349.13
MCH6999,Solanki PLC,7011.0,HOTEL & LODGING,PARTNERSHIP,Chennai,Tamil Nadu,2024-02-26 00:00:00,ACTIVE,926.71
MCH7001,Das LLC,4814.0,TELECOM,PRIVATE_LIMITED,Kolkata,West Bengal,2025-02-09 00:00:00,ACTIVE,3255.38
MCH7003,"Dutt, Sachdeva and Sridhar",5999.0,RETAIL OTHER,INDIVIDUAL,Lucknow,Uttar Pradesh,2025-04-30 00:00:00,INACTIVE,418.71
MCH7007,Sastry-Soni,7011.0,HOTEL & LODGING,SOLE_PROPRIETOR,Chennai,Tamil Nadu,2024-01-11 00:00:00,INACTIVE,-649.1
MCH7010,kuruvilla-shanker,5411.0,GROCERY,SOLE_PROPRIETOR,Dilli,Delhi,2023-07-22 00:00:00,SUSPENDED,524.4
MCH7013,"Batra,NarangandGala",5912.0,PHARMACY,SOLE_PROPRIETOR,New Delhi,Delhi,2025-03-02 00:00:00,ACTIVE,2875.47
MCH7016,Ratti PLC,4131.0,TRANSPORT & TRAVEL,PARTNERSHIP,Lucknow,Uttar Pradesh,2025-10-18 02:35:27,ACTIVE,319.94
MCH7017,"Roy, Khosla and Oak",,MISC RETAIL,SOLE_PROPRIETOR,Lucknow,Uttar Pradesh,2025-09-14 00:00:00,ACTIVE,952.71
MCH7020,Dalal LLC,5311.0,DEPARTMENT STORE,PARTNERSHIP,Chennai,Tamil Nadu,2023-10-01 13:17:54,ACTIVE,1105.4
MCH7021,"dewan, banerjee and purohit",7011.0,HOTEL & LODGING,SOLE_PROPRIETOR,Bangalore,Karnataka,2024-07-01 00:00:00,ACTIVE,969.81
MCH7023,Walla-Raj,5311.0,DEPARTMENT STORE,INDIVIDUAL,Delhi,Delhi,2023-03-16 11:15:32,ACTIVE,1307.24
MCH7024,gandhi-kunda,5942.0,BOOKS & STATIONERY,PRIVATE_LIMITED,Lucknow,Uttar Pradesh,2024-04-22 00:00:00,ACTIVE,184.56
MCH7025,"Shanker, Bandi and Bala",5999.0,RETAIL OTHER,INDIVIDUAL,Bengaluru,Karnataka,2025-01-26 00:00:00,ACTIVE,4575.03
MCH7026,Ganesan-Manda,7011.0,HOTEL & LODGING,SOLE_PROPRIETOR,Mumbai,Maharashtra,2025-09-30 00:00:00,ACTIVE,1364.0
MCH7027,"Vyas, Ghose and Narasimhan",531.0,DEPARTMENT STORE,SOLE_PROPRIETOR,Hyderabad,Telangana,2023-04-05 00:00:00,ACTIVE,860.0
MCH7028,Jain-Merchant,5912.0,PHARMACY,PARTNERSHIP,Lucknow,Uttar Pradesh,2025-10-16 00:00:00,ACTIVE,542.31
MCH7029,  Purohit Ltd  ,4814.0,TELECOM,PARTNERSHIP,Bengaluru,Karnataka,2025-03-28 00:44:27,INACTIVE,1186.22
MCH7030,Shan Ltd,5311.0,DEPARTMENT STORE,INDIVIDUAL,Ludhiana,Punjab,,SUSPENDED,466.83
MCH7031,Chander Inc,4814.0,TELECOM,PRIVATE_LIMITED,Pune,Maharashtra,2025-09-28 00:00:00,ACTIVE,1538.5
MCH7032,"Mangat, Naik and Kakar",7011.0,HOTEL & LODGING,PRIVATE_LIMITED,Asr,Punjab,2023-01-09 00:00:00,ACTIVE,
MCH7033,Mani and Sons,5699.0,APPAREL,PARTNERSHIP,Mumbai,Maharashtra,2023-06-07 00:00:00,ACTIVE,2767.54
MCH7034,Deol LLC,5942.0,BOOKS & STATIONERY,INDIVIDUAL,Pune,Maharashtra,2026-01-27 00:00:00,ACTIVE,856.21
MCH7038,Mannan-Singh,5942.0,BOOKS & STATIONERY,INDIVIDUAL,Blr,Karnataka,2025-05-25 00:00:00,INACTIVE,620.0
MCH7040,Bhasin-Lala,5942.0,BOOKS & STATIONERY,INDIVIDUAL,Mumbai,Maharashtra,2025-11-10 00:00:00,SUSPENDED,2406.66
MCH7042,  Halder-Kalla  ,,MISC RETAIL,PRIVATE_LIMITED,Pune,Maharashtra,2023-09-26 00:00:00,ACTIVE,1230.3
MCH7044,"Anne, Som and Ganesan",7011.0,HOTEL & LODGING,INDIVIDUAL,Jalandhar,Punjab,2025-08-08 00:00:00,ACTIVE,
MCH7047,BATTA-BHAVSAR,4814.0,TELECOM,INDIVIDUAL,Lucknow,Uttar Pradesh,,ACTIVE,691.03
MCH7048,Manda Inc,5942.0,BOOKS & STATIONERY,SOLE_PROPRIETOR,Kolkata,West Bengal,2024-02-17 04:08:00,ACTIVE,776.0
MCH7050,CHAND AND SONS,5912.0,PHARMACY,PRIVATE_LIMITED,Bengaluru,Karnataka,2025-02-04 15:33:07,ACTIVE,781.34
MCH7051,  Ramachandran-Rajan  ,5812.0,EATING PLACE,PARTNERSHIP,Mumbai,Maharashtra,2023-12-26 00:00:00,ACTIVE,1183.53
MCH7057,"Lad, Kala and Bhagat",4814.0,TELECOM,PARTNERSHIP,Jaipur,Rajasthan,2026-10-02 15:50:00,ACTIVE,1333.8
MCH7058,"Barad,PalandBoase",5311.0,DEPARTMENT STORE,INDIVIDUAL,Kolkata,West Bengal,2025-06-12 04:07:00,ACTIVE,1284.51
MCH7060,"Nayak, Parmer and Anand",,PHARMACY,PRIVATE_LIMITED,Kolkata,West Bengal,2023-05-26 00:00:00,ACTIVE,1299.1
MCH7061,Grover and Sons,7011.0,HOTEL & LODGING,INDIVIDUAL,Jpr,Rajasthan,2023-06-12 22:13:21,ACTIVE,462.72
MCH7062,"Karpe, Sekhon and Memon",5999.0,OTHER,PARTNERSHIP,Chennai,Tamil Nadu,2024-07-18 00:00:00,INACTIVE,2267.0
MCH7063,"Garg, Bawa and Hans",4814.0,TELECOM,PRIVATE_LIMITED,Lucknow,Uttar Pradesh,2025-12-28 00:00:00,ACTIVE,2717.9
MCH7074,Lalla-Iyengar,,PHARMACY,INDIVIDUAL,Jalandhar,Punjab,2026-01-10 00:00:00,ACTIVE,732.21
MCH7075,D’Alia Group,7011.0,HOTEL & LODGING,PARTNERSHIP,Chennai,Tamil Nadu,2024-05-03 20:19:30,INACTIVE,1262.21
MCH7076,  Bava-Shroff  ,5999.0,OTHER,SOLE_PROPRIETOR,Chennai,Tamil Nadu,2025-09-03 01:54:16,ACTIVE,875.99
MCH7077,BASU LLC,7011.0,HOTEL & LODGING,INDIVIDUAL,Lucknow,Uttar Pradesh,2025-08-18 00:00:00,SUSPENDED,484.0
MCH7078,"Vasa, Gade and Viswanathan",5699.0,APPAREL,INDIVIDUAL,Mumbai,Maharashtra,2025-08-17 00:00:00,ACTIVE,660.73
MCH7087,Prashad LLC,5311.0,DEPARTMENT STORE,PARTNERSHIP,Chennai,Tamil Nadu,2023-05-29 00:00:00,ACTIVE,955.0
MCH7088,Prabhu-Agarwal,5311.0,DEPARTMENT STORE,SOLE_PROPRIETOR,Mumbai,Maharashtra,2025-11-30 13:55:45,INACTIVE,5426.05
MCH7089,"Reddy, Dua and Trivedi",5912.0,PHARMACY,PRIVATE_LIMITED,Kolkata,West Bengal,2023-08-03 14:43:57,INACTIVE,819.59
MCH7093,Pai-Pau,7011.0,HOTEL & LODGING,INDIVIDUAL,Mumbai,Maharashtra,2025-03-19 11:49:49,SUSPENDED,1636.89
MCH7094,Narasimhan and Sons,5411.0,GROCERY,PARTNERSHIP,Lucknow,Uttar Pradesh,2023-03-04 07:40:00,ACTIVE,-522.74
MCH7095,"Sachdev, Sunder and Dalal",,BOOK STORE,PARTNERSHIP,Mumbai,Maharashtra,2025-07-20 08:14:05,ACTIVE,3937.6
MCH7096,  Saxena-Kara  ,5942.0,BOOKS & STATIONERY,PARTNERSHIP,Jaipur,Rajasthan,2025-01-25 02:10:00,ACTIVE,1167.73
MCH7098,Patla PLC,4131.0,TRANSPORT & TRAVEL,INDIVIDUAL,Jaipur,Rajasthan,2024-11-14 15:07:19,ACTIVE,926.0
MCH7100,  Sanghvi-Pandit  ,5699.0,APPAREL,INDIVIDUAL,Pune,Maharashtra,2024-09-07 00:00:00,ACTIVE,-638.61
MCH7104,Kothari LLC,4814.0,TELECOM,PARTNERSHIP,Jalandhar,Punjab,2023-07-12 00:00:00,ACTIVE,810.17
MCH7105,Mann-Oommen,481.0,TELECOM,PRIVATE_LIMITED,Chennai,Tamil Nadu,2025-11-09 10:45:31,ACTIVE,461.62
MCH7106,mody-mitter,5699.0,APPAREL,INDIVIDUAL,Bengaluru,Karnataka,2023-11-06 00:00:00,ACTIVE,574.51
MCH7108,Krishnan Group,5411.0,GROCERY STORES,SOLE_PROPRIETOR,Delhi,Delhi,2023-05-14 00:00:00,ACTIVE,567.27
MCH7111,Kohli-Zachariah,5411.0,GROCERY,PARTNERSHIP,Ludhiana,Punjab,2025-04-08 00:00:00,ACTIVE,585.6
MCH7113,"Jain,BhattiandSha",5942.0,BOOKS & STATIONERY,PARTNERSHIP,Chennai,Tamil Nadu,2025-07-30 15:17:22,SUSPENDED,1921.99
MCH7118,Chaudhry Ltd,5311.0,RETAIL,SOLE_PROPRIETOR,Hyderabad,Telangana,2025-05-15 00:00:00,ACTIVE,6144.18
MCH7121,"narasimhan, anand and gaba",5999.0,OTHER,PRIVATE_LIMITED,Pune,Maharashtra,2025-07-25 21:18:00,ACTIVE,2139.0
MCH7126,Deol Ltd,5999.0,OTHER,PARTNERSHIP,Delhi,Delhi,2025-06-25 00:00:00,ACTIVE,495.33
MCH7127,"Chhabra, Dayal and Sood",5699.0,APPAREL,INDIVIDUAL,Amritsar,Punjab,2024-06-05 00:00:00,ACTIVE,1738.0
MCH7128,Agarwal Group,5912.0,PHARMACY,PRIVATE_LIMITED,Jalandhar,Punjab,2023-06-06 20:54:00,ACTIVE,6405.9
MCH7133,DinInc,5411.0,GROCERY,PRIVATE_LIMITED,Pune,Maharashtra,2023-05-05 02:26:09,INACTIVE,
MCH7137,Krishna-Palan,4814.0,TELECOM,PARTNERSHIP,Ludhiana,Punjab,2025-09-29 00:00:00,ACTIVE,
MCH7138,Shere-Shankar,541.0,GROCERY STORES,SOLE_PROPRIETOR,Chennai,Tamil Nadu,2024-03-07 10:53:23,ACTIVE,1960.27
MCH7144,"char, kapadia and palla",5999.0,OTHER,PRIVATE_LIMITED,Mumbai,Maharashtra,2025-03-23 00:00:00,INACTIVE,4555.85
MCH7145,Ratti and Sons,,GROCERY,SOLE_PROPRIETOR,Pune,Maharashtra,2025-01-07 00:00:00,ACTIVE,1161.56
MCH7146,Bali PLC,4814.0,TELECOM,PRIVATE_LIMITED,Hyderabad,Telangana,2025-02-14 00:00:00,ACTIVE,8255.11
MCH7149,  Keer-Dua  ,4131.0,TRANSPORT & TRAVEL,PRIVATE_LIMITED,Dilli,Delhi,2026-10-02 17:58:00,SUSPENDED,-852.06
MCH7152,"Bedi, Patil and Rana",5311.0,RETAIL,PRIVATE_LIMITED,Chennai,Tamil Nadu,2026-01-02 00:00:00,INACTIVE,1076.99
MCH7154,"Raj, Ram and Chokshi",5812.0,FOOD & DINING,PRIVATE_LIMITED,Chennai,Tamil Nadu,2023-05-11 12:39:00,ACTIVE,242.8
MCH7156,"Sathe, Patla and Tailor",,DEPARTMENT STORE,INDIVIDUAL,Jaipur,Rajasthan,2023-04-07 00:00:00,ACTIVE,2168.89
MCH7157,Bir Inc,,TELECOM,PRIVATE_LIMITED,Lucknow,Uttar Pradesh,2023-04-16 00:00:00,ACTIVE,906.12
MCH7162,Ranganathan-Chakraborty,5699.0,APPAREL,PRIVATE_LIMITED,Pune,Maharashtra,2025-02-17 00:00:00,ACTIVE,1830.64
MCH7163,"Chowdhury, Goyal and Pradhan",4131.0,TRANSPORT & TRAVEL,SOLE_PROPRIETOR,Pune,Maharashtra,2023-08-11 00:00:00,ACTIVE,-806.17
MCH7164,lata-parmar,,FOOD & DINING,INDIVIDUAL,Chennai,Tamil Nadu,2023-11-18 00:00:00,ACTIVE,
MCH7165,Kulkarni-Ramanathan,4814.0,TELECOM,PRIVATE_LIMITED,Amritsar,Punjab,2025-01-28 00:00:00,ACTIVE,284.68
MCH7167,"Bir, Kunda and Manne",594.0,BOOKS & STATIONERY,PARTNERSHIP,Hyderabad,Telangana,2023-05-26 00:00:00,ACTIVE,397.0
MCH7172,Chandran-Palla,5311.0,DEPARTMENT STORES,PARTNERSHIP,Pune,Maharashtra,2025-09-23 00:00:00,ACTIVE,1177.65
MCH7176,"SACHAR, WALI AND SAHA",413.0,TRANSPORT & TRAVEL,INDIVIDUAL,Kolkata,West Bengal,2026-02-13 00:00:00,ACTIVE,980.72
MCH7178,Devan and Sons,5411.0,GROCERY,SOLE_PROPRIETOR,Kolkata,West Bengal,2023-11-11 00:00:00,INACTIVE,758.21
MCH7181,"Dar, Dada and Kala",4131.0,TRANSPORT & TRAVEL,PARTNERSHIP,Kolkata,West Bengal,2023-04-14 00:00:00,ACTIVE,859.59
MCH7184,Dara Inc,,GROCERY,SOLE_PROPRIETOR,Mumbay,Maharashtra,2023-08-31 00:00:00,ACTIVE,1095.25
MCH7185,agarwal plc,7011.0,HOTEL & LODGING,INDIVIDUAL,Pune,Maharashtra,2025-08-26 00:00:00,ACTIVE,1255.08
MCH7187,Sandhu Inc,5812.0,FOOD & DINING,INDIVIDUAL,Asr,Punjab,,ACTIVE,4006.56
MCH7190,Som-Kibe,5699.0,APPAREL,PRIVATE_LIMITED,Lucknow,Uttar Pradesh,2023-04-09 07:24:49,ACTIVE,2254.41
MCH7191,Bhargava Ltd,594.0,BOOKS & STATIONERY,SOLE_PROPRIETOR,Hyderabad,Telangana,2023-07-26 00:00:00,INACTIVE,528.97
MCH7192,Subramaniam and S0ns,5942.0,BOOK STORE,PRIVATE_LIMITED,Dilli,Delhi,2025-09-20 00:00:00,ACTIVE,2702.97
MCH7194,Shan and S0ns,4131.0,TRANSPORT & TRAVEL,INDIVIDUAL,Ludhiana,Punjab,,ACTIVE,983.19
MCH7195,Som and Sons,5999.0,OTHER,SOLE_PROPRIETOR,Chennai,Tamil Nadu,2024-10-15 14:41:16,ACTIVE,1440.74
MCH7196,Kunda-Bakshi,531.0,RETAIL,PRIVATE_LIMITED,Kolkata,West Bengal,2026-02-08 00:00:00,SUSPENDED,859.44
MCH7197,Raval-Chadha,5812.0,FOOD & DINING,INDIVIDUAL,Mumbai,Maharashtra,2023-09-25 00:19:22,ACTIVE,218.4
MCH7198,Dar-Sani,7011.0,HOTEL & LODGING,PRIVATE_LIMITED,Hyderabad,Telangana,2023-06-27 13:24:21,ACTIVE,1840.43
MCH7199,MANDA AND SONS,5942.0,BOOKS & STATIONERY,SOLE_PROPRIETOR,Delhi,Delhi,2026-10-02 11:11:00,ACTIVE,1077.86
MCH7200,Madan PLC,5699.0,APPAREL,INDIVIDUAL,New Delhi,Delhi,2025-03-02 00:00:00,ACTIVE,190.57
MCH7201,"patil, mahajan and issac",5999.0,OTHER,PRIVATE_LIMITED,Mumbai,Maharashtra,2025-03-16 00:00:00,ACTIVE,282.54
MCH7202,UPPAL PLC,4131.0,TRANSPORT & TRAVEL,INDIVIDUAL,Jaipur,Rajasthan,2023-03-01 00:00:00,INACTIVE,-1350.11
MCH7203,Sani-Memon,,RETAIL,SOLE_PROPRIETOR,Asr,Punjab,2023-03-25 00:00:00,ACTIVE,-205.09
MCH7204,Thaman Ltd,,BOOKS & STATIONERY,INDIVIDUAL,Jalandhar,Punjab,2023-09-05 00:00:00,ACTIVE,937.0
MCH7205,Dara PLC,5912.0,PHARMACY,SOLE_PROPRIETOR,Ludhiana,Punjab,2023-09-26 00:00:00,ACTIVE,1778.94
MCH7206,srivastava and sons,5411.0,GROCERY,PRIVATE_LIMITED,Lucknow,Uttar Pradesh,2025-08-18 00:00:00,ACTIVE,1434.41
MCH7211,"Apte, Vasa and Batta",5942.0,BOOKS & STATIONERY,SOLE_PROPRIETOR,Mumbai,Maharashtra,2024-11-18 13:48:32,ACTIVE,1841.0
MCH7215,"Kau1, Pur0hit and Ar0ra",5311.0,RETAIL,PRIVATE_LIMITED,Hyderabad,Telangana,2023-07-10 00:00:00,ACTIVE,2403.84
MCH7216,PILLAI AND SONS,4814.0,TELECOM,INDIVIDUAL,Amritsar,Punjab,2025-12-02 23:50:00,ACTIVE,356.0
MCH7218,Varghese-Arya,701.0,HOTEL & LODGING,PRIVATE_LIMITED,Lucknow,Uttar Pradesh,2025-12-25 00:00:00,ACTIVE,2725.82
MCH7219,Dhawan-Saha,7011.0,HOTEL & LODGING,INDIVIDUAL,Dilli,Delhi,2026-01-06 00:00:00,INACTIVE,2354.94
MCH7220,Rege-Sharaf,5812.0,FOOD & DINING,PRIVATE_LIMITED,Amritsar,Punjab,2023-12-15 00:00:00,ACTIVE,978.47
MCH7222,  Verma and Sons  ,4814.0,TELECOM,INDIVIDUAL,Dilli,Delhi,2023-11-07 00:00:00,INACTIVE,-4154.85
MCH7225,APTE-WADHWA,5812.0,FOOD & DINING,INDIVIDUAL,Jalandhar,Punjab,2025-03-07 07:20:55,ACTIVE,-5618.9
MCH7226,"Peri, Barad and Panchal",5942.0,BOOKS & STATIONERY,SOLE_PROPRIETOR,Delhi,Delhi,2024-11-30 00:00:00,ACTIVE,4237.0
MCH7228,SwaminathanLtd,,TELECOM,PARTNERSHIP,Ludhiana,Punjab,2024-03-13 00:00:00,ACTIVE,
MCH7229,"Salvi, Kale and Sunder",4814.0,TELECOM,PRIVATE_LIMITED,Pune,Maharashtra,2025-12-23 00:00:00,ACTIVE,606.62
MCH7233,Arora LLC,5699.0,APPAREL,INDIVIDUAL,Ludhiana,Punjab,2025-10-11 00:00:00,ACTIVE,2703.6
MCH7236,bhasin llc,5699.0,APPAREL,PARTNERSHIP,Jalandhar,Punjab,2025-01-31 00:00:00,ACTIVE,1228.0
MCH7237,Reddy-Majumdar,,FOOD & DINING,PARTNERSHIP,Dilli,Delhi,2024-12-13 00:00:00,ACTIVE,987.48
MCH7239,"Trivedi, Ramesh and Prabhakar",,APPAREL,SOLE_PROPRIETOR,Lucknow,Uttar Pradesh,2026-02-23 22:14:44,ACTIVE,-918.27
MCH7244,Nadig-Kata,,TRANSPORT & TRAVEL,PARTNERSHIP,Bangalore,Karnataka,2024-08-02 04:15:28,ACTIVE,1686.67
MCH7246,LATA LTD,5699.0,APPAREL,PARTNERSHIP,Chennai,Tamil Nadu,2024-03-17 08:45:00,ACTIVE,1315.04
MCH7248,Rajagopalan Group,7011.0,HOTEL & LODGING,PARTNERSHIP,Hyderabad,Telangana,2024-05-22 00:00:00,ACTIVE,859.24
MCH7249,  Prakash Group  ,5812.0,FOOD & DINING,SOLE_PROPRIETOR,Mumbai,Maharashtra,2024-11-30 17:32:21,ACTIVE,1855.0
MCH7252,"  Krishnamurthy, Pandit and Mukherjee  ",5942.0,BOOK STORE,SOLE_PROPRIETOR,Hyderabad,Telangana,2025-08-01 00:00:00,ACTIVE,1234.51
MCH7256,Arora-Raman,4131.0,TRANSPORT & TRAVEL,SOLE_PROPRIETOR,Lucknow,Uttar Pradesh,2026-02-14 00:00:00,ACTIVE,449.65
MCH7257,"  Nagi, Gera and Bedi  ",5999.0,OTHER,SOLE_PROPRIETOR,Jpr,Rajasthan,2023-10-29 03:03:00,ACTIVE,786.7
MCH7258,"om, swaminathan and ray",5699.0,APPAREL,PRIVATE_LIMITED,Jaipur,Rajasthan,2024-07-16 08:10:14,INACTIVE,472.89
MCH7260,Kunda Inc,7011.0,HOTEL & LODGING,PRIVATE_LIMITED,Jalandhar,Punjab,2024-06-20 00:00:00,ACTIVE,391.11
MCH7262,Loke LLC,4814.0,TELECOM,PARTNERSHIP,Mumbai,Maharashtra,2023-12-13 00:00:00,ACTIVE,3675.05
MCH7266,Sule PLC,5812.0,EATING PLACE,PARTNERSHIP,Jaipur,Rajasthan,2025-08-30 12:28:51,ACTIVE,
MCH7268,Mand-Char,5912.0,PHARMACY,PRIVATE_LIMITED,Mumbay,Maharashtra,2025-06-20 02:06:05,ACTIVE,1359.5
MCH7269,La11-Raman,4814.0,TELECOM,PRIVATE_LIMITED,Lucknow,Uttar Pradesh,2023-10-25 09:50:57,ACTIVE,1031.92
MCH7270,Subramanian LLC,7011.0,HOTEL & LODGING,PRIVATE_LIMITED,Asr,Punjab,2025-01-15 22:39:15,ACTIVE,1469.96
MCH7272,Kulkarni-Subramanian,4131.0,TRANSPORT & TRAVEL,SOLE_PROPRIETOR,Bengaluru,Karnataka,2023-12-21 09:01:15,INACTIVE,376.69
MCH7273,Keer and S0ns,7011.0,HOTEL & LODGING,PRIVATE_LIMITED,Chennai,Tamil Nadu,2024-08-24 09:54:21,ACTIVE,3146.24
MCH7276,Talwar-Kant,4131.0,TRANSPORT & TRAVEL,PARTNERSHIP,Jaipur,Rajasthan,2023-06-23 22:04:06,ACTIVE,692.16
MCH7279,das plc,5999.0,RETAIL OTHER,PARTNERSHIP,Jaipur,Rajasthan,,ACTIVE,1157.26
MCH7280,Baral Ltd,5812.0,FOOD & DINING,INDIVIDUAL,Jalandhar,Punjab,2025-12-18 14:28:00,ACTIVE,5521.6
MCH7281,Kalita-Mistry,4814.0,TELECOM,PRIVATE_LIMITED,Hyderabad,Telangana,2024-11-24 00:00:00,ACTIVE,2941.71
MCH7282,chopra llc,541.0,GROCERY,PARTNERSHIP,Amritsar,Punjab,2025-12-14 09:02:00,ACTIVE,1111.0
MCH7288,"Kumar, Sachdeva and Natarajan",5999.0,OTHER,PRIVATE_LIMITED,Kolkata,West Bengal,2026-02-01 06:24:52,SUSPENDED,
MCH7289,Nayar-Dara,5699.0,APPAREL,INDIVIDUAL,Pune,Maharashtra,2025-12-28 00:00:00,ACTIVE,4510.0
MCH7290,"Subramanian, B0rde and Ba1akrishnan",5699.0,CLOTHING,INDIVIDUAL,Lucknow,Uttar Pradesh,2023-03-17 00:00:00,ACTIVE,2695.0
MCH7294,"Singh, Ramanathan and Setty",5942.0,BOOKS & STATIONERY,PRIVATE_LIMITED,Jalandhar,Punjab,2025-02-04 00:00:00,SUSPENDED,1690.0
MCH7295,Palan-Ray,7011.0,HOTEL & LODGING,PARTNERSHIP,Bangalore,Karnataka,2023-02-02 10:44:00,ACTIVE,1161.77
MCH7297,"Bhasin, Sankar and Pradhan",5812.0,FOOD & DINING,PRIVATE_LIMITED,Delhi,Delhi,2025-05-03 21:06:30,ACTIVE,
MCH7298,"SANGHA, SANGHA AND KULKARNI",5411.0,GROCERY,INDIVIDUAL,Delhi,Delhi,2024-01-28 17:48:18,ACTIVE,1661.92
MCH7302,Murthy and Sons,5411.0,GROCERY,PARTNERSHIP,Bangalore,Karnataka,2025-01-23 00:00:00,ACTIVE,3381.11
MCH7305,Iyer-Nagi,5699.0,APPAREL,INDIVIDUAL,Mumbai,Maharashtra,2023-08-23 00:00:00,ACTIVE,1967.89
MCH7306,Devi-Narang,4131.0,TRANSPORT & TRAVEL,INDIVIDUAL,New Delhi,Delhi,2024-10-20 05:44:44,ACTIVE,539.76
MCH7309,"LOKE, CHADA AND BADAL",,APPAREL,SOLE_PROPRIETOR,Ludhiana,Punjab,2023-07-26 00:00:00,ACTIVE,3465.02
MCH7310,Mander Group,569.0,CLOTHING,PARTNERSHIP,Lucknow,Uttar Pradesh,2025-09-08 05:21:18,INACTIVE,1987.96
MCH7311,Jhaveri-Hans,7011.0,HOTEL & LODGING,SOLE_PROPRIETOR,Mumbai,Maharashtra,2025-05-12 00:00:00,ACTIVE,1009.0
MCH7312,Ramakrishnan-Banerjee,5311.0,RETAIL,SOLE_PROPRIETOR,Mumbai,Maharashtra,2024-02-24 11:03:00,ACTIVE,977.96
MCH7313,Comar-Din,4814.0,TELECOM,PRIVATE_LIMITED,Mumbai,Maharashtra,2026-01-18 00:00:00,ACTIVE,1884.45
MCH7314,Mahajan-B0rde,5999.0,RETAIL OTHER,PARTNERSHIP,Lucknow,Uttar Pradesh,2023-01-05 09:53:50,ACTIVE,1003.0
MCH7316,TAK LTD,,BOOKS & STATIONERY,SOLE_PROPRIETOR,Jaipur,Rajasthan,2024-05-26 00:00:00,ACTIVE,688.43
MCH7318,  Keer-Rao  ,,TELECOM,PARTNERSHIP,Pune,Maharashtra,2023-11-27 00:00:00,ACTIVE,502.45
MCH7321,"  Krishna, Saraf and Pant  ",,OTHER,PARTNERSHIP,Kolkata,West Bengal,2024-02-28 10:01:00,ACTIVE,954.48
MCH7323,Koshy-Comar,5311.0,DEPARTMENT STORE,SOLE_PROPRIETOR,Chennai,Tamil Nadu,2026-02-15 00:00:00,ACTIVE,973.0
MCH7324,Grover-Murty,5942.0,BOOKS & STATIONERY,PARTNERSHIP,Jalandhar,Punjab,2025-02-12 00:00:00,SUSPENDED,1077.62
MCH7325,Chatterjee-Manda,,MISC RETAIL,INDIVIDUAL,Kolkata,West Bengal,2023-01-04 13:43:25,ACTIVE,1420.0
MCH7326,"Mandal, Behl and Bhattacharyya",7011.0,HOTEL & LODGING,SOLE_PROPRIETOR,Chennai,Tamil Nadu,2024-10-26 07:07:51,ACTIVE,1119.05
MCH7327,"Krish, Dhar and Choudhury",4814.0,TELECOM,INDIVIDUAL,Kolkata,West Bengal,2023-05-22 13:42:22,ACTIVE,440.0
MCH7331,Kala-Loyal,5311.0,RETAIL,SOLE_PROPRIETOR,Hyderabad,Telangana,2024-05-20 00:00:00,ACTIVE,
MCH7332,"Mutti, Reddy and Guha",5311.0,DEPARTMENT STORES,PRIVATE_LIMITED,Kolkata,West Bengal,2025-05-04 00:00:00,ACTIVE,1708.81
MCH7335,"  Narayan, Cheema and Chana  ",581.0,FOOD & DINING,PRIVATE_LIMITED,Chennai,Tamil Nadu,2025-03-18 19:16:00,ACTIVE,699.42
MCH7336,Krishnan and Sons,5812.0,EATING PLACE,PARTNERSHIP,Jalandhar,Punjab,2024-09-03 00:09:50,ACTIVE,1122.92
MCH7337,NATH-NARAYAN,5699.0,APPAREL,INDIVIDUAL,Hyderabad,Telangana,2024-07-28 00:00:00,ACTIVE,3029.85
MCH7338,"Verma, Rai and Patla",,PHARMACY,PRIVATE_LIMITED,Bangalore,Karnataka,2024-05-06 00:00:00,ACTIVE,2235.57
MCH7339,"PUROHIT, DHINGRA AND BARMAN",5411.0,GROCERY STORES,INDIVIDUAL,Chennai,Tamil Nadu,2023-08-16 22:55:00,ACTIVE,2247.46
MCH7340,Devi and Sons,,APPAREL,PARTNERSHIP,Kolkata,West Bengal,2024-01-09 00:00:00,ACTIVE,1101.37
MCH7341,VARUGHESE INC,7011.0,HOTEL & LODGING,PARTNERSHIP,Kolkata,West Bengal,2023-04-24 02:30:00,ACTIVE,-3711.54
MCH7343,Dixit Ltd,5912.0,PHARMACY,PARTNERSHIP,Jpr,Rajasthan,,ACTIVE,3142.0
MCH7344,Rama-Shukla,569.0,CLOTHING,SOLE_PROPRIETOR,Hyderabad,Telangana,2023-10-11 00:00:00,ACTIVE,1447.45
MCH7350,SULE LLC,5699.0,APPAREL,PRIVATE_LIMITED,Amritsar,Punjab,2024-01-31 17:29:42,ACTIVE,-1887.59
MCH7353,NADIG LLC,4814.0,TELECOM,INDIVIDUAL,Hyderabad,Telangana,2025-12-11 00:00:00,ACTIVE,1097.0
MCH7354,"CHATTERJEE, SARNA AND HANDA",,APPAREL,SOLE_PROPRIETOR,Bengaluru,Karnataka,2023-10-13 16:44:55,ACTIVE,728.0
MCH7355,"Raval, Goswami and Sem",4814.0,TELECOM,PRIVATE_LIMITED,Pune,Maharashtra,2023-12-29 00:00:00,ACTIVE,2675.45
MCH7356,"Divan, Rastogi and Prabhu",5942.0,BOOKS & STATIONERY,PARTNERSHIP,Lucknow,Uttar Pradesh,2025-07-22 00:00:00,ACTIVE,-306.91
MCH7357,Varkey LLC,7011.0,HOTEL & LODGING,PRIVATE_LIMITED,Kolkata,West Bengal,2025-08-05 00:00:00,ACTIVE,665.88
MCH7358,Basak-Patla,5999.0,MISC RETAIL,SOLE_PROPRIETOR,Delhi,Delhi,2025-12-19 00:00:00,ACTIVE,3053.41
MCH7359,Rajagopalan-Rattan,5912.0,PHARMACY,SOLE_PROPRIETOR,Kolkata,West Bengal,2025-03-13 00:00:00,ACTIVE,-825.72
MCH7360,RAJAN-SAHNI,,TELECOM,PARTNERSHIP,Kolkata,West Bengal,2023-11-05 00:00:00,INACTIVE,1218.43
MCH7362,kothari plc,5942.0,BOOKS & STATIONERY,PRIVATE_LIMITED,Pune,Maharashtra,2026-02-11 00:00:00,ACTIVE,478.42
MCH7363,Babu-Acharya,5999.0,MISC RETAIL,SOLE_PROPRIETOR,Kolkata,West Bengal,2024-03-03 08:14:06,ACTIVE,1983.77
MCH7364,VIG-BALA,7011.0,HOTEL & LODGING,SOLE_PROPRIETOR,Mumbai,Maharashtra,2024-08-29 05:57:59,ACTIVE,1242.0
MCH7366,Bora-Nadkarni,5411.0,GROCERY,PARTNERSHIP,Bengaluru,Karnataka,2024-03-17 00:00:00,SUSPENDED,2024.0
MCH7370,Peri LLC,4131.0,TRANSPORT & TRAVEL,PRIVATE_LIMITED,Kolkata,West Bengal,2023-09-28 00:00:00,ACTIVE,1188.42
MCH7371,"Ghose, Handa and Golla",5912.0,PHARMACY,INDIVIDUAL,Chennai,Tamil Nadu,2025-04-08 00:00:00,ACTIVE,456.21
MCH7379,tella-mahal,5699.0,APPAREL,PARTNERSHIP,Jaipur,Rajasthan,2024-03-06 00:00:00,ACTIVE,
MCH7380,"Gour, Jani and Mital",5999.0,MISC RETAIL,INDIVIDUAL,Chennai,Tamil Nadu,2024-11-06 00:00:00,INACTIVE,688.41
MCH7383,Mander LLC,,MISC RETAIL,SOLE_PROPRIETOR,Hyderabad,Telangana,2025-03-25 01:21:17,ACTIVE,2244.22
MCH7384,Seshadri-Rai,4814.0,TELECOM,SOLE_PROPRIETOR,Kolkata,West Bengal,2024-01-13 00:00:00,ACTIVE,4458.94
MCH7386,Tara PLC,5912.0,PHARMACY,PRIVATE_LIMITED,Hyderabad,Telangana,2025-12-17 00:00:00,SUSPENDED,1062.8
MCH7387,Lad-Comar,5812.0,FOOD & DINING,SOLE_PROPRIETOR,Jalandhar,Punjab,2025-02-25 03:44:32,ACTIVE,4968.31
MCH7389,Basu-Bedi,5812.0,EATING PLACE,PARTNERSHIP,Blr,Karnataka,2023-07-04 12:28:00,ACTIVE,
MCH7391,"Vora, Lad and Sekhon",5411.0,GROCERY,PARTNERSHIP,Pune,Maharashtra,2023-07-08 00:00:00,INACTIVE,4971.16
MCH7394,Brahmbhatt PLC,5812.0,FOOD & DINING,PRIVATE_LIMITED,Delhi,Delhi,2024-07-29 00:00:00,ACTIVE,3620.77
MCH7395,Bose and Sons,7011.0,HOTEL & LODGING,INDIVIDUAL,Bengaluru,Karnataka,2024-07-01 00:00:00,ACTIVE,431.0
MCH7398,  Bhavsar and Sons  ,531.0,DEPARTMENT STORE,SOLE_PROPRIETOR,Chennai,Tamil Nadu,2025-04-24 00:00:00,ACTIVE,6060.9
MCH7400,Chaudhari Ltd,,OTHER,INDIVIDUAL,Dilli,Delhi,2025-01-07 00:00:00,SUSPENDED,1040.56
MCH7403,Prabhakar Group,5942.0,BOOKS & STATIONERY,SOLE_PROPRIETOR,Chennai,Tamil Nadu,2025-12-29 05:54:46,INACTIVE,657.74
MCH7408,Bala Group,,RETAIL OTHER,PRIVATE_LIMITED,Hyderabad,Telangana,2026-01-13 00:00:00,ACTIVE,1032.22
MCH7411,"Bhasin, Soman and Savant",4814.0,TELECOM,SOLE_PROPRIETOR,Chennai,Tamil Nadu,,ACTIVE,2298.88
MCH7412,Chand-Bada1,5812.0,FOOD & DINING,PRIVATE_LIMITED,Mumbai,Maharashtra,2025-08-15 00:00:00,INACTIVE,539.2
MCH7413,Uppal-Chaudhry,,DEPARTMENT STORE,PRIVATE_LIMITED,Bengaluru,Karnataka,2024-09-13 00:00:00,ACTIVE,3645.54
MCH7419,Minhas Inc,5699.0,CLOTHING,INDIVIDUAL,Bengaluru,Karnataka,2023-05-03 00:00:00,ACTIVE,
MCH7422,Divan-Vaidya,5942.0,BOOK STORE,INDIVIDUAL,Jaipur,Rajasthan,2024-07-26 13:42:00,SUSPENDED,170.31
MCH7428,Chand Inc,5699.0,APPAREL,INDIVIDUAL,Bangalore,Karnataka,2025-10-11 00:00:00,ACTIVE,1254.86
MCH7429,"Sandal, Raja and Gopal",7011.0,HOTEL & LODGING,SOLE_PROPRIETOR,Blr,Karnataka,2023-12-15 00:00:00,ACTIVE,1419.21
MCH7430,Pingle-Lata,531.0,DEPARTMENT STORE,INDIVIDUAL,Lucknow,Uttar Pradesh,2024-09-07 13:29:37,ACTIVE,2426.91
MCH7431,Nagarajan and Sons,7011.0,HOTEL & LODGING,SOLE_PROPRIETOR,Jaipur,Rajasthan,2023-01-04 00:00:00,ACTIVE,1657.0
MCH7432,taneja-hari,5699.0,APPAREL,SOLE_PROPRIETOR,Bengaluru,Karnataka,2025-11-24 07:34:00,ACTIVE,1291.31
MCH7433,"Sahota, Desai and Sarma",5999.0,MISC RETAIL,INDIVIDUAL,Pune,Maharashtra,2024-02-24 00:00:00,ACTIVE,867.14
MCH7435,"Puri, Biswas and Roy",5912.0,PHARMACY,PARTNERSHIP,Jpr,Rajasthan,2023-11-12 00:00:00,SUSPENDED,-1536.78
MCH7436,Mane-Trivedi,5912.0,PHARMACY,INDIVIDUAL,Bengaluru,Karnataka,2024-09-14 00:00:00,ACTIVE,-1384.27
MCH7439,Jayaraman PLC,7011.0,HOTEL & LODGING,PRIVATE_LIMITED,Kolkata,West Bengal,2024-07-04 13:32:00,ACTIVE,7697.49
MCH7440,Rastogi-Manne,5699.0,APPAREL,SOLE_PROPRIETOR,Lucknow,Uttar Pradesh,2025-10-27 00:00:00,ACTIVE,2334.42
MCH7442,Thakur-Rana,599.0,OTHER,PARTNERSHIP,Kolkata,West Bengal,2026-01-17 22:14:00,ACTIVE,-1816.81
MCH7443,chander-manda,4131.0,TRANSPORT & TRAVEL,PRIVATE_LIMITED,Dilli,Delhi,2024-03-27 00:00:00,ACTIVE,1371.0
MCH7444,Lanka-Shukla,5699.0,APPAREL,PRIVATE_LIMITED,Mumbai,Maharashtra,2023-03-13 03:58:00,ACTIVE,2750.67
MCH7446,"SAMI, NARAYAN AND ROY",594.0,BOOKS & STATIONERY,PARTNERSHIP,Ludhiana,Punjab,2023-02-08 00:00:00,INACTIVE,6191.17
MCH7448,mittal inc,481.0,TELECOM,PRIVATE_LIMITED,Hyderabad,Telangana,2024-07-12 00:00:00,INACTIVE,760.79
MCH7449,"Brahmbhatt, Nagarajan and Kaul",531.0,DEPARTMENT STORE,SOLE_PROPRIETOR,Amritsar,Punjab,,ACTIVE,397.32
MCH7452,Kala LLC,5311.0,DEPARTMENT STORE,SOLE_PROPRIETOR,Bengaluru,Karnataka,2025-07-07 00:00:00,ACTIVE,1838.62
MCH7455,"MODY, BHATTACHARYYA AND PALLA",4814.0,TELECOM,INDIVIDUAL,Delhi,Delhi,2024-04-11 22:40:38,ACTIVE,113.99
MCH7458,"hans, som and krish",,EATING PLACE,SOLE_PROPRIETOR,Blr,Karnataka,2025-09-20 20:06:00,ACTIVE,8448.66
MCH7459,"Gara, Agarwal and Anne",7011.0,HOTEL & LODGING,INDIVIDUAL,Ludhiana,Punjab,2023-04-14 20:15:00,ACTIVE,2650.18
MCH7462,"MALHOTRA, SACHDEVA AND SANT",5411.0,GROCERY,SOLE_PROPRIETOR,Hyderabad,Telangana,2025-11-11 00:00:00,ACTIVE,1601.35
MCH7463,CHAUDRY-NATARAJAN,5912.0,PHARMACY,PARTNERSHIP,Chennai,Tamil Nadu,2025-05-07 14:13:00,ACTIVE,
MCH7464,DuttaLLC,413.0,TRANSPORT & TRAVEL,PRIVATE_LIMITED,Lucknow,Uttar Pradesh,2024-09-18 00:00:00,ACTIVE,270.92
MCH7465,Bhatt Group,,MISC RETAIL,INDIVIDUAL,Pune,Maharashtra,2023-10-04 00:00:00,ACTIVE,3040.67
MCH7469,Dua LLC,5812.0,FOOD & DINING,SOLE_PROPRIETOR,Pune,Maharashtra,,INACTIVE,1848.0
MCH7470,Venkatesh Ltd,,APPAREL,SOLE_PROPRIETOR,Lucknow,Uttar Pradesh,2025-04-29 13:49:33,ACTIVE,787.0
MCH7471,DASS LLC,5812.0,FOOD & DINING,SOLE_PROPRIETOR,Lucknow,Uttar Pradesh,2023-02-14 00:00:00,ACTIVE,390.54
MCH7473,"Nair, Ramachandran and Mane",5311.0,RETAIL,SOLE_PROPRIETOR,Hyderabad,Telangana,2023-09-07 00:00:00,INACTIVE,-418.39
MCH7476,  Sundaram Ltd  ,5411.0,GROCERY,SOLE_PROPRIETOR,Ludhiana,Punjab,2025-07-09 15:30:17,ACTIVE,1389.53
MCH7478,"Sami, Brahmbhatt and Khurana",5699.0,CLOTHING,PRIVATE_LIMITED,Mumbay,Maharashtra,2024-08-19 11:01:33,INACTIVE,
MCH7479,"Wadhwa, Bhatia and Gade",5311.0,RETAIL,PARTNERSHIP,Chennai,Tamil Nadu,2024-09-14 17:36:50,ACTIVE,998.0
MCH7482,"Bail, Verma and Sur",5699.0,CLOTHING,PRIVATE_LIMITED,Jalandhar,Punjab,2024-02-06 00:00:00,ACTIVE,249.45
MCH7489,  Sridhar PLC  ,5999.0,MISC RETAIL,INDIVIDUAL,Blr,Karnataka,2024-09-15 00:00:00,ACTIVE,990.64
MCH7490,datta ltd,5912.0,PHARMACY,SOLE_PROPRIETOR,Kolkata,West Bengal,2023-11-12 16:38:03,ACTIVE,1590.69
MCH7493,Sachdeva-Pillai,5699.0,APPAREL,PRIVATE_LIMITED,Kolkata,West Bengal,2026-01-18 20:12:00,INACTIVE,203.44
MCH7495,"Subramaniam, Radhakrishnan and Bahri",5411.0,GROCERY STORES,INDIVIDUAL,Amritsar,Punjab,2023-05-14 00:00:00,INACTIVE,1584.42
MCH7501,Jayaraman Inc,5311.0,DEPARTMENT STORE,PARTNERSHIP,Kolkata,West Bengal,2024-03-10 00:00:00,ACTIVE,2898.16
MCH7502,GOKHALE LLC,5311.0,DEPARTMENT STORE,INDIVIDUAL,Asr,Punjab,2024-07-06 00:00:00,ACTIVE,1185.45
MCH7503,Raval LLC,5411.0,GROCERY,PARTNERSHIP,Delhi,Delhi,2025-10-30 13:02:18,ACTIVE,1167.54
MCH7504,Balay PLC,7011.0,HOTEL & LODGING,INDIVIDUAL,Chennai,Tamil Nadu,2025-10-24 10:34:44,ACTIVE,1030.01
MCH7508,Garg-Deo,5942.0,BOOKS & STATIONERY,PARTNERSHIP,Amritsar,Punjab,2024-11-15 00:00:00,ACTIVE,1956.49
MCH7509,Narasimhan-Naidu,5699.0,APPAREL,SOLE_PROPRIETOR,Kolkata,West Bengal,2025-07-29 00:00:00,ACTIVE,1271.23
MCH7513,Buch Inc,5812.0,FOOD & DINING,INDIVIDUAL,Kolkata,West Bengal,2024-09-02 00:00:00,ACTIVE,584.0
MCH7514,Ahuja-Bobal,5311.0,RETAIL,SOLE_PROPRIETOR,Lucknow,Uttar Pradesh,2024-04-19 10:36:48,ACTIVE,1943.52
MCH7517,"  Banik, Kamdar and Dada  ",5699.0,APPAREL,INDIVIDUAL,Asr,Punjab,2025-07-20 00:00:00,ACTIVE,2046.69
MCH7519,"Sarkar, Garg and Kumar",4131.0,TRANSPORT & TRAVEL,PARTNERSHIP,Lucknow,Uttar Pradesh,2025-01-06 00:00:00,INACTIVE,771.94
MCH7521,Boase PLC,4131.0,TRANSPORT & TRAVEL,SOLE_PROPRIETOR,Kolkata,West Bengal,2026-01-27 00:00:00,ACTIVE,880.0
MCH7523,venkataraman-hans,413.0,TRANSPORT & TRAVEL,SOLE_PROPRIETOR,Pune,Maharashtra,2025-04-28 00:00:00,ACTIVE,6157.65
MCH7524,"Sarna, Mital and Deo",7011.0,HOTEL & LODGING,PRIVATE_LIMITED,Blr,Karnataka,2025-07-13 10:56:49,ACTIVE,1847.0
MCH7525,  Char-Narayanan  ,5942.0,BOOK STORE,INDIVIDUAL,Lucknow,Uttar Pradesh,2025-03-31 00:00:00,ACTIVE,424.34
MCH7533,"Boase, Krishnan and Tiwari",,CLOTHING,PARTNERSHIP,Lucknow,Uttar Pradesh,2025-04-06 21:09:50,ACTIVE,1221.0
MCH7536,Kalla-Deo,5311.0,DEPARTMENT STORE,PARTNERSHIP,Kolkata,West Bengal,2024-08-29 00:00:00,ACTIVE,803.42
MCH7539,"Kalita, Din and Ganesh",5311.0,RETAIL,PRIVATE_LIMITED,Chennai,Tamil Nadu,2024-01-05 01:38:27,ACTIVE,
MCH7540,Buch-Das,5311.0,DEPARTMENT STORE,SOLE_PROPRIETOR,Hyderabad,Telangana,2025-05-17 00:00:00,ACTIVE,-2362.92
MCH7544,Ganesh and S0ns,4131.0,TRANSPORT & TRAVEL,SOLE_PROPRIETOR,Ludhiana,Punjab,2025-03-22 00:00:00,INACTIVE,2329.09
MCH7546,Koshy LLC,5912.0,PHARMACY,INDIVIDUAL,New Delhi,Delhi,2024-11-17 00:00:00,ACTIVE,356.0
MCH7548,  Dhillon Inc  ,4814.0,TELECOM,PRIVATE_LIMITED,Hyderabad,Telangana,2025-08-24 00:00:00,SUSPENDED,4170.0
MCH7549,Narayan PLC,701.0,HOTEL & LODGING,SOLE_PROPRIETOR,Kolkata,West Bengal,2023-02-22 04:38:14,INACTIVE,2720.0
MCH7552,SOM AND SONS,4814.0,TELECOM,SOLE_PROPRIETOR,Pune,Maharashtra,2025-07-21 00:00:00,ACTIVE,1934.0
MCH7554,"J0ha1, K0thari and Nagar",413.0,TRANSPORT & TRAVEL,INDIVIDUAL,Jalandhar,Punjab,2023-02-05 23:53:12,ACTIVE,572.11
MCH7556,Hayer-Saini,5942.0,BOOKS & STATIONERY,INDIVIDUAL,Chennai,Tamil Nadu,2024-01-24 20:09:00,ACTIVE,
MCH7558,Nair-Tandon,7011.0,HOTEL & LODGING,INDIVIDUAL,Delhi,Delhi,2025-09-24 00:00:00,ACTIVE,2209.65
MCH7560,  Chakraborty and Sons  ,,DEPARTMENT STORE,PARTNERSHIP,Pune,Maharashtra,,ACTIVE,2097.03
MCH7563,Anne and Sons,7011.0,HOTEL & LODGING,PRIVATE_LIMITED,Amritsar,Punjab,2023-05-16 00:00:00,ACTIVE,300.06
MCH7564,"Mahal, Thaman and Dani",,BOOKS & STATIONERY,SOLE_PROPRIETOR,Jalandhar,Punjab,2023-12-23 00:00:00,ACTIVE,503.13
MCH7566,KADE-BHATTACHARYYA,5912.0,PHARMACY,INDIVIDUAL,Mumbai,Maharashtra,2024-12-11 00:00:00,INACTIVE,748.55
MCH7567,badal-tripathi,5699.0,APPAREL,PARTNERSHIP,Delhi,Delhi,2023-01-23 14:11:00,ACTIVE,581.85
MCH7568,"CHOKSHI, LALL AND SUBRAMANIAM",4131.0,TRANSPORT & TRAVEL,INDIVIDUAL,Amritsar,Punjab,2025-11-15 23:29:00,ACTIVE,
MCH7572,"Nori, Kibe and Das",5699.0,APPAREL,SOLE_PROPRIETOR,Lucknow,Uttar Pradesh,2023-11-28 00:00:00,ACTIVE,870.0
MCH7574,"  Saini, Dubey and Bava  ",,DEPARTMENT STORE,PRIVATE_LIMITED,Pune,Maharashtra,2024-09-28 01:58:00,ACTIVE,1109.44
MCH7576,Ramanathan-Menon,7011.0,HOTEL & LODGING,PARTNERSHIP,Jalandhar,Punjab,2024-10-14 09:09:31,ACTIVE,757.61
MCH7577,"Gandhi, Golla and Arora",5699.0,CLOTHING,PRIVATE_LIMITED,Amritsar,Punjab,2023-01-26 00:00:00,ACTIVE,
MCH7580,"Setty, Kala and Ramesh",7011.0,HOTEL & LODGING,PARTNERSHIP,Jpr,Rajasthan,2025-10-20 00:00:00,ACTIVE,-377.84
MCH7581,"Deshpande, Butala and Jain",5699.0,CLOTHING,PRIVATE_LIMITED,Lucknow,Uttar Pradesh,2024-08-13 00:00:00,ACTIVE,
MCH7582,Gola Ltd,4131.0,TRANSPORT & TRAVEL,INDIVIDUAL,Kolkata,West Bengal,2024-07-31 16:49:00,ACTIVE,1056.25
MCH7585,Rattan-Ratti,5699.0,CLOTHING,PARTNERSHIP,Pune,Maharashtra,2026-02-10 00:00:00,ACTIVE,-3222.54
MCH7586,RandhawaInc,581.0,EATING PLACE,PARTNERSHIP,Chennai,Tamil Nadu,2025-06-21 00:00:00,INACTIVE,629.75
MCH7589,"Parekh, Dugal and Bumb",4131.0,TRANSPORT & TRAVEL,PRIVATE_LIMITED,Pune,Maharashtra,2025-01-17 00:00:00,ACTIVE,437.44
MCH7591,Gour-Hora,5812.0,FOOD & DINING,SOLE_PROPRIETOR,Asr,Punjab,2023-12-07 05:34:00,ACTIVE,1230.68
MCH7595,Subramaniam-Balasubramanian,,GROCERY,INDIVIDUAL,Ludhiana,Punjab,2026-01-07 00:00:00,ACTIVE,3392.31
MCH7596,Bajwa-Luthra,4814.0,TELECOM,PRIVATE_LIMITED,Hyderabad,Telangana,2024-04-20 00:00:00,SUSPENDED,
MCH7597,Vohra-Mitter,,TRANSPORT & TRAVEL,SOLE_PROPRIETOR,Pune,Maharashtra,2025-07-31 00:00:00,ACTIVE,2111.86
MCH7600,Bora Inc,5999.0,RETAIL OTHER,PRIVATE_LIMITED,Jalandhar,Punjab,2025-09-01 00:00:00,ACTIVE,582.46
MCH7604,"Varkey, Hayer and Ratti",5411.0,GROCERY,PARTNERSHIP,Chennai,Tamil Nadu,2025-02-17 00:00:00,ACTIVE,868.52
MCH7605,Kakar-Dhi110n,5311.0,RETAIL,PRIVATE_LIMITED,Blr,Karnataka,2025-07-21 00:00:00,INACTIVE,1126.42
MCH7606,  Chaudhari-Raman  ,5999.0,MISC RETAIL,PRIVATE_LIMITED,Blr,Karnataka,2024-08-27 00:00:00,ACTIVE,296.04
MCH7607,"vyas, ramakrishnan and narayanan",,BOOKS & STATIONERY,SOLE_PROPRIETOR,Amritsar,Punjab,2025-01-02 19:37:48,ACTIVE,7039.03
MCH7609,Mitta1 PLC,5912.0,PHARMACY,INDIVIDUAL,Jalandhar,Punjab,2025-03-10 00:00:00,ACTIVE,-7169.86
MCH7613,"Parekh, Ch0kshi and Das",5699.0,APPAREL,PRIVATE_LIMITED,Jaipur,Rajasthan,2024-11-23 19:31:50,ACTIVE,419.26
MCH7614,WaliLtd,5699.0,APPAREL,INDIVIDUAL,Mumbai,Maharashtra,2023-07-03 00:00:00,ACTIVE,969.0
MCH7615,"DAR, PAREKH AND DE",5812.0,EATING PLACE,SOLE_PROPRIETOR,Lucknow,Uttar Pradesh,,INACTIVE,2530.9
MCH7618,"Thaman, Parikh and Dubey",7011.0,HOTEL & LODGING,PRIVATE_LIMITED,Delhi,Delhi,2025-11-22 00:00:00,ACTIVE,244.24
MCH7619,"ranganathan, kumer and pandya",5311.0,DEPARTMENT STORES,PRIVATE_LIMITED,Kolkata,West Bengal,2023-11-02 00:00:00,ACTIVE,
MCH7620,narain-balasubramanian,5942.0,BOOKS & STATIONERY,PRIVATE_LIMITED,Chennai,Tamil Nadu,2025-02-14 00:00:00,ACTIVE,2086.1
MCH7621,Iyer-Mangal,5411.0,GROCERY,SOLE_PROPRIETOR,Jalandhar,Punjab,2023-09-14 09:28:09,ACTIVE,1096.69
MCH7622,Agrawal-Yogi,4131.0,TRANSPORT & TRAVEL,PARTNERSHIP,Amritsar,Punjab,2025-10-19 00:00:00,ACTIVE,-717.88
MCH7623,Pandya LLC,,BOOKS & STATIONERY,PARTNERSHIP,Mumbai,Maharashtra,2026-01-23 00:00:00,ACTIVE,701.06
MCH7627,Lata-Ray,4131.0,TRANSPORT & TRAVEL,INDIVIDUAL,Mumbai,Maharashtra,2025-05-17 00:00:00,ACTIVE,1169.55
MCH7628,"Mander, Guha and Varty",4814.0,TELECOM,SOLE_PROPRIETOR,Mumbai,Maharashtra,2026-01-12 00:00:00,SUSPENDED,8496.25
MCH7629,Taneja-Vyas,5999.0,OTHER,INDIVIDUAL,Pune,Maharashtra,2023-01-01 17:10:32,ACTIVE,1413.56
MCH7630,"RAMA, KALITA AND JHA",4131.0,TRANSPORT & TRAVEL,INDIVIDUAL,Mumbai,Maharashtra,2025-10-01 00:00:00,ACTIVE,2393.0
MCH7631,DOSHI-VERMA,5942.0,BOOKS & STATIONERY,PARTNERSHIP,Kolkata,West Bengal,2024-01-27 00:00:00,ACTIVE,2548.32
MCH7635,Karpe Inc,481.0,TELECOM,PARTNERSHIP,Mumbai,Maharashtra,2023-05-11 12:34:38,SUSPENDED,6027.41
MCH7636,BIR PLC,5699.0,APPAREL,SOLE_PROPRIETOR,Jalandhar,Punjab,2025-03-05 00:00:00,ACTIVE,178.0
MCH7639,brar-chana,5999.0,OTHER,SOLE_PROPRIETOR,Mumbai,Maharashtra,2025-02-20 05:32:00,ACTIVE,4805.68
MCH7644,Mital PLC,7011.0,HOTEL & LODGING,SOLE_PROPRIETOR,Chennai,Tamil Nadu,2024-03-07 00:00:00,ACTIVE,602.59
MCH7645,Majumdar-Nagarajan,5912.0,PHARMACY,SOLE_PROPRIETOR,Amritsar,Punjab,2024-09-21 00:00:00,ACTIVE,1396.81
MCH7647,"Bala, Mody and Kumer",5912.0,PHARMACY,PARTNERSHIP,Mumbay,Maharashtra,2025-12-30 18:11:40,INACTIVE,3285.0
MCH7648,"  Trivedi, Ramachandran and Keer  ",,RETAIL OTHER,PRIVATE_LIMITED,Hyderabad,Telangana,2024-11-12 16:04:31,SUSPENDED,1840.11
MCH7651,  Sur Inc  ,5912.0,PHARMACY,SOLE_PROPRIETOR,Jalandhar,Punjab,2025-07-24 13:48:53,ACTIVE,1138.07
MCH7653,Mishra LLC,5699.0,APPAREL,INDIVIDUAL,Jalandhar,Punjab,2025-04-30 00:00:00,ACTIVE,7064.16
MCH7654,Chakraborty Inc,5699.0,APPAREL,SOLE_PROPRIETOR,Lucknow,Uttar Pradesh,,ACTIVE,1250.0
MCH7659,"Bali, Balan and Ramachandran",,BOOK STORE,PARTNERSHIP,Dilli,Delhi,2023-10-04 00:00:00,ACTIVE,1079.0
MCH7661,Pal-Atwal,7011.0,HOTEL & LODGING,PARTNERSHIP,Kolkata,West Bengal,2024-06-20 00:00:00,ACTIVE,1304.11
MCH7664,Datta Ltd,,TRANSPORT & TRAVEL,PARTNERSHIP,Kolkata,West Bengal,,ACTIVE,990.98
MCH7667,solanki llc,4814.0,TELECOM,SOLE_PROPRIETOR,Lucknow,Uttar Pradesh,2024-06-28 00:00:00,ACTIVE,1620.69
MCH7675,Suresh-Tandon,4131.0,TRANSPORT & TRAVEL,PARTNERSHIP,Pune,Maharashtra,2025-01-24 00:00:00,ACTIVE,1022.55
MCH7679,Sama and Sons,591.0,PHARMACY,PARTNERSHIP,Bengaluru,Karnataka,2026-02-25 00:00:00,ACTIVE,3295.19
MCH7681,"Bal, Kakar and Pillai",,TRANSPORT & TRAVEL,PRIVATE_LIMITED,Pune,Maharashtra,2024-11-15 00:00:00,ACTIVE,1955.63
MCH7685,"Badal, Khurana and Bansal",5311.0,DEPARTMENT STORES,INDIVIDUAL,Jalandhar,Punjab,2025-05-06 00:19:28,INACTIVE,-3304.25
MCH7687,Devan Inc,5699.0,APPAREL,INDIVIDUAL,Lucknow,Uttar Pradesh,2024-11-25 18:59:00,ACTIVE,2148.82
MCH7688,"  Kata, Bobal and Basu  ",5912.0,PHARMACY,SOLE_PROPRIETOR,Ludhiana,Punjab,2025-07-29 00:00:00,ACTIVE,3346.0
MCH7692,Ratti-Patla,5311.0,DEPARTMENT STORE,INDIVIDUAL,Asr,Punjab,2025-07-10 00:00:00,ACTIVE,2270.3
MCH7698,Bhatnagar Inc,599.0,MISC RETAIL,INDIVIDUAL,Lucknow,Uttar Pradesh,2023-08-24 00:13:02,ACTIVE,1276.92
MCH7699,mammen ltd,4814.0,TELECOM,INDIVIDUAL,Jalandhar,Punjab,2024-10-16 05:11:31,ACTIVE,
MCH7700,"Lanka, Setty and Muni",5812.0,EATING PLACE,PARTNERSHIP,Delhi,Delhi,2025-06-14 00:00:00,INACTIVE,-4782.98
MCH7701,Ravel-Lala,5411.0,GROCERY,PRIVATE_LIMITED,Ludhiana,Punjab,2025-05-12 05:37:27,ACTIVE,1411.44
MCH7702,Ahuja-Nayar,541.0,GROCERY,PRIVATE_LIMITED,Ludhiana,Punjab,2024-10-04 00:00:00,SUSPENDED,
MCH7709,"JANI, SIDHU AND TRIPATHI",4131.0,TRANSPORT & TRAVEL,PARTNERSHIP,Jaipur,Rajasthan,2025-05-06 00:00:00,ACTIVE,451.31
MCH7712,  Sehgal Ltd  ,5411.0,GROCERY,PARTNERSHIP,Lucknow,Uttar Pradesh,,ACTIVE,2215.59
MCH7714,"koshy, dani and barad",4814.0,TELECOM,PRIVATE_LIMITED,Jalandhar,Punjab,2023-10-27 23:10:00,ACTIVE,669.74
MCH7715,Tata-Borah,5999.0,RETAIL OTHER,PRIVATE_LIMITED,Kolkata,West Bengal,2025-06-10 00:00:00,INACTIVE,1652.04
MCH7720,Agate-Krishnamurthy,7011.0,HOTEL & LODGING,PRIVATE_LIMITED,Chennai,Tamil Nadu,2025-12-10 22:57:00,ACTIVE,475.0
MCH7723,"Pandya, Barman and Biswas",5699.0,APPAREL,PRIVATE_LIMITED,Ludhiana,Punjab,2025-01-06 01:31:38,ACTIVE,3268.86
MCH7724,"Johal, Khatri and Sant",5411.0,GROCERY,INDIVIDUAL,Jalandhar,Punjab,2026-02-18 00:00:00,ACTIVE,3132.9
MCH7726,Modi Ltd,5311.0,DEPARTMENT STORE,INDIVIDUAL,Lucknow,Uttar Pradesh,2025-05-17 15:11:06,ACTIVE,1955.14
MCH7728,"  Banerjee, Iyengar and Ganguly  ",7011.0,HOTEL & LODGING,INDIVIDUAL,Jaipur,Rajasthan,2024-10-11 00:00:00,ACTIVE,750.16
MCH7729,"Jain, Bail and Rattan",541.0,GROCERY,PRIVATE_LIMITED,Pune,Maharashtra,2023-03-04 07:27:56,ACTIVE,2571.4
MCH7731,DalalPLC,7011.0,HOTEL & LODGING,INDIVIDUAL,Chennai,Tamil Nadu,2024-05-25 00:00:00,ACTIVE,2899.19
MCH7733,Bora Inc,,TELECOM,PRIVATE_LIMITED,Lucknow,Uttar Pradesh,2024-01-22 00:00:00,ACTIVE,5028.38
MCH7735,GARG-BALAN,5999.0,MISC RETAIL,SOLE_PROPRIETOR,Ludhiana,Punjab,2024-01-24 00:00:00,ACTIVE,-639.06
MCH7736,Kara PLC,5699.0,CLOTHING,INDIVIDUAL,Amritsar,Punjab,2024-02-01 00:00:00,ACTIVE,778.45
MCH7737,"Sarma, Tripathi and Chandra",4131.0,TRANSPORT & TRAVEL,SOLE_PROPRIETOR,Mumbai,Maharashtra,2023-09-19 00:00:00,ACTIVE,-1625.72
MCH7744,NATH PLC,5311.0,RETAIL,INDIVIDUAL,Asr,Punjab,2026-02-08 11:39:38,ACTIVE,-283.48
MCH7746,LUTHRA GROUP,5699.0,APPAREL,PRIVATE_LIMITED,Jaipur,Rajasthan,2025-10-08 00:00:00,ACTIVE,1244.49
MCH7748,chhabra group,5812.0,FOOD & DINING,INDIVIDUAL,Pune,Maharashtra,2025-12-26 00:00:00,ACTIVE,1602.16
MCH7749,"dhaliwal, chaudhari and lad",4131.0,TRANSPORT & TRAVEL,PRIVATE_LIMITED,Lucknow,Uttar Pradesh,2023-03-28 01:45:50,ACTIVE,472.27
MCH7750,"Rama, Garde and Ravi",,TRANSPORT & TRAVEL,PARTNERSHIP,Bengaluru,Karnataka,2025-01-22 00:00:00,ACTIVE,1271.38
MCH7751,"  Vig, Iyer and Andra  ",5311.0,RETAIL,PARTNERSHIP,Pune,Maharashtra,2024-06-28 00:00:00,SUSPENDED,590.58
MCH7757,"Uppal, Kota and Ramaswamy",4814.0,TELECOM,INDIVIDUAL,Delhi,Delhi,2024-02-09 00:00:00,ACTIVE,669.43
MCH7758,"memon, agate and deshpande",569.0,CLOTHING,PARTNERSHIP,Mumbai,Maharashtra,2023-12-27 00:00:00,ACTIVE,362.28
MCH7759,"SANKARAN, PATEL AND NARAIN",5699.0,APPAREL,SOLE_PROPRIETOR,Kolkata,West Bengal,2025-10-15 13:32:26,ACTIVE,
MCH7763,"Choudhury, Mody and Tank",5912.0,PHARMACY,INDIVIDUAL,Chennai,Tamil Nadu,2023-11-03 00:00:00,ACTIVE,777.85
MCH7765,Dyal LLC,581.0,EATING PLACE,INDIVIDUAL,Amritsar,Punjab,2025-02-27 00:00:00,ACTIVE,3067.55
MCH7767,Nadkarni-Pathak,7011.0,HOTEL & LODGING,INDIVIDUAL,Chennai,Tamil Nadu,2025-10-07 07:50:00,ACTIVE,3595.48
MCH7768,Sahota-Walia,4131.0,TRANSPORT & TRAVEL,PARTNERSHIP,Delhi,Delhi,2025-06-19 07:32:00,SUSPENDED,1097.55
MCH7769,"Atwal, Loke and Prasad",481.0,TELECOM,PARTNERSHIP,Mumbai,Maharashtra,2024-07-21 00:00:00,ACTIVE,232.38
MCH7772,"Chatterjee, Wason and Nadkarni",5311.0,DEPARTMENT STORE,PARTNERSHIP,Mumbai,Maharashtra,2026-01-02 19:37:55,ACTIVE,541.48
MCH7773,Nath-Parikh,5699.0,APPAREL,INDIVIDUAL,Jpr,Rajasthan,2025-08-09 12:42:00,ACTIVE,544.16
MCH7779,"Mane, Bassi and Samra",5699.0,CLOTHING,PARTNERSHIP,Lucknow,Uttar Pradesh,2024-12-12 19:16:00,ACTIVE,
MCH7780,Jain PLC,5912.0,PHARMACY,SOLE_PROPRIETOR,Lucknow,Uttar Pradesh,2025-07-19 13:23:49,INACTIVE,
MCH7784,DAYAL PLC,4814.0,TELECOM,PARTNERSHIP,Pune,Maharashtra,2024-09-23 00:20:11,ACTIVE,
MCH7790,Barman-Roy,5942.0,BOOK STORE,SOLE_PROPRIETOR,Chennai,Tamil Nadu,2025-05-28 00:00:00,ACTIVE,1525.46
MCH7794,Kalita PLC,5912.0,PHARMACY,PARTNERSHIP,Delhi,Delhi,2025-05-01 18:59:00,ACTIVE,622.63
MCH7795,Prakash LLC,4131.0,TRANSPORT & TRAVEL,SOLE_PROPRIETOR,Jpr,Rajasthan,2025-06-28 04:41:24,ACTIVE,956.79
MCH7796,"Kari, Sridhar and J0ha1",5411.0,GROCERY,PARTNERSHIP,Pune,Maharashtra,2024-09-12 00:00:00,ACTIVE,489.31
MCH7802,Venkatesh LLC,5912.0,PHARMACY,PARTNERSHIP,Lucknow,Uttar Pradesh,2024-04-12 13:06:25,ACTIVE,1493.43
MCH7803,  Mukherjee-Sha  ,4814.0,TELECOM,PRIVATE_LIMITED,Jaipur,Rajasthan,2023-02-16 00:00:00,ACTIVE,763.0
MCH7804,Choudhry and Sons,5942.0,BOOKS & STATIONERY,SOLE_PROPRIETOR,Ludhiana,Punjab,2024-04-02 20:13:00,ACTIVE,586.0
MCH7806,"Sahni, Bhavsar and Kaul",,TRANSPORT & TRAVEL,PRIVATE_LIMITED,Hyderabad,Telangana,2023-04-17 00:00:00,ACTIVE,1046.19
MCH7810,Bail Inc,5942.0,BOOKS & STATIONERY,SOLE_PROPRIETOR,Ludhiana,Punjab,2025-01-25 00:00:00,INACTIVE,-529.29
MCH7814,  Mallick-Puri  ,5812.0,FOOD & DINING,SOLE_PROPRIETOR,Jaipur,Rajasthan,2024-01-03 00:00:00,ACTIVE,-2963.54
MCH7817,Lata PLC,581.0,FOOD & DINING,PRIVATE_LIMITED,Chennai,Tamil Nadu,2025-07-27 00:00:00,INACTIVE,3090.66
MCH7821,  Deshmukh Inc  ,,OTHER,PARTNERSHIP,Bangalore,Karnataka,2026-01-26 00:00:00,ACTIVE,1463.63
MCH7828,  Jhaveri and Sons  ,5699.0,APPAREL,INDIVIDUAL,Kolkata,West Bengal,2026-02-23 00:00:00,ACTIVE,3105.54
MCH7829,Hora Ltd,4131.0,TRANSPORT & TRAVEL,PARTNERSHIP,Jpr,Rajasthan,2025-05-06 00:00:00,ACTIVE,422.0
MCH7830,Narayanan-Barad,5912.0,PHARMACY,PRIVATE_LIMITED,Jaipur,Rajasthan,2025-12-14 17:19:27,SUSPENDED,1497.41
MCH7832,"  Sodhi, Venkataraman and Kohli  ",5999.0,MISC RETAIL,INDIVIDUAL,Delhi,Delhi,2025-06-02 00:45:12,ACTIVE,4116.49
MCH7833,"Chopra, Baral and Hayre",5942.0,BOOKS & STATIONERY,SOLE_PROPRIETOR,Hyderabad,Telangana,2023-02-10 07:53:34,SUSPENDED,648.0
MCH7835,"DUGAR, DHAWAN AND DE",7011.0,HOTEL & LODGING,PRIVATE_LIMITED,Lucknow,Uttar Pradesh,2023-12-26 12:25:00,SUSPENDED,1744.59
MCH7837,Wali Group,,OTHER,INDIVIDUAL,Kolkata,West Bengal,2023-06-03 00:00:00,ACTIVE,803.03
MCH7838,"Yohannan, Sethi and Khare",5812.0,FOOD & DINING,SOLE_PROPRIETOR,Asr,Punjab,2024-03-25 00:00:00,ACTIVE,974.3
MCH7839,Chandra-Borra,5311.0,DEPARTMENT STORE,SOLE_PROPRIETOR,Lucknow,Uttar Pradesh,2024-11-02 00:00:00,ACTIVE,710.2
MCH7840,Sood LLC,5311.0,DEPARTMENT STORE,INDIVIDUAL,Pune,Maharashtra,2023-09-26 00:00:00,ACTIVE,394.0
MCH7841,Manda Group,5942.0,BOOK STORE,SOLE_PROPRIETOR,Pune,Maharashtra,2024-10-01 00:00:00,ACTIVE,14164.49
MCH7842,J0ha1 Ltd,5812.0,FOOD & DINING,PRIVATE_LIMITED,Kolkata,West Bengal,2025-02-06 00:00:00,INACTIVE,1856.0
MCH7843,Rastogi-Das,581.0,FOOD & DINING,PARTNERSHIP,Amritsar,Punjab,2025-04-03 00:00:00,ACTIVE,-1274.89
MCH7844,Singh-Mane,,GROCERY,SOLE_PROPRIETOR,Ludhiana,Punjab,2024-10-31 00:00:00,ACTIVE,1309.0
MCH7845,  Bhasin-Dubey  ,4814.0,TELECOM,PRIVATE_LIMITED,Ludhiana,Punjab,2024-08-22 00:00:00,ACTIVE,994.0
MCH7846,Chad-Gole,,OTHER,INDIVIDUAL,Mumbai,Maharashtra,2023-08-24 00:00:00,ACTIVE,228.0
MCH7847,Ramakrishnan-Misra,5411.0,GROCERY,INDIVIDUAL,Mumbay,Maharashtra,2025-04-12 00:00:00,ACTIVE,2108.0
MCH7849,Lal-Wagle,5311.0,DEPARTMENT STORE,SOLE_PROPRIETOR,Jaipur,Rajasthan,2025-12-02 16:31:00,ACTIVE,4061.65
MCH7850,Reddy Inc,569.0,CLOTHING,PARTNERSHIP,Chennai,Tamil Nadu,2024-05-16 05:07:55,ACTIVE,1378.0
MCH7851,"Warrior, Hora and Dayal",4814.0,TELECOM,INDIVIDUAL,Jalandhar,Punjab,2024-07-02 00:00:00,ACTIVE,
MCH7852,"Kapadia, K0nda and Luthra",,HOTEL & LODGING,SOLE_PROPRIETOR,Chennai,Tamil Nadu,2023-05-12 06:13:06,SUSPENDED,4401.63
MCH7856,"Sood, Dalal and Butala",7011.0,HOTEL & LODGING,PRIVATE_LIMITED,New Delhi,Delhi,2025-06-11 15:54:00,ACTIVE,2048.0
MCH7860,"Pall, Som and Dalal",5999.0,MISC RETAIL,PRIVATE_LIMITED,Asr,Punjab,2024-11-11 02:08:53,ACTIVE,-625.05
MCH7862,  Pandit-Ratti  ,591.0,PHARMACY,INDIVIDUAL,Amritsar,Punjab,2023-04-23 00:00:00,ACTIVE,558.23
MCH7863,"Lal, Hegde and Hora",5812.0,EATING PLACE,PARTNERSHIP,Lucknow,Uttar Pradesh,2024-11-18 00:00:00,ACTIVE,673.1
MCH7864,"Kumer, Iyer and Bhavsar",4131.0,TRANSPORT & TRAVEL,PRIVATE_LIMITED,Amritsar,Punjab,2024-12-30 05:51:45,ACTIVE,611.66
MCH7865,Rout Inc,,DEPARTMENT STORE,INDIVIDUAL,Hyderabad,Telangana,2023-11-13 13:57:04,ACTIVE,2187.26
MCH7866,Bhattacharyya and Sons,5311.0,DEPARTMENT STORES,PARTNERSHIP,Delhi,Delhi,2025-10-31 05:29:00,ACTIVE,2522.0
MCH7868,Chander-Ramakrishnan,5311.0,DEPARTMENT STORES,INDIVIDUAL,Pune,Maharashtra,2025-09-21 01:36:00,ACTIVE,563.96
MCH7870,"Kalla,MoreandSwamy",5912.0,PHARMACY,PRIVATE_LIMITED,Jaipur,Rajasthan,2025-03-04 00:00:00,ACTIVE,681.25
MCH7871,"Mital, Palla and Saraf",5699.0,APPAREL,SOLE_PROPRIETOR,Hyderabad,Telangana,2026-02-17 14:36:44,ACTIVE,-2352.21
MCH7875,  Narasimhan PLC  ,5411.0,GROCERY,PRIVATE_LIMITED,Amritsar,Punjab,2025-01-03 00:00:00,ACTIVE,585.43
MCH7876,Yadav-Bansal,5942.0,BOOKS & STATIONERY,INDIVIDUAL,Lucknow,Uttar Pradesh,2024-09-22 00:00:00,ACTIVE,-549.03
MCH7877,  Parekh-Borra  ,594.0,BOOK STORE,PRIVATE_LIMITED,Mumbai,Maharashtra,2024-02-29 00:00:00,ACTIVE,
MCH7879,SAWHNEY-GODA,4814.0,TELECOM,INDIVIDUAL,Jalandhar,Punjab,2023-12-30 23:35:00,ACTIVE,1760.85
MCH7880,Ben-Khare,413.0,TRANSPORT & TRAVEL,INDIVIDUAL,Chennai,Tamil Nadu,2024-01-20 00:00:00,ACTIVE,3857.41
MCH7881,MENON PLC,5311.0,DEPARTMENT STORE,PARTNERSHIP,Pune,Maharashtra,2024-02-04 00:00:00,ACTIVE,1357.1
MCH7885,Vaidya-Bhatt,5411.0,GROCERY STORES,SOLE_PROPRIETOR,Lucknow,Uttar Pradesh,2025-08-25 08:23:00,ACTIVE,648.72
MCH7890,contractor plc,701.0,HOTEL & LODGING,PARTNERSHIP,Chennai,Tamil Nadu,2024-07-21 17:41:07,INACTIVE,-652.34
MCH7891,BAKSHI PLC,5411.0,GROCERY STORES,INDIVIDUAL,Bangalore,Karnataka,2024-02-03 20:11:00,ACTIVE,3419.67
MCH7895,Pau PLC,,RETAIL OTHER,INDIVIDUAL,Amritsar,Punjab,2023-08-06 09:45:00,ACTIVE,583.0
MCH7896,Samra LLC,7011.0,HOTEL & LODGING,PRIVATE_LIMITED,Kolkata,West Bengal,2023-10-16 00:00:00,SUSPENDED,2276.65
MCH7900,Basu-Sami,413.0,TRANSPORT & TRAVEL,INDIVIDUAL,New Delhi,Delhi,2025-04-24 00:00:00,ACTIVE,1035.61
MCH7901,BALA GROUP,5812.0,FOOD & DINING,PARTNERSHIP,Jaipur,Rajasthan,2023-03-02 12:07:59,ACTIVE,
MCH7902,deol inc,4131.0,TRANSPORT & TRAVEL,PARTNERSHIP,Ludhiana,Punjab,2025-07-05 00:00:00,ACTIVE,-2892.53
MCH7904,Kapadia-Pandya,5942.0,BOOKS & STATIONERY,PARTNERSHIP,Chennai,Tamil Nadu,2023-09-20 00:00:00,ACTIVE,6260.03
MCH7906,"Ganesan, Gopal and Ratta",5912.0,PHARMACY,INDIVIDUAL,Jpr,Rajasthan,2023-08-04 00:00:00,ACTIVE,733.85
MCH7910,Shenoy LLC,5812.0,FOOD & DINING,PARTNERSHIP,Hyderabad,Telangana,2024-03-25 00:00:00,INACTIVE,741.5
MCH7912,Som-Mistry,,MISC RETAIL,PARTNERSHIP,Jaipur,Rajasthan,2025-08-29 09:32:35,ACTIVE,
MCH7913,Khare Inc,5912.0,PHARMACY,PARTNERSHIP,Pune,Maharashtra,2025-02-22 00:00:00,ACTIVE,-1243.32
MCH7914,Grover-Karnik,4814.0,TELECOM,SOLE_PROPRIETOR,Jpr,Rajasthan,2023-11-30 00:00:00,ACTIVE,1922.54
MCH7917,Parsa-Madan,5411.0,GROCERY,SOLE_PROPRIETOR,Pune,Maharashtra,2023-04-02 01:07:51,INACTIVE,-1524.64
MCH7918,Purohit LLC,5942.0,BOOKS & STATIONERY,PRIVATE_LIMITED,Kolkata,West Bengal,2024-09-06 00:00:00,ACTIVE,1204.0
MCH7919,MAJUMDAR-CHANDRAN,4131.0,TRANSPORT & TRAVEL,PARTNERSHIP,Jaipur,Rajasthan,2025-09-12 01:54:00,ACTIVE,4626.02
MCH7922,Dara LLC,,FOOD & DINING,PARTNERSHIP,Mumbai,Maharashtra,2024-05-13 00:00:00,ACTIVE,1260.96
MCH7925,"Bedi, Shroff and Nadkarni",4131.0,TRANSPORT & TRAVEL,SOLE_PROPRIETOR,Lucknow,Uttar Pradesh,2023-07-07 00:00:00,ACTIVE,2480.62
MCH7930,"  Bhatt, Ganguly and Dhingra  ",5311.0,DEPARTMENT STORES,SOLE_PROPRIETOR,Dilli,Delhi,2025-12-16 00:00:00,SUSPENDED,1892.15
MCH7932,SETHI LTD,4814.0,TELECOM,PRIVATE_LIMITED,Bengaluru,Karnataka,2025-04-20 22:28:00,ACTIVE,4410.18
MCH7933,BaradInc,5812.0,FOOD & DINING,INDIVIDUAL,Asr,Punjab,2025-07-26 00:00:00,INACTIVE,1177.0
MCH7934,Srinivasan-Maharaj,5812.0,FOOD & DINING,PARTNERSHIP,Chennai,Tamil Nadu,2023-02-23 00:00:00,INACTIVE,1154.88
MCH7938,CHANDER LTD,,TELECOM,SOLE_PROPRIETOR,Bangalore,Karnataka,2023-09-22 00:00:00,ACTIVE,-639.19
MCH7939,Mand LLC,5812.0,FOOD & DINING,PRIVATE_LIMITED,Bengaluru,Karnataka,2025-01-23 00:00:00,ACTIVE,2096.4
MCH7942,Parmar-Oza,5912.0,PHARMACY,SOLE_PROPRIETOR,Hyderabad,Telangana,2024-08-10 06:25:22,ACTIVE,1133.78
MCH7943,Chaudhary-Rana,5912.0,PHARMACY,INDIVIDUAL,Kolkata,West Bengal,2024-12-27 00:00:00,ACTIVE,3927.63
MCH7944,Bassi-Dyal,4131.0,TRANSPORT & TRAVEL,SOLE_PROPRIETOR,Kolkata,West Bengal,2025-11-04 00:00:00,ACTIVE,1227.24
MCH7945,"Barad, Wagle and Raju",5912.0,PHARMACY,INDIVIDUAL,Ludhiana,Punjab,2023-01-24 00:00:00,ACTIVE,268.67
MCH7947,Padmanabhan-Kale,4814.0,TELECOM,PRIVATE_LIMITED,Mumbay,Maharashtra,2023-08-09 00:00:00,ACTIVE,3921.35
MCH7948,  Sachdeva-Buch  ,5311.0,DEPARTMENT STORES,PARTNERSHIP,Mumbai,Maharashtra,2025-07-03 00:00:00,ACTIVE,656.76
MCH7949,Vohra-Chaudhary,4131.0,TRANSPORT & TRAVEL,PRIVATE_LIMITED,Mumbai,Maharashtra,2023-10-14 00:00:00,ACTIVE,265.37
MCH7950,Om-Andra,5411.0,GROCERY,INDIVIDUAL,Ludhiana,Punjab,,ACTIVE,3471.68
MCH7951,Peri Group,7011.0,HOTEL & LODGING,SOLE_PROPRIETOR,Jaipur,Rajasthan,2024-02-21 00:00:00,ACTIVE,-981.55
MCH7953,Deep Group,5411.0,GROCERY STORES,SOLE_PROPRIETOR,Mumbai,Maharashtra,2025-08-07 00:00:00,ACTIVE,1668.75
MCH7954,Sur Inc,7011.0,HOTEL & LODGING,PRIVATE_LIMITED,Hyderabad,Telangana,2025-04-01 22:07:00,ACTIVE,2803.0
MCH7955,"Andra, Oommen and Salvi",5699.0,APPAREL,PARTNERSHIP,Asr,Punjab,2023-02-02 00:00:00,ACTIVE,-2313.71
MCH7957,Keer-Khalsa,,RETAIL,SOLE_PROPRIETOR,Amritsar,Punjab,2025-11-21 00:00:00,ACTIVE,1690.94
MCH7960,Comar-Ramesh,5411.0,GROCERY,SOLE_PROPRIETOR,Amritsar,Punjab,2023-01-05 00:00:00,ACTIVE,
MCH7965,  Magar-Kant  ,5311.0,DEPARTMENT STORES,SOLE_PROPRIETOR,Pune,Maharashtra,2024-05-13 00:00:00,ACTIVE,567.32
MCH7967,Chandran Inc,5912.0,PHARMACY,INDIVIDUAL,Bengaluru,Karnataka,2025-06-19 00:00:00,ACTIVE,-1630.08
MCH7969,"Karan,BalandKhurana",4131.0,TRANSPORT & TRAVEL,INDIVIDUAL,Lucknow,Uttar Pradesh,2025-04-16 00:00:00,ACTIVE,836.32
MCH7972,Lata Inc,5411.0,GROCERY STORES,PARTNERSHIP,Bangalore,Karnataka,2024-12-16 00:00:00,ACTIVE,-401.1
MCH7973,"Dhar, Som and Mane",701.0,HOTEL & LODGING,SOLE_PROPRIETOR,Kolkata,West Bengal,2023-01-17 11:57:28,ACTIVE,1422.91
MCH7974,"Verma, Koshy and Bhardwaj",5411.0,GROCERY,INDIVIDUAL,Jaipur,Rajasthan,2023-10-04 00:00:00,ACTIVE,460.5
MCH7977,"Kohli, Vaidya and Nagar",7011.0,HOTEL & LODGING,SOLE_PROPRIETOR,Chennai,Tamil Nadu,2025-07-23 00:00:00,ACTIVE,4790.0
MCH7978,K0rpa1-Bassi,4814.0,TELECOM,PRIVATE_LIMITED,Jalandhar,Punjab,2025-10-26 14:25:48,ACTIVE,4486.97
MCH7981,"  Singhal, Manne and Ray  ",5699.0,APPAREL,PRIVATE_LIMITED,Jalandhar,Punjab,2023-11-02 00:00:00,ACTIVE,234.87
MCH7982,De0 Ltd,5311.0,DEPARTMENT STORE,PARTNERSHIP,Ludhiana,Punjab,2023-01-14 04:48:22,ACTIVE,579.0
MCH7983,Karpe-Raval,5311.0,DEPARTMENT STORE,INDIVIDUAL,Lucknow,Uttar Pradesh,2024-01-11 00:00:00,ACTIVE,3843.3
MCH7985,"Ba1ay, Mammen and Raman",581.0,FOOD & DINING,PARTNERSHIP,Lucknow,Uttar Pradesh,2023-12-16 19:17:00,ACTIVE,2429.67
MCH7986,Pathak Inc,,RETAIL OTHER,INDIVIDUAL,Chennai,Tamil Nadu,2024-05-30 00:00:00,INACTIVE,1602.91
MCH7987,Mangat-Sundaram,5912.0,PHARMACY,INDIVIDUAL,Chennai,Tamil Nadu,2023-02-25 00:00:00,ACTIVE,-2275.51
MCH7991,Rastogi PLC,5942.0,BOOK STORE,PARTNERSHIP,Mumbay,Maharashtra,,ACTIVE,1076.7
MCH7992,Goel Group,4814.0,TELECOM,INDIVIDUAL,Bengaluru,Karnataka,2023-10-18 00:00:00,ACTIVE,609.52
MCH7993,Garde Inc,4814.0,TELECOM,PARTNERSHIP,Kolkata,West Bengal,2023-04-23 00:00:00,ACTIVE,1024.0
MCH7996,Bhargava LLC,5912.0,PHARMACY,PRIVATE_LIMITED,Amritsar,Punjab,2024-12-18 00:00:00,INACTIVE,-830.56
MCH7997,"Rattan, Naik and Singh",5999.0,OTHER,INDIVIDUAL,Pune,Maharashtra,2024-05-31 14:52:38,ACTIVE,-397.79
MCH8003,  Tank Ltd  ,5311.0,DEPARTMENT STORE,SOLE_PROPRIETOR,Hyderabad,Telangana,2023-12-14 00:00:00,ACTIVE,614.4
MCH8004,hayre-agate,5999.0,OTHER,INDIVIDUAL,Asr,Punjab,2025-01-10 20:15:00,INACTIVE,934.62
MCH8005,"  Kumar, Ahluwalia and Thaman  ",4131.0,TRANSPORT & TRAVEL,SOLE_PROPRIETOR,Bengaluru,Karnataka,2025-06-30 00:00:00,ACTIVE,-6211.56
MCH8007,Chaudhari Inc,5699.0,APPAREL,SOLE_PROPRIETOR,Pune,Maharashtra,2025-11-26 16:25:31,ACTIVE,1165.41
MCH8013,Thakkar-Vohra,5942.0,BOOKS & STATIONERY,SOLE_PROPRIETOR,Bengaluru,Karnataka,2024-06-08 00:00:00,ACTIVE,
MCH8014,Mukherjee Inc,5912.0,PHARMACY,SOLE_PROPRIETOR,Jaipur,Rajasthan,2026-01-25 00:00:00,ACTIVE,702.0
MCH8018,Lad PLC,5411.0,GROCERY,PRIVATE_LIMITED,Kolkata,West Bengal,2025-03-27 00:00:00,ACTIVE,655.7
MCH8019,Chaudhry-Naidu,5942.0,BOOK STORE,PRIVATE_LIMITED,Jaipur,Rajasthan,,ACTIVE,888.78
MCH8023,CHAR-GALA,5699.0,APPAREL,INDIVIDUAL,Chennai,Tamil Nadu,2024-04-04 00:00:00,ACTIVE,837.35
MCH8024,Banik PLC,5411.0,GROCERY STORES,INDIVIDUAL,Jalandhar,Punjab,2026-02-02 22:13:43,ACTIVE,1100.96
MCH8025,"Karnik, Hayer and Khalsa",4814.0,TELECOM,PARTNERSHIP,Lucknow,Uttar Pradesh,2023-08-14 14:32:00,ACTIVE,1781.41
MCH8029,"Gokhale, Varughese and Dube",5311.0,RETAIL,SOLE_PROPRIETOR,Hyderabad,Telangana,2025-12-21 00:00:00,ACTIVE,973.0
MCH8031,CHOKSHI LTD,7011.0,HOTEL & LODGING,INDIVIDUAL,Hyderabad,Telangana,2025-07-26 00:00:00,ACTIVE,2110.06
MCH8032,  Roy-Ramesh  ,5699.0,APPAREL,PARTNERSHIP,Mumbai,Maharashtra,2025-05-24 00:00:00,ACTIVE,1773.07
MCH8033,Gole Group,5942.0,BOOK STORE,PRIVATE_LIMITED,Jalandhar,Punjab,2025-05-22 00:00:00,ACTIVE,1372.74
MCH8035,"Munshi, Mani and Taneja",5999.0,RETAIL OTHER,INDIVIDUAL,Mumbay,Maharashtra,2025-02-08 00:00:00,ACTIVE,
MCH8036,"Sarma, Madan and Pandey",5912.0,PHARMACY,PARTNERSHIP,Mumbai,Maharashtra,2025-07-12 21:56:39,ACTIVE,2055.77
MCH8037,Patla-Balakrishnan,4814.0,TELECOM,SOLE_PROPRIETOR,Pune,Maharashtra,2025-09-19 16:54:00,ACTIVE,327.35
MCH8038,"singh, baria and kakar",5912.0,PHARMACY,PRIVATE_LIMITED,Lucknow,Uttar Pradesh,2024-12-20 17:52:56,ACTIVE,1174.3
MCH8039,"Kibe,BrahmbhattandJaggi",569.0,APPAREL,SOLE_PROPRIETOR,Pune,Maharashtra,2024-10-28 00:00:00,ACTIVE,2282.53
MCH8043,Lalla Group,5311.0,DEPARTMENT STORES,PRIVATE_LIMITED,Ludhiana,Punjab,2024-07-31 00:00:00,ACTIVE,1064.0
MCH8044,"Sant, Nadkarni and Rajan",,DEPARTMENT STORE,INDIVIDUAL,Blr,Karnataka,2024-10-13 07:30:00,ACTIVE,-794.78
MCH8046,Muni LLC,,PHARMACY,PARTNERSHIP,Mumbai,Maharashtra,2024-11-12 00:00:00,ACTIVE,401.9
MCH8048,"kaul, master and deo",4814.0,TELECOM,INDIVIDUAL,Hyderabad,Telangana,2025-02-15 00:00:00,ACTIVE,2683.93
MCH8049,Balan-Shah,5699.0,APPAREL,PRIVATE_LIMITED,Lucknow,Uttar Pradesh,2024-04-09 00:00:00,ACTIVE,
MCH8050,Bora-Oommen,5311.0,DEPARTMENT STORE,INDIVIDUAL,Jalandhar,Punjab,2023-12-16 05:28:51,ACTIVE,587.46
MCH8051,"saxena, kamdar and kannan",5942.0,BOOK STORE,PARTNERSHIP,New Delhi,Delhi,2024-10-17 00:00:00,ACTIVE,598.72
MCH8052,  Mangat-Ganesh  ,4131.0,TRANSPORT & TRAVEL,SOLE_PROPRIETOR,Kolkata,West Bengal,2024-01-05 09:32:24,ACTIVE,527.34
MCH8053,CHHABRA INC,481.0,TELECOM,INDIVIDUAL,Hyderabad,Telangana,2023-03-29 01:53:59,ACTIVE,1235.44
MCH8054,"Kant, Gara and Grewal",413.0,TRANSPORT & TRAVEL,SOLE_PROPRIETOR,Chennai,Tamil Nadu,2024-12-12 00:00:00,ACTIVE,
MCH8055,"Gade, Dani and Daya1",5812.0,FOOD & DINING,PRIVATE_LIMITED,Blr,Karnataka,2024-06-02 16:33:31,INACTIVE,1539.89
MCH8056,"Pai, Doshi and Nath",4814.0,TELECOM,PRIVATE_LIMITED,Lucknow,Uttar Pradesh,2024-05-26 00:00:00,ACTIVE,581.34
MCH8057,Kalla Group,5912.0,PHARMACY,SOLE_PROPRIETOR,Mumbai,Maharashtra,2025-08-29 00:00:00,ACTIVE,437.01
MCH8058,"Tripathi, Bhagat and Kala",5999.0,OTHER,PRIVATE_LIMITED,Hyderabad,Telangana,2024-07-28 00:00:00,ACTIVE,259.88
MCH8059,Kapadia PLC,4814.0,TELECOM,SOLE_PROPRIETOR,Mumbai,Maharashtra,2023-06-05 00:00:00,INACTIVE,263.96
MCH8060,Nayar-Ahluwalia,5812.0,FOOD & DINING,PRIVATE_LIMITED,Pune,Maharashtra,2025-04-03 20:55:00,INACTIVE,2824.32
MCH8062,RANDHAWA-KATA,,MISC RETAIL,INDIVIDUAL,Mumbai,Maharashtra,2024-03-31 00:00:00,ACTIVE,1473.0
MCH8065,Gandhi-Shanker,4131.0,TRANSPORT & TRAVEL,INDIVIDUAL,Lucknow,Uttar Pradesh,2024-07-19 12:29:00,INACTIVE,674.4
MCH8066,Sane-Shukla,5411.0,GROCERY,PARTNERSHIP,Amritsar,Punjab,2023-08-03 00:00:00,ACTIVE,-665.07
MCH8068,Narula-Nadkarni,4131.0,TRANSPORT & TRAVEL,PRIVATE_LIMITED,Bengaluru,Karnataka,2025-06-08 09:19:38,ACTIVE,-452.45
MCH8069,MEMON INC,,HOTEL & LODGING,INDIVIDUAL,Amritsar,Punjab,2023-09-09 20:32:00,ACTIVE,557.54
MCH8073,Prabhakar-B0ra,5942.0,BOOKS & STATIONERY,SOLE_PROPRIETOR,Kolkata,West Bengal,2024-12-26 22:17:38,ACTIVE,
MCH8074,Prakash-Bera,4814.0,TELECOM,INDIVIDUAL,Jalandhar,Punjab,2024-04-12 00:00:00,ACTIVE,439.79
MCH8076,Banerjee Group,4814.0,TELECOM,PRIVATE_LIMITED,Lucknow,Uttar Pradesh,2025-08-06 00:00:00,ACTIVE,1709.68
MCH8078,thaman-ganguly,5912.0,PHARMACY,SOLE_PROPRIETOR,Mumbai,Maharashtra,2023-07-12 00:00:00,ACTIVE,1158.31
MCH8080,Brar PLC,4814.0,TELECOM,INDIVIDUAL,Pune,Maharashtra,2025-02-02 00:00:00,ACTIVE,1241.0
MCH8082,Contractor and Sons,7011.0,HOTEL & LODGING,SOLE_PROPRIETOR,Amritsar,Punjab,2025-02-20 00:00:00,ACTIVE,4480.58
MCH8085,VERMA-RAMACHANDRAN,5942.0,BOOKS & STATIONERY,INDIVIDUAL,Pune,Maharashtra,2025-10-22 00:00:00,ACTIVE,
MCH8086,  Kala LLC  ,,GROCERY,PARTNERSHIP,Jalandhar,Punjab,2024-12-29 00:00:00,ACTIVE,1335.85
MCH8091,"Kata, Mangat and Tiwari",5812.0,FOOD & DINING,PARTNERSHIP,Amritsar,Punjab,2023-09-18 00:00:00,INACTIVE,723.01
MCH8093,"Seth, Bassi and Raman",7011.0,HOTEL & LODGING,PARTNERSHIP,Hyderabad,Telangana,2024-05-15 00:00:00,ACTIVE,1629.96
MCH8095,Saxena LLC,5699.0,APPAREL,PRIVATE_LIMITED,Jpr,Rajasthan,2024-08-16 00:00:00,ACTIVE,304.22
MCH8096,Srinivas-Verma,,TELECOM,PARTNERSHIP,Mumbai,Maharashtra,,ACTIVE,2241.14
MCH8098,"Sahni, Bahri and Apte",5912.0,PHARMACY,INDIVIDUAL,Pune,Maharashtra,2025-08-27 08:34:00,ACTIVE,1970.0
MCH8101,"Jani, Varghese and Barman",,APPAREL,SOLE_PROPRIETOR,Delhi,Delhi,,INACTIVE,734.89
MCH8104,CHACKO GROUP,7011.0,HOTEL & LODGING,PRIVATE_LIMITED,Bangalore,Karnataka,2024-01-02 09:22:31,ACTIVE,
MCH8107,Ramachandran Ltd,5999.0,RETAIL OTHER,PARTNERSHIP,Jaipur,Rajasthan,,ACTIVE,
MCH8109,"Nadkarni, Sawhney and Singh",5912.0,PHARMACY,PARTNERSHIP,Delhi,Delhi,2024-04-28 00:00:00,ACTIVE,5729.0
MCH8110,Kamdar-Raval,5999.0,OTHER,PARTNERSHIP,Lucknow,Uttar Pradesh,2023-07-13 00:00:00,INACTIVE,768.59
MCH8114,"raman, sandal and bedi",4814.0,TELECOM,INDIVIDUAL,Jalandhar,Punjab,2024-02-08 00:00:00,ACTIVE,1612.23
MCH8119,SubramanianandSons,,TRANSPORT & TRAVEL,SOLE_PROPRIETOR,Amritsar,Punjab,2023-06-14 00:00:00,ACTIVE,1285.93
MCH8125,"Sane, Misra and Mitter",591.0,PHARMACY,INDIVIDUAL,Bengaluru,Karnataka,2025-10-29 14:28:47,ACTIVE,2004.37
MCH8126,"SAXENA, MITRA AND CHADA",5912.0,PHARMACY,INDIVIDUAL,Lucknow,Uttar Pradesh,2025-03-12 00:00:00,SUSPENDED,844.44
MCH8129,"Devan, Ramesh and 0ak",5311.0,DEPARTMENT STORES,INDIVIDUAL,Kolkata,West Bengal,2025-03-22 13:11:16,ACTIVE,2940.0
MCH8130,"Kale, Kumer and Chand",,DEPARTMENT STORE,PARTNERSHIP,Ludhiana,Punjab,2026-02-05 04:03:44,ACTIVE,419.61
MCH8131,Sekhon-Agrawal,5999.0,OTHER,PRIVATE_LIMITED,Kolkata,West Bengal,2023-05-15 00:00:00,INACTIVE,5430.66
MCH8132,Sami-Balay,5699.0,APPAREL,PRIVATE_LIMITED,Bengaluru,Karnataka,2025-08-20 00:20:49,ACTIVE,4139.52
MCH8135,Bhakta PLC,5999.0,OTHER,PRIVATE_LIMITED,Asr,Punjab,2024-09-04 00:00:00,ACTIVE,857.0
MCH8136,Bora Inc,7011.0,HOTEL & LODGING,SOLE_PROPRIETOR,Amritsar,Punjab,2025-10-27 00:00:00,INACTIVE,635.0
MCH8137,G0pa1-Mahajan,413.0,TRANSPORT & TRAVEL,PARTNERSHIP,Blr,Karnataka,2024-01-30 00:00:00,ACTIVE,561.1
MCH8138,Chaudhuri-Varma,5311.0,DEPARTMENT STORES,INDIVIDUAL,Chennai,Tamil Nadu,2025-12-05 00:00:00,ACTIVE,1502.0
MCH8139,"mani, kala and verma",5311.0,DEPARTMENT STORES,INDIVIDUAL,Asr,Punjab,2024-02-07 00:00:00,ACTIVE,2137.68
MCH8140,"  Chokshi, Johal and Sachdeva  ",5812.0,FOOD & DINING,SOLE_PROPRIETOR,Kolkata,West Bengal,2024-08-24 20:09:39,ACTIVE,1136.04
MCH8142,Mane and Sons,5912.0,PHARMACY,PRIVATE_LIMITED,Ludhiana,Punjab,2025-08-25 00:00:00,ACTIVE,5955.63
MCH8145,Dhi110n LLC,7011.0,HOTEL & LODGING,PRIVATE_LIMITED,Chennai,Tamil Nadu,2025-10-12 00:00:00,ACTIVE,180.43
MCH8146,Bath-Purohit,5942.0,BOOKS & STATIONERY,SOLE_PROPRIETOR,Delhi,Delhi,2025-04-28 17:40:46,ACTIVE,5566.64
MCH8148,Sehgal-Banik,4131.0,TRANSPORT & TRAVEL,SOLE_PROPRIETOR,Bengaluru,Karnataka,2024-01-27 00:00:00,ACTIVE,406.0
MCH8149,"Chandran, Mander and Parmar",5812.0,FOOD & DINING,PARTNERSHIP,Kolkata,West Bengal,,ACTIVE,1378.0
MCH8150,Hegde-Doctor,5912.0,PHARMACY,PARTNERSHIP,Pune,Maharashtra,2023-11-02 00:00:00,ACTIVE,1430.0
MCH8151,Dalal PLC,5699.0,APPAREL,INDIVIDUAL,Jalandhar,Punjab,2024-08-01 20:15:56,ACTIVE,1200.0
MCH8152,chaudhari plc,5912.0,PHARMACY,SOLE_PROPRIETOR,Jalandhar,Punjab,2023-07-24 20:56:00,ACTIVE,1648.01
MCH8154,  Yohannan PLC  ,,TRANSPORT & TRAVEL,SOLE_PROPRIETOR,Jalandhar,Punjab,2023-06-26 00:00:00,SUSPENDED,998.6
MCH8157,"mahal, srinivas and vasa",,PHARMACY,SOLE_PROPRIETOR,Delhi,Delhi,2024-10-09 09:16:57,INACTIVE,1033.09
MCH8159,Grover-Barad,5411.0,GROCERY STORES,PARTNERSHIP,Chennai,Tamil Nadu,2024-12-18 00:00:00,SUSPENDED,768.97
MCH8160,Amble and Sons,5699.0,APPAREL,INDIVIDUAL,Jpr,Rajasthan,2023-05-18 00:00:00,ACTIVE,5769.95
MCH8163,"Sama, Pant and Tara",,BOOKS & STATIONERY,PRIVATE_LIMITED,Lucknow,Uttar Pradesh,2025-06-13 00:00:00,ACTIVE,-1638.28
MCH8164,"Devan, Basu and Buch",5812.0,FOOD & DINING,PRIVATE_LIMITED,Delhi,Delhi,2023-04-26 00:00:00,ACTIVE,3036.35
MCH8165,"Sandhu, Saran and Dhar",5999.0,RETAIL OTHER,SOLE_PROPRIETOR,Chennai,Tamil Nadu,2023-04-09 00:00:00,INACTIVE,1269.15
MCH8169,"Kapur, Prashad and Srinivasan",5999.0,OTHER,INDIVIDUAL,Jaipur,Rajasthan,2024-11-03 00:00:00,ACTIVE,1294.0
MCH8170,"Dyal, Chadha and Shenoy",4814.0,TELECOM,PARTNERSHIP,Hyderabad,Telangana,2024-12-15 00:00:00,ACTIVE,589.07
MCH8174,"banerjee, brahmbhatt and dave",7011.0,HOTEL & LODGING,INDIVIDUAL,Jaipur,Rajasthan,2024-09-09 00:00:00,ACTIVE,
MCH8176,Bala PLC,5311.0,DEPARTMENT STORE,SOLE_PROPRIETOR,Hyderabad,Telangana,,ACTIVE,3488.0
MCH8177,Soman Inc,5812.0,FOOD & DINING,PRIVATE_LIMITED,Kolkata,West Bengal,2024-04-03 04:33:00,ACTIVE,2423.6
MCH8181,Mall-Chatterjee,4131.0,TRANSPORT & TRAVEL,INDIVIDUAL,Amritsar,Punjab,,ACTIVE,-1624.73
MCH8187,"Chada, Mammen and Lanka",413.0,TRANSPORT & TRAVEL,SOLE_PROPRIETOR,Ludhiana,Punjab,2025-06-03 00:00:00,ACTIVE,671.0
MCH8188,"ram, krish and pai",5999.0,RETAIL OTHER,PARTNERSHIP,Lucknow,Uttar Pradesh,2025-02-16 00:00:00,INACTIVE,734.28
MCH8189,BAJAJ-SURA,4131.0,TRANSPORT & TRAVEL,SOLE_PROPRIETOR,Delhi,Delhi,2023-01-31 11:30:49,ACTIVE,1010.26
MCH8192,"oza, sant and loke",5411.0,GROCERY STORES,PRIVATE_LIMITED,Kolkata,West Bengal,2024-11-05 00:46:00,INACTIVE,408.0
MCH8197,Virk-Venkataraman,5912.0,PHARMACY,SOLE_PROPRIETOR,Kolkata,West Bengal,2024-01-03 00:00:00,ACTIVE,964.03
MCH8198,Buch-Sengupta,5311.0,DEPARTMENT STORES,INDIVIDUAL,Kolkata,West Bengal,2023-01-18 00:00:00,INACTIVE,2004.67
MCH8200,Rai-Bhargava,5942.0,BOOKS & STATIONERY,SOLE_PROPRIETOR,Amritsar,Punjab,2023-07-19 00:00:00,ACTIVE,-443.44
MCH8203,lad-suresh,,OTHER,PARTNERSHIP,Ludhiana,Punjab,2024-10-16 00:00:00,ACTIVE,937.0
MCH8204,Bumb-Bansal,7011.0,HOTEL & LODGING,PRIVATE_LIMITED,Jalandhar,Punjab,2025-10-13 17:19:27,ACTIVE,1083.04
MCH8208,TAK-SHANKAR,7011.0,HOTEL & LODGING,INDIVIDUAL,Mumbai,Maharashtra,2024-03-18 07:08:51,ACTIVE,1309.39
MCH8209,"Cheema, Bansal and Comar",5699.0,APPAREL,SOLE_PROPRIETOR,Ludhiana,Punjab,2023-12-27 00:00:00,ACTIVE,6788.0
MCH8210,"Dave, Bath and Cherian",4131.0,TRANSPORT & TRAVEL,SOLE_PROPRIETOR,Hyderabad,Telangana,2025-10-04 00:00:00,ACTIVE,3204.47
MCH8211,parekh-atwal,5411.0,GROCERY,PRIVATE_LIMITED,Jaipur,Rajasthan,2025-05-22 00:00:00,ACTIVE,
MCH8212,Taneja Ltd,531.0,DEPARTMENT STORE,PRIVATE_LIMITED,Chennai,Tamil Nadu,2023-07-03 00:00:00,INACTIVE,2159.07
MCH8215,"Brar, Ramesh and Kaul",5411.0,GROCERY STORES,PARTNERSHIP,Chennai,Tamil Nadu,2023-05-23 00:00:00,INACTIVE,1544.34
MCH8219,Devi Group,4814.0,TELECOM,INDIVIDUAL,Ludhiana,Punjab,2023-01-06 05:16:57,ACTIVE,1980.0
MCH8220,sarkar plc,5411.0,GROCERY,PRIVATE_LIMITED,Pune,Maharashtra,2024-06-11 00:00:00,ACTIVE,142.34
MCH8221,Kala-Bajaj,5942.0,BOOK STORE,SOLE_PROPRIETOR,Bengaluru,Karnataka,,INACTIVE,1133.63
MCH8225,Bedi-Date,,OTHER,PRIVATE_LIMITED,Pune,Maharashtra,2024-02-28 00:00:00,ACTIVE,2289.3
MCH8226,Das-Subramanian,5999.0,OTHER,PARTNERSHIP,Jaipur,Rajasthan,2024-03-26 00:00:00,ACTIVE,789.74
MCH8233,Patel Ltd,5411.0,GROCERY,PARTNERSHIP,Jalandhar,Punjab,2024-12-28 17:57:00,ACTIVE,1942.94
MCH8235,Konda-Pillai,5942.0,BOOKS & STATIONERY,PRIVATE_LIMITED,Chennai,Tamil Nadu,2025-08-29 19:03:00,ACTIVE,-921.33
MCH8238,"Lala, Seth and Tak",5699.0,CLOTHING,PARTNERSHIP,Jpr,Rajasthan,2024-07-22 00:00:00,ACTIVE,952.06
MCH8239,"Brahmbhatt, 0ak and Dhar",5411.0,GROCERY,PARTNERSHIP,Jaipur,Rajasthan,2025-05-19 21:53:30,ACTIVE,266.0
MCH8240,Sur LLC,5912.0,PHARMACY,PARTNERSHIP,Lucknow,Uttar Pradesh,2025-08-10 00:00:00,ACTIVE,1777.69
MCH8241,Bhasin and Sons,5999.0,RETAIL OTHER,PRIVATE_LIMITED,Jaipur,Rajasthan,2025-07-28 07:43:00,ACTIVE,509.62
MCH8242,Choudhary-Pall,701.0,HOTEL & LODGING,PRIVATE_LIMITED,Ludhiana,Punjab,2023-06-27 07:50:14,ACTIVE,607.04
MCH8245,"Dhillon, Saran and Kalita",7011.0,HOTEL & LODGING,PARTNERSHIP,Ludhiana,Punjab,2025-09-06 00:00:00,ACTIVE,2778.0
MCH8247,"Pandya, Muni and Hora",4814.0,TELECOM,PARTNERSHIP,Lucknow,Uttar Pradesh,2024-10-24 08:45:00,ACTIVE,1396.47
MCH8253,Dutt-Narain,5411.0,GROCERY STORES,SOLE_PROPRIETOR,Hyderabad,Telangana,2024-04-15 01:54:00,ACTIVE,1104.19
MCH8255,"Yadav, Goyal and Sem",5699.0,APPAREL,INDIVIDUAL,Jalandhar,Punjab,2023-11-02 00:00:00,ACTIVE,2733.83
MCH8259,Lall Group,5942.0,BOOKS & STATIONERY,SOLE_PROPRIETOR,Jalandhar,Punjab,2023-04-13 00:00:00,ACTIVE,2667.52
MCH8261,"Sridhar, Manda and Arora",5812.0,FOOD & DINING,SOLE_PROPRIETOR,Jaipur,Rajasthan,2023-02-12 15:30:00,SUSPENDED,8032.44
MCH8262,Sanghvi Ltd,5411.0,GROCERY,SOLE_PROPRIETOR,Bengaluru,Karnataka,2024-06-10 00:00:00,ACTIVE,4676.0
MCH8263,"Gara, Kar and Raval",5699.0,APPAREL,SOLE_PROPRIETOR,Chennai,Tamil Nadu,2025-07-21 16:32:17,ACTIVE,1443.08
MCH8264,"Hayer, Pant and Suresh",4131.0,TRANSPORT & TRAVEL,PRIVATE_LIMITED,Jpr,Rajasthan,2025-03-01 00:00:00,ACTIVE,2906.17
MCH8268,Krishnamurthy-Chopra,5942.0,BOOKS & STATIONERY,PRIVATE_LIMITED,Chennai,Tamil Nadu,2025-09-13 00:00:00,ACTIVE,1218.95
MCH8271,Konda-Bawa,5699.0,APPAREL,SOLE_PROPRIETOR,Chennai,Tamil Nadu,2023-10-05 00:57:38,ACTIVE,1087.99
MCH8272,  Bava and Sons  ,,DEPARTMENT STORE,SOLE_PROPRIETOR,Bangalore,Karnataka,2024-08-08 15:02:00,ACTIVE,-946.17
MCH8276,"Kakar, Handa and Sachdeva",5812.0,EATING PLACE,SOLE_PROPRIETOR,Mumbai,Maharashtra,2025-09-23 00:00:00,ACTIVE,2410.37
MCH8277,"Patil, Goyal and Sarin",5912.0,PHARMACY,INDIVIDUAL,Asr,Punjab,2025-07-04 00:00:00,INACTIVE,1542.69
MCH8279,Lala PLC,5411.0,GROCERY,SOLE_PROPRIETOR,Chennai,Tamil Nadu,,ACTIVE,416.0
MCH8281,Krishnan-Kuruvilla,7011.0,HOTEL & LODGING,INDIVIDUAL,Chennai,Tamil Nadu,2024-01-16 23:49:43,ACTIVE,-1408.93
MCH8283,Nagar Group,4814.0,TELECOM,PARTNERSHIP,Kolkata,West Bengal,2026-02-08 06:11:47,ACTIVE,1032.5
MCH8286,"Chadha, Chaudhari and Edwin",5912.0,PHARMACY,PRIVATE_LIMITED,Hyderabad,Telangana,2023-08-09 00:00:00,ACTIVE,1828.46
MCH8288,Kakar-Sood,5311.0,DEPARTMENT STORE,PRIVATE_LIMITED,Blr,Karnataka,2024-05-04 00:00:00,ACTIVE,1556.66
MCH8289,"Ch0udhury, Chakrabarti and Kha1sa",4131.0,TRANSPORT & TRAVEL,SOLE_PROPRIETOR,Lucknow,Uttar Pradesh,2023-06-10 00:00:00,ACTIVE,954.52
MCH8291,walia inc,7011.0,HOTEL & LODGING,PRIVATE_LIMITED,Ludhiana,Punjab,2023-04-01 19:11:00,ACTIVE,1898.37
MCH8295,MAMMEN LLC,5999.0,OTHER,PRIVATE_LIMITED,Chennai,Tamil Nadu,2024-11-04 00:00:00,ACTIVE,1554.58
MCH8296,GARA INC,5411.0,GROCERY,PARTNERSHIP,Jalandhar,Punjab,2025-07-16 16:55:50,ACTIVE,
MCH8297,Ghose PLC,4131.0,TRANSPORT & TRAVEL,PARTNERSHIP,Kolkata,West Bengal,2024-12-02 00:00:00,ACTIVE,1408.64
MCH8299,Garde PLC,5812.0,FOOD & DINING,PARTNERSHIP,Jaipur,Rajasthan,2023-01-06 00:00:00,ACTIVE,1496.13
MCH8306,Magar-Gaba,4131.0,TRANSPORT & TRAVEL,PRIVATE_LIMITED,Delhi,Delhi,2025-11-22 00:00:00,INACTIVE,840.15
MCH8308,Thakkar PLC,,HOTEL & LODGING,SOLE_PROPRIETOR,Mumbai,Maharashtra,2023-06-06 21:51:00,ACTIVE,1612.0
MCH8310,Chakraborty Ltd,4131.0,TRANSPORT & TRAVEL,INDIVIDUAL,New Delhi,Delhi,2026-01-02 00:00:00,ACTIVE,1287.03
MCH8312,"Ramanathan, Andra and Sarma",5912.0,PHARMACY,PARTNERSHIP,Lucknow,Uttar Pradesh,2023-02-20 00:00:00,ACTIVE,-1966.71
MCH8314,Chawla-Mander,4131.0,TRANSPORT & TRAVEL,PARTNERSHIP,Kolkata,West Bengal,2024-09-07 00:00:00,ACTIVE,93.33
MCH8316,  Bakshi-Rout  ,5311.0,DEPARTMENT STORE,PRIVATE_LIMITED,Dilli,Delhi,2024-11-10 02:40:36,ACTIVE,618.0
MCH8324,Golla-Chaudhuri,7011.0,HOTEL & LODGING,PRIVATE_LIMITED,Jalandhar,Punjab,2025-04-06 00:00:00,ACTIVE,
MCH8325,"Kaul, Bumb and Bal",5411.0,GROCERY,SOLE_PROPRIETOR,Asr,Punjab,2025-03-19 00:00:00,INACTIVE,183.98
MCH8326,"Bassi, Lalla and Sastry",5411.0,GROCERY,INDIVIDUAL,Amritsar,Punjab,2025-12-30 00:00:00,ACTIVE,1031.0
MCH8327,Men0n Ltd,,OTHER,INDIVIDUAL,Bengaluru,Karnataka,2023-06-18 18:05:34,INACTIVE,1670.04
MCH8328,Raman-Dass,,GROCERY,PARTNERSHIP,Jalandhar,Punjab,2024-09-29 00:00:00,ACTIVE,2484.83
MCH8329,"Halder, Panchal and Pandit",,RETAIL OTHER,INDIVIDUAL,Lucknow,Uttar Pradesh,2025-10-07 00:00:00,ACTIVE,422.0
MCH8330,trivedi-shan,,FOOD & DINING,PARTNERSHIP,Hyderabad,Telangana,2024-05-11 18:16:00,ACTIVE,4115.86
MCH8331,Yogi Inc,5999.0,RETAIL OTHER,SOLE_PROPRIETOR,Blr,Karnataka,2025-05-07 00:00:00,INACTIVE,1372.86
MCH8332,"Sethi, Buch and Sachdeva",7011.0,HOTEL & LODGING,INDIVIDUAL,Hyderabad,Telangana,2025-05-04 00:00:00,ACTIVE,1666.61
MCH8334,"Rai,BandiandJayaraman",,TRANSPORT & TRAVEL,PARTNERSHIP,Kolkata,West Bengal,2024-08-17 14:07:20,ACTIVE,3117.64
MCH8335,Bhatti-Keer,,RETAIL,SOLE_PROPRIETOR,Hyderabad,Telangana,2024-06-03 00:00:00,INACTIVE,1335.83
MCH8337,padmanabhan-nanda,5999.0,MISC RETAIL,INDIVIDUAL,Blr,Karnataka,2024-08-20 08:14:01,ACTIVE,694.67
MCH8338,Basu Ltd,5812.0,FOOD & DINING,PRIVATE_LIMITED,Pune,Maharashtra,2025-06-21 00:00:00,ACTIVE,279.5
MCH8341,TARA-BEN,5311.0,RETAIL,INDIVIDUAL,Kolkata,West Bengal,2023-06-26 00:00:00,ACTIVE,1137.47
MCH8344,  Purohit-Ravi  ,5311.0,DEPARTMENT STORE,PRIVATE_LIMITED,Pune,Maharashtra,2023-09-04 21:29:50,ACTIVE,337.58
MCH8345,"Srinivas, Bali and Bhatt",7011.0,HOTEL & LODGING,SOLE_PROPRIETOR,Jalandhar,Punjab,2023-02-08 02:01:40,INACTIVE,1909.16
MCH8346,Sane-Ben,599.0,MISC RETAIL,PRIVATE_LIMITED,Kolkata,West Bengal,2024-04-03 00:00:00,ACTIVE,2955.96
MCH8352,Tailor and Sons,7011.0,HOTEL & LODGING,SOLE_PROPRIETOR,Lucknow,Uttar Pradesh,2024-06-11 00:00:00,ACTIVE,1393.59
MCH8355,Chacko-D’Alia,5311.0,DEPARTMENT STORES,PRIVATE_LIMITED,Bangalore,Karnataka,2024-08-14 00:00:00,INACTIVE,413.17
MCH8358,Sarna-Singh,5699.0,APPAREL,SOLE_PROPRIETOR,Asr,Punjab,2025-12-16 19:12:00,SUSPENDED,1645.07
MCH8363,Salvi Group,7011.0,HOTEL & LODGING,SOLE_PROPRIETOR,Lucknow,Uttar Pradesh,2024-11-20 00:00:00,ACTIVE,833.32
MCH8364,KataPLC,5912.0,PHARMACY,INDIVIDUAL,Mumbai,Maharashtra,2023-11-21 12:44:00,ACTIVE,753.31
MCH8365,Som-Dhar,5999.0,MISC RETAIL,INDIVIDUAL,Pune,Maharashtra,2025-08-30 00:00:00,ACTIVE,269.48
MCH8369,Samra-Radhakrishnan,5699.0,APPAREL,SOLE_PROPRIETOR,Bengaluru,Karnataka,2024-03-18 13:50:00,ACTIVE,2175.82
MCH8370,Tandon-Khosla,4131.0,TRANSPORT & TRAVEL,PARTNERSHIP,Hyderabad,Telangana,2024-09-15 22:48:07,ACTIVE,574.0
MCH8372,BanerjeeLtd,5912.0,PHARMACY,INDIVIDUAL,Hyderabad,Telangana,2023-10-26 00:00:00,ACTIVE,4531.0
MCH8374,"KOHLI, CHAKRABORTY AND WALI",5942.0,BOOKS & STATIONERY,SOLE_PROPRIETOR,Lucknow,Uttar Pradesh,2025-02-16 16:31:03,ACTIVE,838.62
MCH8377,"garde, varty and vyas",4131.0,TRANSPORT & TRAVEL,INDIVIDUAL,Mumbai,Maharashtra,2025-08-01 20:50:41,ACTIVE,1200.23
MCH8379,  Deep Group  ,5942.0,BOOKS & STATIONERY,PRIVATE_LIMITED,Kolkata,West Bengal,2026-01-29 00:00:00,SUSPENDED,469.0
MCH8380,Gola-Bal,4814.0,TELECOM,INDIVIDUAL,Hyderabad,Telangana,2025-10-14 05:29:06,ACTIVE,-3345.73
MCH8384,"  Tella, Batra and Baral  ",5311.0,DEPARTMENT STORES,INDIVIDUAL,Jalandhar,Punjab,2023-08-04 00:00:00,ACTIVE,
MCH8385,Thaker-Hegde,5812.0,EATING PLACE,PARTNERSHIP,Amritsar,Punjab,2024-05-14 00:00:00,ACTIVE,2913.48
MCH8389,Thaman Group,,FOOD & DINING,INDIVIDUAL,Mumbai,Maharashtra,2024-02-17 16:36:00,INACTIVE,1716.78
MCH8390,"Thakkar, Babu and Nagi",4131.0,TRANSPORT & TRAVEL,PRIVATE_LIMITED,Hyderabad,Telangana,2024-03-25 00:00:00,ACTIVE,2159.57
MCH8391,Talwar-Bhasin,,APPAREL,INDIVIDUAL,Ludhiana,Punjab,2025-10-21 00:00:00,ACTIVE,2052.0
MCH8393,Salvi LLC,7011.0,HOTEL & LODGING,PARTNERSHIP,Jalandhar,Punjab,2024-10-18 00:00:00,ACTIVE,1230.0
MCH8399,"La11a, Wadhwa and Bhardwaj",,FOOD & DINING,PRIVATE_LIMITED,Kolkata,West Bengal,2025-09-05 20:30:25,ACTIVE,1773.81
MCH8400,Banerjee Inc,5812.0,FOOD & DINING,SOLE_PROPRIETOR,Lucknow,Uttar Pradesh,,ACTIVE,
MCH8401,  Pandey PLC  ,,HOTEL & LODGING,PARTNERSHIP,Chennai,Tamil Nadu,2025-09-09 00:00:00,INACTIVE,625.0
MCH8405,Roy Ltd,,APPAREL,PRIVATE_LIMITED,Kolkata,West Bengal,2023-02-13 22:05:26,INACTIVE,1147.53
MCH8407,Dey Group,4131.0,TRANSPORT & TRAVEL,INDIVIDUAL,Lucknow,Uttar Pradesh,2024-07-10 00:00:00,ACTIVE,2726.27
MCH8409,"Dua, Naidu and Agate",4131.0,TRANSPORT & TRAVEL,INDIVIDUAL,Mumbay,Maharashtra,2024-09-05 14:57:07,ACTIVE,1474.83
MCH8410,Kade LLC,5411.0,GROCERY STORES,PARTNERSHIP,Lucknow,Uttar Pradesh,2024-11-08 00:00:00,ACTIVE,893.08
MCH8411,Chopra Group,,EATING PLACE,PRIVATE_LIMITED,Jalandhar,Punjab,2023-01-01 00:00:00,INACTIVE,1067.4
MCH8412,Sachdeva-Mutti,5311.0,DEPARTMENT STORE,PRIVATE_LIMITED,Bengaluru,Karnataka,2023-03-01 00:00:00,ACTIVE,2327.41
MCH8413,"Mammen,ParmerandChandra",4814.0,TELECOM,SOLE_PROPRIETOR,Bangalore,Karnataka,2024-03-19 00:00:00,ACTIVE,-393.94
MCH8416,"Bal, Kant and Gola",5411.0,GROCERY,PRIVATE_LIMITED,Chennai,Tamil Nadu,2025-03-31 00:00:00,ACTIVE,5069.39
MCH8417,Bhalla-Batta,5311.0,DEPARTMENT STORE,PARTNERSHIP,Bengaluru,Karnataka,2025-07-07 16:05:00,ACTIVE,544.37
MCH8418,Jaggi Inc,701.0,HOTEL & LODGING,INDIVIDUAL,Pune,Maharashtra,2023-01-12 00:00:00,INACTIVE,-1654.02
MCH8419,Nigam Inc,4814.0,TELECOM,SOLE_PROPRIETOR,Asr,Punjab,2025-10-01 08:52:00,ACTIVE,462.51
MCH8421,"KANNAN, NATH AND KALA",4131.0,TRANSPORT & TRAVEL,PRIVATE_LIMITED,Asr,Punjab,2024-01-31 00:00:00,SUSPENDED,612.51
MCH8422,Kakar-Bera,5699.0,APPAREL,SOLE_PROPRIETOR,Amritsar,Punjab,2025-10-03 00:00:00,ACTIVE,661.76
MCH8423,Balasubramanian and Sons,541.0,GROCERY,PRIVATE_LIMITED,Mumbai,Maharashtra,2025-01-26 00:00:00,ACTIVE,1838.16
MCH8425,"Bhatnagar,ComarandHans",7011.0,HOTEL & LODGING,INDIVIDUAL,Jalandhar,Punjab,2025-12-06 00:00:00,ACTIVE,637.53
MCH8427,Lad-Vora,5942.0,BOOKS & STATIONERY,PRIVATE_LIMITED,Jalandhar,Punjab,2025-03-30 00:00:00,SUSPENDED,815.94
MCH8428,"  Keer, Batra and Kapadia  ",7011.0,HOTEL & LODGING,PARTNERSHIP,Jalandhar,Punjab,2024-08-19 14:22:51,ACTIVE,2475.47
MCH8431,Bala Group,4131.0,TRANSPORT & TRAVEL,INDIVIDUAL,Ludhiana,Punjab,2025-05-02 00:00:00,ACTIVE,964.23
MCH8432,Lad Inc,5942.0,BOOK STORE,PRIVATE_LIMITED,Dilli,Delhi,2024-10-07 00:00:00,ACTIVE,394.7
MCH8433,"Gill, Taneja and Bhardwaj",541.0,GROCERY,INDIVIDUAL,Lucknow,Uttar Pradesh,2023-05-12 00:00:00,SUSPENDED,5465.01
MCH8435,Bajwa-Sandhu,5699.0,APPAREL,INDIVIDUAL,Jaipur,Rajasthan,2024-08-11 00:00:00,ACTIVE,-5825.04
MCH8436,"  Seshadri, Minhas and Subramanian  ",4814.0,TELECOM,INDIVIDUAL,Delhi,Delhi,2025-12-21 00:00:00,ACTIVE,1427.93
MCH8437,  Sinha LLC  ,7011.0,HOTEL & LODGING,SOLE_PROPRIETOR,Kolkata,West Bengal,2025-12-04 08:30:12,INACTIVE,761.27
MCH8439,Bala and Sons,5912.0,PHARMACY,INDIVIDUAL,Jalandhar,Punjab,2024-09-14 00:00:00,ACTIVE,1591.75
MCH8440,"Chacko, Natarajan and Menon",5999.0,OTHER,INDIVIDUAL,Mumbai,Maharashtra,2025-01-19 00:00:00,ACTIVE,775.41
MCH8445,CHAND INC,5999.0,OTHER,PARTNERSHIP,Jpr,Rajasthan,2025-12-27 10:31:00,ACTIVE,2873.41
MCH8446,Kuruvi11a Gr0up,5999.0,OTHER,SOLE_PROPRIETOR,Chennai,Tamil Nadu,2025-07-07 00:00:00,ACTIVE,979.24
MCH8448,"Roy, Parekh and Ratti",7011.0,HOTEL & LODGING,PRIVATE_LIMITED,Jaipur,Rajasthan,2024-07-25 22:15:50,ACTIVE,364.74
MCH8449,Mani-Ramachandran,5912.0,PHARMACY,PARTNERSHIP,Delhi,Delhi,2024-12-27 07:20:47,ACTIVE,461.73
MCH8450,Singhal LLC,,OTHER,PRIVATE_LIMITED,Jpr,Rajasthan,2023-07-18 00:00:00,ACTIVE,2472.47
MCH8451,"KALA, PRADHAN AND HAYRE",5812.0,FOOD & DINING,PARTNERSHIP,Hyderabad,Telangana,2024-06-14 00:00:00,ACTIVE,1874.56
MCH8453,"Jaggi, Saxena and Ratta",5411.0,GROCERY,PARTNERSHIP,Amritsar,Punjab,2023-11-19 00:00:00,ACTIVE,599.17
MCH8455,Chauhan-Raju,5311.0,DEPARTMENT STORE,PRIVATE_LIMITED,Pune,Maharashtra,2023-03-29 00:00:00,ACTIVE,1832.78
MCH8456,Srinivasan and Sons,5411.0,GROCERY,INDIVIDUAL,Jalandhar,Punjab,2023-04-03 13:45:00,ACTIVE,3454.0
MCH8460,Luthra PLC,,DEPARTMENT STORE,PRIVATE_LIMITED,Jpr,Rajasthan,2023-03-10 19:52:37,ACTIVE,2927.81
MCH8464,"Kapadia, Sarin and Bhargava",5411.0,GROCERY,SOLE_PROPRIETOR,Ludhiana,Punjab,2024-07-19 17:44:00,ACTIVE,1536.1
MCH8466,dani plc,5999.0,RETAIL OTHER,SOLE_PROPRIETOR,Lucknow,Uttar Pradesh,2024-11-20 00:00:00,ACTIVE,1946.42
MCH8467,  Gara-Sarkar  ,5912.0,PHARMACY,INDIVIDUAL,Pune,Maharashtra,2025-03-12 17:00:00,ACTIVE,826.0
MCH8470,Munshi-Reddy,,TRANSPORT & TRAVEL,SOLE_PROPRIETOR,Pune,Maharashtra,2025-12-29 00:00:00,ACTIVE,1203.0
MCH8472,Guha-Sandhu,4814.0,TELECOM,PARTNERSHIP,Amritsar,Punjab,,ACTIVE,1828.57
MCH8473,"Tella, Dara and Krish",4814.0,TELECOM,PRIVATE_LIMITED,Mumbai,Maharashtra,2025-06-21 06:51:14,ACTIVE,320.84
MCH8475,"Karpe, Iyer and Gole",5942.0,BOOKS & STATIONERY,PRIVATE_LIMITED,Bengaluru,Karnataka,2025-04-20 00:00:00,ACTIVE,2426.04
MCH8480,Doshi-Sarin,4131.0,TRANSPORT & TRAVEL,INDIVIDUAL,Pune,Maharashtra,2023-07-02 00:00:00,ACTIVE,-1310.85
MCH8481,"Dixit,GeraandGara",4131.0,TRANSPORT & TRAVEL,SOLE_PROPRIETOR,Jpr,Rajasthan,,ACTIVE,1730.88
MCH8484,"Grover, Swamy and Johal",5912.0,PHARMACY,PRIVATE_LIMITED,Kolkata,West Bengal,2023-08-17 22:00:16,SUSPENDED,1273.08
MCH8489,Mand and Sons,7011.0,HOTEL & LODGING,INDIVIDUAL,Pune,Maharashtra,2025-08-24 00:00:00,ACTIVE,2744.11
MCH8490,SEKHON-CHADHA,569.0,APPAREL,SOLE_PROPRIETOR,Dilli,Delhi,2024-06-28 00:00:00,INACTIVE,-694.05
MCH8492,Narayan Gr0up,4814.0,TELECOM,INDIVIDUAL,Kolkata,West Bengal,,INACTIVE,
MCH8493,BUCH INC,5912.0,PHARMACY,INDIVIDUAL,Chennai,Tamil Nadu,2025-01-17 02:45:11,ACTIVE,2394.24
MCH8496,Sandhu PLC,5942.0,BOOK STORE,PARTNERSHIP,Hyderabad,Telangana,2025-10-01 19:16:00,INACTIVE,
MCH8497,"Pandey, Dutta and Thakkar",5812.0,EATING PLACE,PRIVATE_LIMITED,New Delhi,Delhi,2025-09-18 03:34:00,ACTIVE,802.0
MCH8501,Koshy-Mukherjee,7011.0,HOTEL & LODGING,PARTNERSHIP,Hyderabad,Telangana,2023-08-21 00:00:00,ACTIVE,3180.8
MCH8504,Kohli PLC,5411.0,GROCERY,SOLE_PROPRIETOR,Chennai,Tamil Nadu,2025-05-05 19:30:15,ACTIVE,977.26
MCH8505,Kamdar-Ghosh,5942.0,BOOK STORE,PRIVATE_LIMITED,Jaipur,Rajasthan,2023-08-02 00:00:00,ACTIVE,517.98
MCH8506,"HANDA, SAHNI AND SAWHNEY",4814.0,TELECOM,PARTNERSHIP,Hyderabad,Telangana,2026-01-12 00:00:00,ACTIVE,339.0
MCH8508,"Iyengar,GillandTella",5999.0,OTHER,PRIVATE_LIMITED,Chennai,Tamil Nadu,2023-12-12 06:59:00,ACTIVE,1985.47
MCH8509,merchant-kalita,5411.0,GROCERY,PRIVATE_LIMITED,Hyderabad,Telangana,2025-02-11 00:00:00,ACTIVE,329.11
MCH8511,Bhattacharyya LLC,4131.0,TRANSPORT & TRAVEL,SOLE_PROPRIETOR,Kolkata,West Bengal,2025-09-13 17:14:01,ACTIVE,1377.4
MCH8512,Luthra-Bhasin,4131.0,TRANSPORT & TRAVEL,SOLE_PROPRIETOR,Lucknow,Uttar Pradesh,2025-07-22 00:00:00,ACTIVE,2579.73
MCH8517,"Bandi, Bir and Buch",5912.0,PHARMACY,INDIVIDUAL,Dilli,Delhi,2025-05-12 00:00:00,ACTIVE,2544.34
MCH8518,Srivastava-Parsa,5699.0,APPAREL,INDIVIDUAL,Jaipur,Rajasthan,2024-09-11 00:00:00,ACTIVE,191.84
MCH8521,"Sankaran, Mangat and Gaba",5311.0,DEPARTMENT STORES,SOLE_PROPRIETOR,Dilli,Delhi,2024-11-24 00:00:00,ACTIVE,1028.11
MCH8525,Bah1-Mangat,7011.0,HOTEL & LODGING,INDIVIDUAL,Mumbai,Maharashtra,2025-03-27 07:27:27,INACTIVE,444.54
MCH8527,  Tella-Mani  ,5912.0,PHARMACY,PARTNERSHIP,Ludhiana,Punjab,2025-09-11 00:00:00,ACTIVE,
MCH8529,Pradhan PLC,5942.0,BOOKS & STATIONERY,SOLE_PROPRIETOR,Dilli,Delhi,2025-07-13 03:13:00,ACTIVE,476.91
MCH8530,Chopra-Khanna,5311.0,DEPARTMENT STORES,PARTNERSHIP,Hyderabad,Telangana,,ACTIVE,442.28
MCH8536,Boase PLC,,TELECOM,PARTNERSHIP,Mumbai,Maharashtra,2024-10-23 00:00:00,ACTIVE,3149.45
MCH8537,Sunder LLC,4131.0,TRANSPORT & TRAVEL,PRIVATE_LIMITED,Chennai,Tamil Nadu,2025-09-16 00:00:00,ACTIVE,1072.34
MCH8539,Arya-Char,5699.0,APPAREL,SOLE_PROPRIETOR,Chennai,Tamil Nadu,2025-10-07 09:25:50,ACTIVE,3012.9
MCH8540,Tiwari Ltd,5999.0,OTHER,SOLE_PROPRIETOR,Jaipur,Rajasthan,2024-06-27 07:54:00,ACTIVE,
MCH8545,Taneja and Sons,5411.0,GROCERY,PRIVATE_LIMITED,Jaipur,Rajasthan,2025-07-06 00:00:00,ACTIVE,1926.0
MCH8546,jani plc,5311.0,DEPARTMENT STORE,PARTNERSHIP,Kolkata,West Bengal,2024-09-21 00:00:00,ACTIVE,1691.74
MCH8548,Karpe Ltd,5812.0,FOOD & DINING,PARTNERSHIP,New Delhi,Delhi,,ACTIVE,699.0
MCH8549,"Amb1e, Sangha and C0mar",4814.0,TELECOM,INDIVIDUAL,Ludhiana,Punjab,2026-01-12 00:00:00,ACTIVE,1130.69
MCH8550,Nayar Ltd,,TELECOM,PARTNERSHIP,Jalandhar,Punjab,2024-01-09 17:54:25,ACTIVE,1649.78
MCH8551,  Sule-Ganesh  ,5699.0,CLOTHING,INDIVIDUAL,Kolkata,West Bengal,2023-03-15 04:50:00,ACTIVE,1452.12
MCH8552,"Manne, Manda and Toor",4131.0,TRANSPORT & TRAVEL,SOLE_PROPRIETOR,Pune,Maharashtra,2023-08-19 00:00:00,ACTIVE,
MCH8553,Kumar and Sons,5411.0,GROCERY STORES,PARTNERSHIP,Jalandhar,Punjab,2025-11-15 00:00:00,ACTIVE,1412.27
MCH8554,MANGAT PLC,5999.0,OTHER,SOLE_PROPRIETOR,Mumbai,Maharashtra,2023-04-03 00:00:00,INACTIVE,
MCH8555,Gopal LLC,5942.0,BOOK STORE,PRIVATE_LIMITED,Chennai,Tamil Nadu,2025-06-13 00:00:00,ACTIVE,
MCH8556,"Rout, Dhillon and Sinha",5942.0,BOOK STORE,SOLE_PROPRIETOR,Jaipur,Rajasthan,2023-04-05 17:49:00,ACTIVE,
MCH8558,Dutt-Tailor,5311.0,RETAIL,SOLE_PROPRIETOR,Amritsar,Punjab,2024-12-29 00:00:00,ACTIVE,857.14
MCH8559,"Gokhale, Dugal and Pradhan",5812.0,EATING PLACE,PRIVATE_LIMITED,Pune,Maharashtra,2023-09-07 00:00:00,SUSPENDED,2171.47
MCH8561,"Swaminathan, Sa1vi and Kant",569.0,CLOTHING,PRIVATE_LIMITED,Mumbai,Maharashtra,2025-04-19 00:00:00,ACTIVE,4447.81
MCH8562,Radhakrishnan-Apte,581.0,FOOD & DINING,PRIVATE_LIMITED,Chennai,Tamil Nadu,2023-04-12 06:47:00,ACTIVE,1647.0
MCH8563,"Sen, Saxena and Chopra",5411.0,GROCERY,SOLE_PROPRIETOR,Pune,Maharashtra,2025-12-18 00:00:00,ACTIVE,1384.68
MCH8565,"MAMMEN, MODI AND SANKAR",5812.0,FOOD & DINING,SOLE_PROPRIETOR,Jpr,Rajasthan,2024-07-27 21:42:00,ACTIVE,609.89
MCH8566,Magar-Kota,4131.0,TRANSPORT & TRAVEL,PARTNERSHIP,Asr,Punjab,2026-03-01 12:47:00,ACTIVE,1353.18
MCH8568,Krishna-Agrawal,4814.0,TELECOM,PARTNERSHIP,Kolkata,West Bengal,2024-10-25 03:43:00,INACTIVE,412.1
MCH8569,Tara Ltd,5812.0,FOOD & DINING,INDIVIDUAL,Lucknow,Uttar Pradesh,2025-11-18 04:42:59,ACTIVE,1022.19
MCH8570,  Reddy Ltd  ,5942.0,BOOKS & STATIONERY,PARTNERSHIP,Hyderabad,Telangana,2023-03-28 00:00:00,ACTIVE,528.1
MCH8571,"Garde, Toor and Malhotra",481.0,TELECOM,PARTNERSHIP,Amritsar,Punjab,2023-05-31 00:00:00,ACTIVE,266.55
MCH8572,"Sheth,SethandKulkarni",4814.0,TELECOM,INDIVIDUAL,Jaipur,Rajasthan,2026-01-15 00:00:00,ACTIVE,4326.0
MCH8574,vohra group,5912.0,PHARMACY,INDIVIDUAL,Jaipur,Rajasthan,2026-02-04 00:00:00,INACTIVE,-746.57
MCH8575,"Doctor, Merchant and Bhatti",4814.0,TELECOM,PARTNERSHIP,Kolkata,West Bengal,2024-04-18 00:00:00,ACTIVE,2693.45
MCH8578,Bhatt LLC,4131.0,TRANSPORT & TRAVEL,SOLE_PROPRIETOR,Pune,Maharashtra,2023-08-26 23:42:00,INACTIVE,2462.04
MCH8579,OM LLC,5311.0,DEPARTMENT STORES,SOLE_PROPRIETOR,Blr,Karnataka,2024-05-10 00:00:00,ACTIVE,3034.67
MCH8581,"Sundaram, Sekhon and Andra",7011.0,HOTEL & LODGING,PARTNERSHIP,Jalandhar,Punjab,2024-11-14 00:00:00,ACTIVE,953.97
MCH8588,"Kala, Kant and Gola",,TRANSPORT & TRAVEL,INDIVIDUAL,Chennai,Tamil Nadu,2025-11-24 00:00:00,ACTIVE,
MCH8591,Dutta and Sons,5999.0,MISC RETAIL,INDIVIDUAL,Kolkata,West Bengal,2025-02-02 00:00:00,ACTIVE,2731.17
MCH8592,Venkatesh-Brahmbhatt,5942.0,BOOKS & STATIONERY,PRIVATE_LIMITED,Bengaluru,Karnataka,2023-11-29 06:07:36,ACTIVE,2914.59
MCH8597,Hayre-Badami,5812.0,FOOD & DINING,PRIVATE_LIMITED,Amritsar,Punjab,2023-05-26 00:00:00,ACTIVE,1847.81
MCH8598,"Raghavan, Nadig and Karpe",581.0,FOOD & DINING,SOLE_PROPRIETOR,Pune,Maharashtra,2024-06-16 14:32:56,ACTIVE,1385.16
MCH8600,"KALITA, BAINS AND GANDHI",581.0,FOOD & DINING,SOLE_PROPRIETOR,Delhi,Delhi,2024-07-06 00:00:00,ACTIVE,855.0
MCH8601,CHAHAL-PAREKH,5812.0,FOOD & DINING,PRIVATE_LIMITED,Asr,Punjab,2025-02-20 00:00:00,ACTIVE,-600.58
MCH8602,Raghavan-Ah1uwa1ia,5411.0,GROCERY,INDIVIDUAL,Chennai,Tamil Nadu,2023-01-19 00:00:00,ACTIVE,-292.78
MCH8603,mane ltd,5812.0,FOOD & DINING,SOLE_PROPRIETOR,Ludhiana,Punjab,2023-04-01 16:26:07,ACTIVE,258.46
MCH8606,Prabhakar Ltd,5942.0,BOOK STORE,PARTNERSHIP,Mumbay,Maharashtra,2024-11-25 22:32:00,ACTIVE,602.72
MCH8607,Sachdeva-Dutta,4814.0,TELECOM,PARTNERSHIP,Jalandhar,Punjab,2026-02-16 21:14:26,ACTIVE,699.07
MCH8610,Pandey and Sons,5999.0,RETAIL OTHER,SOLE_PROPRIETOR,Bengaluru,Karnataka,,ACTIVE,1014.0
MCH8612,KURIAN-GODA,5812.0,EATING PLACE,SOLE_PROPRIETOR,Mumbai,Maharashtra,2023-07-18 06:11:37,ACTIVE,1133.93
MCH8613,Comar-Tata,5812.0,FOOD & DINING,INDIVIDUAL,Lucknow,Uttar Pradesh,2023-09-05 12:31:28,SUSPENDED,2485.09
MCH8614,Basu-Gola,4131.0,TRANSPORT & TRAVEL,PARTNERSHIP,Pune,Maharashtra,2026-08-01 00:00:00,ACTIVE,1454.86
MCH8615,devi-narasimhan,5942.0,BOOK STORE,SOLE_PROPRIETOR,Kolkata,West Bengal,2024-11-18 00:00:00,ACTIVE,722.58
MCH8616,RATTI-JHA,569.0,APPAREL,SOLE_PROPRIETOR,Pune,Maharashtra,2025-05-30 00:00:00,ACTIVE,
MCH8619,Salvi-Nazareth,5411.0,GROCERY,SOLE_PROPRIETOR,New Delhi,Delhi,2024-07-25 00:00:00,ACTIVE,860.21
MCH8622,choudhry-krishna,7011.0,HOTEL & LODGING,PARTNERSHIP,Pune,Maharashtra,2025-03-18 00:00:00,ACTIVE,196.86
MCH8624,Kannan-Mital,5912.0,PHARMACY,SOLE_PROPRIETOR,Pune,Maharashtra,2023-05-20 00:00:00,ACTIVE,1202.33
MCH8628,"char, sastry and sane",4131.0,TRANSPORT & TRAVEL,INDIVIDUAL,Pune,Maharashtra,2023-08-18 01:53:50,ACTIVE,1108.74
MCH8631,Chaudhari-Chhabra,5699.0,CLOTHING,SOLE_PROPRIETOR,Lucknow,Uttar Pradesh,2024-02-17 00:00:00,ACTIVE,1011.95
MCH8632,"Koshy, Suri and Dey",5812.0,FOOD & DINING,INDIVIDUAL,Delhi,Delhi,2025-11-14 10:58:44,ACTIVE,3705.21
MCH8633,  Pillai-Lata  ,5912.0,PHARMACY,INDIVIDUAL,Amritsar,Punjab,2025-04-02 00:00:00,ACTIVE,1325.55
MCH8634,Palla-Brar,5912.0,PHARMACY,PARTNERSHIP,Jalandhar,Punjab,2023-06-13 00:00:00,ACTIVE,843.2
MCH8636,GHOSH-DASH,594.0,BOOKS & STATIONERY,PARTNERSHIP,Asr,Punjab,2023-09-06 09:12:03,ACTIVE,3699.41
MCH8638,ramanathan-apte,594.0,BOOK STORE,PARTNERSHIP,Chennai,Tamil Nadu,2025-04-16 00:00:00,ACTIVE,985.8
MCH8639,Samra-Behl,7011.0,HOTEL & LODGING,PRIVATE_LIMITED,Bengaluru,Karnataka,2024-06-30 11:58:00,INACTIVE,2557.45
MCH8640,"vasa, nanda and bhat",5311.0,DEPARTMENT STORE,SOLE_PROPRIETOR,Pune,Maharashtra,2025-03-05 00:00:00,ACTIVE,347.11
MCH8641,Rai and Sons,4131.0,TRANSPORT & TRAVEL,INDIVIDUAL,Ludhiana,Punjab,2024-10-01 00:00:00,ACTIVE,
MCH8643,"Kota, Aurora and Dugal",5699.0,APPAREL,SOLE_PROPRIETOR,Delhi,Delhi,2024-04-15 14:41:15,ACTIVE,1011.23
MCH8644,M0re-L0ke,4131.0,TRANSPORT & TRAVEL,INDIVIDUAL,Ludhiana,Punjab,2025-07-20 00:00:00,ACTIVE,1294.91
MCH8645,"Desai, Agarwal and Handa",4814.0,TELECOM,INDIVIDUAL,Ludhiana,Punjab,2024-03-31 00:00:00,ACTIVE,1177.09
MCH8648,"KUMER, PRADHAN AND PAI",5912.0,PHARMACY,SOLE_PROPRIETOR,Jalandhar,Punjab,2023-12-17 00:00:00,ACTIVE,2147.87
MCH8650,Konda Ltd,5999.0,OTHER,SOLE_PROPRIETOR,Ludhiana,Punjab,2024-05-27 00:00:00,ACTIVE,578.35
MCH8654,Bhavsar-Subramanian,,GROCERY,INDIVIDUAL,Mumbai,Maharashtra,2025-12-15 00:00:00,ACTIVE,714.58
MCH8656,"Sarma, Krish and Ranganathan",5942.0,BOOKS & STATIONERY,SOLE_PROPRIETOR,Kolkata,West Bengal,2025-02-04 00:00:00,ACTIVE,
MCH8659,sha ltd,7011.0,HOTEL & LODGING,PARTNERSHIP,Mumbay,Maharashtra,2024-10-23 00:00:00,ACTIVE,
MCH8660,"Ben, Guha and Sabharwa1",5812.0,FOOD & DINING,SOLE_PROPRIETOR,Lucknow,Uttar Pradesh,2025-07-22 00:00:00,ACTIVE,
MCH8661,Kapoor and Sons,,TRANSPORT & TRAVEL,PARTNERSHIP,Mumbai,Maharashtra,,ACTIVE,1762.47
MCH8663,Khalsa Group,,BOOK STORE,PARTNERSHIP,Jalandhar,Punjab,2023-05-04 00:00:00,INACTIVE,338.0
MCH8672,"Ganguly, Sarin and Merchant",5311.0,RETAIL,INDIVIDUAL,Jalandhar,Punjab,2025-09-06 00:00:00,INACTIVE,1816.05
MCH8673,Goswami and Sons,581.0,FOOD & DINING,PRIVATE_LIMITED,New Delhi,Delhi,2026-02-25 00:00:00,ACTIVE,979.86
MCH8674,"Mani, Dutta and Issac",5812.0,FOOD & DINING,PRIVATE_LIMITED,Chennai,Tamil Nadu,2023-05-05 15:05:33,ACTIVE,
MCH8678,Dani-Talwar,701.0,HOTEL & LODGING,PARTNERSHIP,Lucknow,Uttar Pradesh,2024-07-07 00:00:00,INACTIVE,393.54
MCH8679,Dutt-Goel,481.0,TELECOM,PRIVATE_LIMITED,Kolkata,West Bengal,2024-08-14 00:00:00,ACTIVE,423.15
MCH8680,Bhatt-Toor,5311.0,DEPARTMENT STORE,PRIVATE_LIMITED,Jaipur,Rajasthan,2025-12-02 00:00:00,ACTIVE,1399.6
MCH8681,Suri Ltd,5699.0,CLOTHING,PARTNERSHIP,Jalandhar,Punjab,2025-07-19 03:33:54,ACTIVE,1034.26
MCH8692,Singhal-Mane,5999.0,MISC RETAIL,PARTNERSHIP,Jalandhar,Punjab,2025-07-24 00:00:00,ACTIVE,1884.81
MCH8693,  Mukhopadhyay-Rama  ,,GROCERY STORES,INDIVIDUAL,Lucknow,Uttar Pradesh,2024-10-07 22:23:22,ACTIVE,406.79
MCH8697,Karnik Ltd,599.0,OTHER,SOLE_PROPRIETOR,Hyderabad,Telangana,2023-01-19 11:39:00,ACTIVE,353.31
MCH8698,"Boase, Bal and Mand",5311.0,DEPARTMENT STORES,PRIVATE_LIMITED,Kolkata,West Bengal,2025-06-13 00:00:00,ACTIVE,3054.52
MCH8703,MODY GROUP,,OTHER,PARTNERSHIP,Hyderabad,Telangana,2023-04-09 03:36:19,SUSPENDED,2908.51
MCH8705,"Sahota, Kale and Patil",4131.0,TRANSPORT & TRAVEL,PRIVATE_LIMITED,Delhi,Delhi,2024-11-10 00:00:00,ACTIVE,1127.21
MCH8708,"Mukherjee, Sami and Purohit",5999.0,RETAIL OTHER,SOLE_PROPRIETOR,Hyderabad,Telangana,2026-01-28 00:00:00,SUSPENDED,2919.92
MCH8713,"Shere, Loke and Butala",4814.0,TELECOM,PRIVATE_LIMITED,Delhi,Delhi,,INACTIVE,-1029.16
MCH8714,GuptaGroup,5912.0,PHARMACY,SOLE_PROPRIETOR,Pune,Maharashtra,2023-08-10 00:00:00,INACTIVE,569.38
MCH8715,"Raju,LokeandVora",599.0,RETAIL OTHER,PARTNERSHIP,Hyderabad,Telangana,2025-09-14 00:00:00,ACTIVE,1332.26
MCH8716,"Naik, Chada and Divan",5999.0,OTHER,PRIVATE_LIMITED,Ludhiana,Punjab,2023-01-11 00:00:00,ACTIVE,225.43
MCH8718,  Chaudhari-Bhalla  ,5812.0,EATING PLACE,INDIVIDUAL,Pune,Maharashtra,2024-07-23 04:38:30,ACTIVE,
MCH8719,kala llc,5311.0,DEPARTMENT STORE,INDIVIDUAL,Kolkata,West Bengal,2025-10-25 00:00:00,ACTIVE,2779.32
MCH8721,Bera-Chhabra,4131.0,TRANSPORT & TRAVEL,SOLE_PROPRIETOR,Lucknow,Uttar Pradesh,2024-08-09 00:00:00,ACTIVE,2543.82
MCH8724,Sethi-Reddy,5411.0,GROCERY,PRIVATE_LIMITED,Hyderabad,Telangana,2025-04-09 00:00:00,INACTIVE,425.41
MCH8725,Gala Group,7011.0,HOTEL & LODGING,PRIVATE_LIMITED,Jpr,Rajasthan,2024-08-14 22:49:00,ACTIVE,7512.0
MCH8726,Rast0gi-Saini,5999.0,MISC RETAIL,PARTNERSHIP,Ludhiana,Punjab,,ACTIVE,4900.29
MCH8727,Vig-Mann,5999.0,RETAIL OTHER,PARTNERSHIP,Delhi,Delhi,,ACTIVE,157.65
MCH8729,"Chowdhury, Krishnamurthy and Parekh",5942.0,BOOKS & STATIONERY,PRIVATE_LIMITED,Kolkata,West Bengal,2024-02-07 00:00:00,ACTIVE,870.42
MCH8730,"Bhasin, Mall and Sarraf",5999.0,MISC RETAIL,PRIVATE_LIMITED,Jalandhar,Punjab,2025-02-13 00:00:00,ACTIVE,937.7
MCH8733,"Dhillon, Goel and Dar",4814.0,TELECOM,SOLE_PROPRIETOR,Kolkata,West Bengal,2024-03-27 19:48:14,ACTIVE,-2966.16
MCH8734,"Ganguly, Hayre and Choudhury",4814.0,TELECOM,SOLE_PROPRIETOR,Lucknow,Uttar Pradesh,2023-05-05 00:00:00,ACTIVE,4276.72
MCH8735,"Chhabra, Kunda and Sem",4814.0,TELECOM,PARTNERSHIP,Jalandhar,Punjab,2025-09-18 00:00:00,ACTIVE,1589.68
MCH8736,Dora-Sachar,5311.0,DEPARTMENT STORES,PRIVATE_LIMITED,Mumbai,Maharashtra,2024-10-11 13:06:21,ACTIVE,2228.33
MCH8741,Swaminathan-Kakar,4814.0,TELECOM,SOLE_PROPRIETOR,Kolkata,West Bengal,2024-08-17 15:49:00,ACTIVE,8897.16
MCH8744,Prashad LLC,5942.0,BOOK STORE,INDIVIDUAL,Jalandhar,Punjab,2025-03-31 16:57:30,ACTIVE,3282.54
MCH8746,  Kari Inc  ,5912.0,PHARMACY,PARTNERSHIP,Pune,Maharashtra,2024-11-10 07:16:00,ACTIVE,
MCH8749,"  Tara, Parmer and Walla  ",413.0,TRANSPORT & TRAVEL,PRIVATE_LIMITED,Kolkata,West Bengal,2025-06-19 00:00:00,INACTIVE,584.1
MCH8750,"Bawa, Chatterjee and Sathe",7011.0,HOTEL & LODGING,INDIVIDUAL,Ludhiana,Punjab,2025-11-30 21:13:53,ACTIVE,3120.06
MCH8753,"Bhandari, Trivedi and Bora",4131.0,TRANSPORT & TRAVEL,PARTNERSHIP,Hyderabad,Telangana,2024-12-27 13:54:54,INACTIVE,718.79
MCH8755,"Biswas, Divan and Sachdeva",7011.0,HOTEL & LODGING,PRIVATE_LIMITED,Chennai,Tamil Nadu,2025-07-25 09:26:00,SUSPENDED,2277.32
MCH8756,Warrior Inc,5699.0,APPAREL,PRIVATE_LIMITED,Jalandhar,Punjab,2023-10-04 00:00:00,ACTIVE,1476.03
MCH8761,chokshi llc,7011.0,HOTEL & LODGING,INDIVIDUAL,Hyderabad,Telangana,2025-01-12 06:08:00,ACTIVE,963.43
MCH8762,Dani-Saha,4131.0,TRANSPORT & TRAVEL,PARTNERSHIP,Kolkata,West Bengal,,ACTIVE,778.15
MCH8765,"Kamdar, Sehgal and Tata",5411.0,GROCERY,PARTNERSHIP,Delhi,Delhi,2025-01-06 00:00:00,ACTIVE,4863.17
MCH8766,Shanker Ltd,5912.0,PHARMACY,SOLE_PROPRIETOR,Chennai,Tamil Nadu,2025-07-02 00:00:00,ACTIVE,801.0
MCH8767,Golla Group,5699.0,APPAREL,SOLE_PROPRIETOR,Hyderabad,Telangana,2023-11-05 00:00:00,ACTIVE,397.99
MCH8768,"GARDE, MOHAN AND SRIDHAR",5311.0,DEPARTMENT STORE,INDIVIDUAL,Kolkata,West Bengal,2024-12-05 00:00:00,SUSPENDED,1569.36
MCH8769,Dara-Keer,5912.0,PHARMACY,PRIVATE_LIMITED,Jpr,Rajasthan,2024-12-29 11:46:00,ACTIVE,637.83
MCH8770,Mani-Mutti,5999.0,OTHER,SOLE_PROPRIETOR,New Delhi,Delhi,2023-04-07 00:00:00,ACTIVE,379.0
MCH8775,Bakshi-Shah,5699.0,APPAREL,PARTNERSHIP,New Delhi,Delhi,2025-07-09 07:17:12,ACTIVE,480.13
MCH8777,Kibe PLC,7011.0,HOTEL & LODGING,PARTNERSHIP,Mumbai,Maharashtra,2023-06-16 00:00:00,INACTIVE,1945.67
MCH8779,Tak-Wali,5812.0,FOOD & DINING,INDIVIDUAL,Bengaluru,Karnataka,2024-01-24 00:00:00,ACTIVE,206.0
MCH8781,Gade PLC,5912.0,PHARMACY,PRIVATE_LIMITED,Mumbay,Maharashtra,2023-02-27 16:50:53,ACTIVE,714.3
MCH8782,SWAMY-KHURANA,5699.0,APPAREL,SOLE_PROPRIETOR,Asr,Punjab,2025-04-29 00:00:00,ACTIVE,1314.55
MCH8784,"Iyengar, Savant and Sehgal",4131.0,TRANSPORT & TRAVEL,PRIVATE_LIMITED,Mumbai,Maharashtra,2024-01-12 00:00:00,ACTIVE,575.0
MCH8789,"Pingle,NadigandNarula",5812.0,FOOD & DINING,INDIVIDUAL,Ludhiana,Punjab,2025-02-07 00:00:00,ACTIVE,-1463.08
MCH8790,Thaman-Singh,5912.0,PHARMACY,INDIVIDUAL,Kolkata,West Bengal,2024-02-04 00:00:00,ACTIVE,
MCH8792,CHOPRA-NORI,5699.0,APPAREL,PRIVATE_LIMITED,Lucknow,Uttar Pradesh,2025-09-01 00:00:00,ACTIVE,-793.52
MCH8794,Mani-Zachariah,5411.0,GROCERY,PARTNERSHIP,Blr,Karnataka,2026-01-04 01:33:25,INACTIVE,6393.53
MCH8795,basak-bhavsar,5942.0,BOOKS & STATIONERY,SOLE_PROPRIETOR,Jaipur,Rajasthan,2024-03-15 00:00:00,INACTIVE,243.16
MCH8798,Ch0wdhury-Su1e,5311.0,DEPARTMENT STORE,INDIVIDUAL,Jalandhar,Punjab,2024-12-28 02:38:26,ACTIVE,207.92
MCH8799,"  Dada, Ramaswamy and Dugal  ",5942.0,BOOKS & STATIONERY,PRIVATE_LIMITED,Hyderabad,Telangana,2023-04-09 00:00:00,SUSPENDED,2080.34
MCH8801,BEDI INC,5912.0,PHARMACY,SOLE_PROPRIETOR,Lucknow,Uttar Pradesh,2024-08-11 00:00:00,ACTIVE,3479.49
MCH8805,bose inc,5699.0,APPAREL,INDIVIDUAL,Ludhiana,Punjab,2024-10-07 00:00:00,ACTIVE,6022.98
MCH8808,"  Kothari, Bansal and Gupta  ",,BOOKS & STATIONERY,INDIVIDUAL,Blr,Karnataka,2025-09-19 01:30:00,ACTIVE,380.0
MCH8809,Narasimhan-Sem,,TELECOM,INDIVIDUAL,Jalandhar,Punjab,2023-02-05 00:00:00,INACTIVE,2118.31
MCH8811,Bobal LLC,5999.0,OTHER,PARTNERSHIP,Hyderabad,Telangana,2023-12-18 00:00:00,ACTIVE,1645.76
MCH8813,Dey-Dua,5812.0,FOOD & DINING,PARTNERSHIP,Hyderabad,Telangana,2023-11-10 00:00:00,ACTIVE,1432.39
MCH8817,SawhneyLtd,7011.0,HOTEL & LODGING,INDIVIDUAL,Pune,Maharashtra,,INACTIVE,495.07
MCH8819,AcharyaInc,5912.0,PHARMACY,PRIVATE_LIMITED,Ludhiana,Punjab,2024-02-27 00:00:00,ACTIVE,2075.22
MCH8820,Mistry Group,5812.0,FOOD & DINING,PARTNERSHIP,Kolkata,West Bengal,2025-10-19 00:00:00,ACTIVE,1132.45
MCH8821,MUKHOPADHYAY-CHERIAN,5812.0,FOOD & DINING,SOLE_PROPRIETOR,Jalandhar,Punjab,2023-11-26 00:00:00,ACTIVE,703.03
MCH8823,SUBRAMANIAN INC,5699.0,CLOTHING,PARTNERSHIP,Mumbai,Maharashtra,2024-01-31 00:00:00,SUSPENDED,523.43
MCH8824,Mani PLC,5999.0,OTHER,INDIVIDUAL,Hyderabad,Telangana,2024-02-22 00:00:00,ACTIVE,1314.9
MCH8825,"mandal, chaudhari and savant",5699.0,APPAREL,INDIVIDUAL,Jalandhar,Punjab,2025-07-27 00:00:00,ACTIVE,1817.3
MCH8826,Mallick-Dasgupta,5311.0,DEPARTMENT STORE,PRIVATE_LIMITED,Jalandhar,Punjab,2023-02-09 07:13:10,ACTIVE,1719.24
MCH8828,RANGANATHAN AND SONS,4131.0,TRANSPORT & TRAVEL,INDIVIDUAL,Amritsar,Punjab,2026-01-02 04:46:18,ACTIVE,
MCH8832,"Korpal, Dugar and Grover",5411.0,GROCERY,INDIVIDUAL,Ludhiana,Punjab,2025-10-27 07:47:00,ACTIVE,2140.7
MCH8835,"Natarajan, Hegde and Varughese",5999.0,RETAIL OTHER,SOLE_PROPRIETOR,Mumbai,Maharashtra,2025-08-04 15:21:00,ACTIVE,523.96
MCH8837,Tata-Rajagopal,5411.0,GROCERY,PARTNERSHIP,Ludhiana,Punjab,2023-09-03 00:00:00,SUSPENDED,2586.19
MCH8838,"KALA, SIDHU AND KURUVILLA",5912.0,PHARMACY,PARTNERSHIP,Chennai,Tamil Nadu,2023-02-11 00:00:00,INACTIVE,593.62
MCH8840,Chatterjee and Sons,5311.0,RETAIL,INDIVIDUAL,Pune,Maharashtra,2024-09-26 02:57:00,ACTIVE,1208.62
MCH8842,"Bala, Pillai and Kala",599.0,OTHER,PARTNERSHIP,Amritsar,Punjab,2023-04-23 00:00:00,SUSPENDED,
MCH8844,"Lad, Walia and Raj",5912.0,PHARMACY,INDIVIDUAL,Ludhiana,Punjab,2025-11-26 00:00:00,ACTIVE,
MCH8845,Varkey-Jha,,OTHER,PARTNERSHIP,Kolkata,West Bengal,2024-01-03 05:26:00,ACTIVE,5630.04
MCH8850,"  Sachdev, Nayar and Arora  ",5411.0,GROCERY,PARTNERSHIP,Ludhiana,Punjab,2025-04-07 03:43:08,SUSPENDED,
MCH8851,"  Kanda, Kohli and Thaman  ",5812.0,FOOD & DINING,SOLE_PROPRIETOR,Jalandhar,Punjab,,SUSPENDED,5573.07
MCH8852,Bali-Hora,,PHARMACY,INDIVIDUAL,Dilli,Delhi,2024-07-09 00:00:00,ACTIVE,2821.74
MCH8854,Sabharwal-Mitter,,HOTEL & LODGING,SOLE_PROPRIETOR,Jaipur,Rajasthan,2023-12-01 17:23:56,ACTIVE,1003.79
MCH8855,"Rau, Dua and Nadkarni",5411.0,GROCERY,PRIVATE_LIMITED,Ludhiana,Punjab,2025-06-06 02:15:00,ACTIVE,2893.79
MCH8861,Prashad and Sons,5999.0,RETAIL OTHER,INDIVIDUAL,Chennai,Tamil Nadu,,ACTIVE,
MCH8863,Sastry PLC,4814.0,TELECOM,INDIVIDUAL,Pune,Maharashtra,2024-03-08 00:00:00,ACTIVE,
MCH8864,Lala-Ben,5912.0,PHARMACY,INDIVIDUAL,Ludhiana,Punjab,2025-12-28 05:23:00,ACTIVE,869.2
MCH8865,Wali-Yogi,5942.0,BOOK STORE,PARTNERSHIP,Pune,Maharashtra,,ACTIVE,1783.0
MCH8869,Tella-Roy,5912.0,PHARMACY,SOLE_PROPRIETOR,Ludhiana,Punjab,2025-05-17 00:00:00,ACTIVE,618.72
MCH8870,Solanki-Cherian,4131.0,TRANSPORT & TRAVEL,PARTNERSHIP,Kolkata,West Bengal,2025-07-04 00:00:00,ACTIVE,1597.0
MCH8873,"Pathak, Bath and Kant",4131.0,TRANSPORT & TRAVEL,PARTNERSHIP,Pune,Maharashtra,2025-11-06 00:00:00,ACTIVE,2212.3
MCH8876,Narayanan and Sons,5942.0,BOOKS & STATIONERY,INDIVIDUAL,Blr,Karnataka,2025-12-10 00:00:00,INACTIVE,2065.28
MCH8878,  Kashyap-Behl  ,7011.0,HOTEL & LODGING,SOLE_PROPRIETOR,Kolkata,West Bengal,2023-07-21 00:00:00,ACTIVE,228.35
MCH8879,  Raju and Sons  ,,PHARMACY,SOLE_PROPRIETOR,Lucknow,Uttar Pradesh,2023-08-30 05:18:50,ACTIVE,906.0
MCH8880,Bava Group,,HOTEL & LODGING,SOLE_PROPRIETOR,Blr,Karnataka,2025-12-01 16:40:00,INACTIVE,3216.0
MCH8884,"Dubey, Srinivasan and Pillai",,BOOKS & STATIONERY,SOLE_PROPRIETOR,Chennai,Tamil Nadu,2023-07-03 00:00:00,ACTIVE,
MCH8885,"Dhawan,DevanandChokshi",569.0,APPAREL,INDIVIDUAL,Delhi,Delhi,2025-09-12 04:35:13,ACTIVE,
MCH8889,"Mahal, Edwin and Dasgupta",5699.0,APPAREL,SOLE_PROPRIETOR,Pune,Maharashtra,2023-03-26 00:00:00,SUSPENDED,-1329.62
MCH8890,Halder Inc,7011.0,HOTEL & LODGING,PRIVATE_LIMITED,Lucknow,Uttar Pradesh,2026-01-15 00:00:00,SUSPENDED,2352.14
MCH8891,"Natt,ManeandPau",,TELECOM,PRIVATE_LIMITED,Mumbai,Maharashtra,2025-03-13 09:17:17,ACTIVE,1140.0
MCH8893,Anand-Dada,5411.0,GROCERY,PRIVATE_LIMITED,Delhi,Delhi,2023-02-15 00:00:00,ACTIVE,598.72
MCH8895,Chakraborty-Apte,7011.0,HOTEL & LODGING,SOLE_PROPRIETOR,Jalandhar,Punjab,2023-05-04 01:45:30,ACTIVE,2412.11
MCH8896,"Luthra, Kata and Bansal",5812.0,FOOD & DINING,PRIVATE_LIMITED,Jaipur,Rajasthan,2025-09-18 00:00:00,ACTIVE,
MCH8899,bedi and sons,5699.0,APPAREL,PRIVATE_LIMITED,Kolkata,West Bengal,2025-02-25 00:00:00,SUSPENDED,
MCH8900,Nadkarni-Khare,5812.0,FOOD & DINING,INDIVIDUAL,Lucknow,Uttar Pradesh,2025-06-11 00:00:00,INACTIVE,1349.0
MCH8901,Narasimhan and Sons,4814.0,TELECOM,PRIVATE_LIMITED,Amritsar,Punjab,2024-04-01 05:23:00,ACTIVE,772.61
MCH8902,Sabharwal Ltd,5411.0,GROCERY,SOLE_PROPRIETOR,Amritsar,Punjab,2024-12-27 00:00:00,ACTIVE,-270.57
MCH8903,Keer-Sagar,5411.0,GROCERY,PARTNERSHIP,Lucknow,Uttar Pradesh,2024-09-16 00:00:00,ACTIVE,841.61
MCH8909,"PALAN, WALI AND WAGLE",5999.0,OTHER,INDIVIDUAL,Dilli,Delhi,,ACTIVE,1366.3
MCH8910,Varkey Group,5912.0,PHARMACY,INDIVIDUAL,Ludhiana,Punjab,2025-02-07 02:32:41,ACTIVE,9929.86
MCH8911,Bava LLC,5942.0,BOOKS & STATIONERY,SOLE_PROPRIETOR,Hyderabad,Telangana,2025-06-14 08:41:00,ACTIVE,3342.77
MCH8912,Nagar PLC,5942.0,BOOKS & STATIONERY,PRIVATE_LIMITED,Mumbai,Maharashtra,2024-02-17 00:00:00,ACTIVE,196.56
MCH8915,"  Chadha, Patil and Bose  ",4131.0,TRANSPORT & TRAVEL,SOLE_PROPRIETOR,Jaipur,Rajasthan,2025-10-19 00:00:00,ACTIVE,-775.66
MCH8918,Solanki and Sons,,APPAREL,PRIVATE_LIMITED,Blr,Karnataka,2025-05-17 00:00:00,ACTIVE,
MCH8919,Parmar Ltd,,TRANSPORT & TRAVEL,PRIVATE_LIMITED,Bangalore,Karnataka,2023-12-24 00:00:00,ACTIVE,2228.63
MCH8920,"Parekh, Srivastava and Choudhury",5311.0,DEPARTMENT STORE,PRIVATE_LIMITED,Delhi,Delhi,2023-12-15 00:00:00,ACTIVE,19788.99
MCH8921,"Palla, Kanda and Kohli",5411.0,GROCERY STORES,INDIVIDUAL,Jaipur,Rajasthan,2023-04-01 00:00:00,INACTIVE,1560.65
MCH8923,Choudhury Group,5912.0,PHARMACY,INDIVIDUAL,Jaipur,Rajasthan,2024-06-12 00:00:00,INACTIVE,2880.15
MCH8926,Ramesh-Mukhopadhyay,5912.0,PHARMACY,SOLE_PROPRIETOR,Dilli,Delhi,2024-01-16 00:00:00,ACTIVE,5318.08
MCH8927,RAJ-KALA,5999.0,OTHER,INDIVIDUAL,New Delhi,Delhi,2024-04-22 22:45:00,ACTIVE,261.67
MCH8928,Deo PLC,4131.0,TRANSPORT & TRAVEL,PARTNERSHIP,Chennai,Tamil Nadu,2024-10-18 05:30:00,ACTIVE,1547.93
MCH8929,Nagi-Bala,5311.0,DEPARTMENT STORES,SOLE_PROPRIETOR,Kolkata,West Bengal,2024-12-17 17:24:00,ACTIVE,232.0
MCH8931,Ramaswamy-Bhasin,5812.0,FOOD & DINING,PARTNERSHIP,Hyderabad,Telangana,2024-05-23 00:00:00,INACTIVE,1406.0
MCH8932,"Venkatesh, Nayak and Ravel",,OTHER,PRIVATE_LIMITED,Lucknow,Uttar Pradesh,2023-01-01 00:00:00,ACTIVE,1585.03
MCH8933,magar inc,7011.0,HOTEL & LODGING,SOLE_PROPRIETOR,Lucknow,Uttar Pradesh,2025-08-03 00:00:00,ACTIVE,1568.46
MCH8934,Dubey and Sons,5411.0,GROCERY,SOLE_PROPRIETOR,Bengaluru,Karnataka,2025-09-12 05:11:51,INACTIVE,1359.0
MCH8935,tella-bawa,4131.0,TRANSPORT & TRAVEL,INDIVIDUAL,Jpr,Rajasthan,2024-01-13 15:35:49,ACTIVE,997.56
MCH8937,"Mand, Bhatt and Pathak",7011.0,HOTEL & LODGING,INDIVIDUAL,Amritsar,Punjab,2023-06-10 00:00:00,ACTIVE,2746.33
MCH8939,"DHAWAN, KAMDAR AND DALAL",5812.0,FOOD & DINING,INDIVIDUAL,Bangalore,Karnataka,2023-01-06 17:37:02,ACTIVE,729.0
MCH8941,mutti-sharaf,7011.0,HOTEL & LODGING,SOLE_PROPRIETOR,Bangalore,Karnataka,2025-01-26 19:23:00,ACTIVE,153.27
MCH8943,Bassi-Dhingra,5942.0,BOOK STORE,PRIVATE_LIMITED,Chennai,Tamil Nadu,2024-09-09 00:49:00,ACTIVE,774.62
MCH8944,"Zachariah, Ratta and Contractor",531.0,DEPARTMENT STORES,PRIVATE_LIMITED,Hyderabad,Telangana,2024-07-16 13:53:35,ACTIVE,2179.0
MCH8945,"Sankar, Swamy and Char",541.0,GROCERY,SOLE_PROPRIETOR,Kolkata,West Bengal,2026-02-26 00:00:00,ACTIVE,1329.0
MCH8949,"Srinivasan,SaxenaandKant",5942.0,BOOKS & STATIONERY,PRIVATE_LIMITED,Bangalore,Karnataka,,INACTIVE,1726.82
MCH8950,Handa Inc,4131.0,TRANSPORT & TRAVEL,PARTNERSHIP,Mumbai,Maharashtra,2024-07-31 11:02:32,ACTIVE,3860.38
MCH8951,Golla-Venkataraman,4814.0,TELECOM,INDIVIDUAL,Mumbai,Maharashtra,2023-09-02 00:00:00,ACTIVE,436.83
MCH8952,"varghese, korpal and dora",5912.0,PHARMACY,SOLE_PROPRIETOR,Chennai,Tamil Nadu,2024-08-10 00:00:00,ACTIVE,987.96
MCH8953,Narayan-Uppal,5912.0,PHARMACY,PRIVATE_LIMITED,Ludhiana,Punjab,2025-06-28 10:02:00,ACTIVE,2726.98
MCH8955,Sani LLC,7011.0,HOTEL & LODGING,PRIVATE_LIMITED,Chennai,Tamil Nadu,2023-09-26 00:00:00,ACTIVE,-1833.73
MCH8957,Brar-Lanka,5999.0,RETAIL OTHER,INDIVIDUAL,Jalandhar,Punjab,,ACTIVE,1494.31
MCH8958,Verma-Biswas,5699.0,APPAREL,PARTNERSHIP,Amritsar,Punjab,2023-06-03 14:48:00,ACTIVE,7196.61
MCH8963,"Aggarwal,NagiandBorde",5411.0,GROCERY,SOLE_PROPRIETOR,Ludhiana,Punjab,2024-01-08 17:56:00,ACTIVE,474.91
MCH8965,Lal and Sons,,BOOKS & STATIONERY,SOLE_PROPRIETOR,Chennai,Tamil Nadu,2025-09-07 00:00:00,ACTIVE,
MCH8966,Talwar PLC,5999.0,RETAIL OTHER,SOLE_PROPRIETOR,Chennai,Tamil Nadu,2023-07-23 00:00:00,ACTIVE,432.95
MCH8967,"KAKAR, MANDAL AND SEHGAL",4814.0,TELECOM,PRIVATE_LIMITED,Delhi,Delhi,2024-01-26 00:00:00,ACTIVE,-3964.67
MCH8968,"MAJUMDAR, SETTY AND SAHNI",5812.0,FOOD & DINING,PRIVATE_LIMITED,Asr,Punjab,2026-02-23 13:01:00,INACTIVE,477.9
MCH8972,VIG INC,5411.0,GROCERY STORES,PARTNERSHIP,Kolkata,West Bengal,2024-08-17 00:00:00,ACTIVE,835.08
MCH8974,"Shukla, Gaba and Sani",5912.0,PHARMACY,SOLE_PROPRIETOR,New Delhi,Delhi,2026-02-15 00:00:00,ACTIVE,438.78
MCH8975,"shanker, kothari and balasubramanian",4814.0,TELECOM,INDIVIDUAL,Mumbai,Maharashtra,2025-10-24 08:14:24,ACTIVE,-1231.77
MCH8976,PRAKASH PLC,5699.0,APPAREL,SOLE_PROPRIETOR,Jalandhar,Punjab,2023-02-15 00:00:00,SUSPENDED,1358.57
MCH8978,TalwarandSons,5942.0,BOOKS & STATIONERY,SOLE_PROPRIETOR,Mumbai,Maharashtra,2023-05-23 00:00:00,ACTIVE,4704.55
MCH8980,"peri, karpe and saraf",,APPAREL,SOLE_PROPRIETOR,Jalandhar,Punjab,2024-10-24 00:00:00,ACTIVE,277.5
MCH8981,Tara-Sinha,5999.0,RETAIL OTHER,INDIVIDUAL,Bengaluru,Karnataka,2025-10-02 00:00:00,ACTIVE,3617.0
MCH8982,deo-nath,5812.0,FOOD & DINING,PRIVATE_LIMITED,Amritsar,Punjab,2023-07-18 09:15:26,ACTIVE,1840.43
MCH8984,Sharma Group,581.0,FOOD & DINING,PRIVATE_LIMITED,Ludhiana,Punjab,2023-06-21 00:00:00,ACTIVE,590.58
MCH8987,Mander LLC,5942.0,BOOKS & STATIONERY,PRIVATE_LIMITED,Pune,Maharashtra,2024-02-02 00:00:00,ACTIVE,881.75
MCH8988,"Ratti, Rattan and Menon",5942.0,BOOKS & STATIONERY,PRIVATE_LIMITED,Chennai,Tamil Nadu,2026-02-21 19:46:26,ACTIVE,1897.88
MCH8990,Konda-Comar,4131.0,TRANSPORT & TRAVEL,PRIVATE_LIMITED,Bengaluru,Karnataka,2023-05-12 14:14:04,ACTIVE,273.69
MCH8994,Shukla-Manne,,TELECOM,PARTNERSHIP,Kolkata,West Bengal,2025-11-22 15:26:14,ACTIVE,2951.22
MCH8995,MAHAJAN GROUP,5999.0,RETAIL OTHER,PARTNERSHIP,Jalandhar,Punjab,2023-09-12 00:00:00,ACTIVE,2967.0
MCH8996,Bala-Bhalla,,OTHER,PRIVATE_LIMITED,Lucknow,Uttar Pradesh,2025-08-18 00:00:00,ACTIVE,1146.92
MCH8999,"BORDE, REDDY AND MITAL",4131.0,TRANSPORT & TRAVEL,SOLE_PROPRIETOR,Jalandhar,Punjab,2024-06-30 00:00:00,ACTIVE,-561.7
MCH9001,Sangha-Ravi,591.0,PHARMACY,INDIVIDUAL,Bangalore,Karnataka,2024-10-17 00:00:00,ACTIVE,242.09
MCH9002,MANNE LTD,,DEPARTMENT STORE,PARTNERSHIP,Asr,Punjab,2023-04-11 00:00:00,ACTIVE,2336.66
MCH9004,Vaidya-Subramanian,,PHARMACY,PRIVATE_LIMITED,Ludhiana,Punjab,2025-08-03 19:05:00,SUSPENDED,-1239.93
MCH9006,Chopra-Sandhu,5699.0,APPAREL,PARTNERSHIP,Lucknow,Uttar Pradesh,2024-04-03 00:00:00,ACTIVE,1365.03
MCH9008,"GOUR, AMBLE AND BAKSHI",5411.0,GROCERY STORES,SOLE_PROPRIETOR,Amritsar,Punjab,2024-12-18 18:50:53,ACTIVE,1167.35
MCH9009,"Singhal, Patil and Brar",531.0,RETAIL,PRIVATE_LIMITED,Jalandhar,Punjab,2026-02-20 19:57:40,INACTIVE,1016.03
MCH9012,"Goel, Devan and Grover",5411.0,GROCERY,SOLE_PROPRIETOR,Asr,Punjab,2025-09-16 06:09:00,INACTIVE,603.58
MCH9014,Konda-Ram,4814.0,TELECOM,SOLE_PROPRIETOR,Ludhiana,Punjab,2025-08-15 00:00:00,ACTIVE,485.94
MCH9015,PRASHAD INC,5812.0,FOOD & DINING,SOLE_PROPRIETOR,Chennai,Tamil Nadu,2025-08-05 00:00:00,ACTIVE,787.45
MCH9016,Upadhyay-Sethi,4814.0,TELECOM,PARTNERSHIP,Mumbay,Maharashtra,2025-07-27 08:59:26,ACTIVE,764.46
MCH9018,Zacharia and Sons,5942.0,BOOKS & STATIONERY,INDIVIDUAL,Blr,Karnataka,2024-03-06 00:00:00,ACTIVE,594.92
MCH9021,Dubey PLC,4814.0,TELECOM,PRIVATE_LIMITED,Jpr,Rajasthan,2023-10-03 00:00:00,INACTIVE,214.99
MCH9022,"Kunda,DugarandKari",5699.0,APPAREL,INDIVIDUAL,Amritsar,Punjab,2026-01-24 00:00:00,ACTIVE,1439.0
MCH9027,"Dani, Soni and Nagy",7011.0,HOTEL & LODGING,PARTNERSHIP,Jalandhar,Punjab,2023-10-26 00:00:00,ACTIVE,-905.68
MCH9029,Hayre and Sons,5311.0,RETAIL,INDIVIDUAL,Amritsar,Punjab,2025-11-19 00:00:00,ACTIVE,
MCH9032,Johal-Vaidya,5311.0,DEPARTMENT STORE,PARTNERSHIP,Mumbai,Maharashtra,2023-07-06 06:53:00,ACTIVE,821.89
MCH9035,Merchant PLC,5411.0,GROCERY STORES,PRIVATE_LIMITED,Jpr,Rajasthan,2023-02-04 00:00:00,ACTIVE,-1280.34
MCH9036,Banerjee-Shenoy,5912.0,PHARMACY,SOLE_PROPRIETOR,Pune,Maharashtra,2025-11-19 00:00:00,ACTIVE,1613.75
MCH9037,Varty-Vaidya,413.0,TRANSPORT & TRAVEL,PRIVATE_LIMITED,Jalandhar,Punjab,2023-04-17 21:34:00,ACTIVE,2383.02
MCH9038,NAIDU GROUP,4131.0,TRANSPORT & TRAVEL,PRIVATE_LIMITED,Mumbai,Maharashtra,2024-12-07 00:00:00,ACTIVE,225.16
MCH9040,  Sharma-Dubey  ,,BOOKS & STATIONERY,SOLE_PROPRIETOR,Jpr,Rajasthan,2023-06-25 10:52:00,ACTIVE,573.1
MCH9041,Kade-Sahota,4131.0,TRANSPORT & TRAVEL,INDIVIDUAL,Pune,Maharashtra,,ACTIVE,2738.21
MCH9043,Setty and Sons,7011.0,HOTEL & LODGING,PARTNERSHIP,Pune,Maharashtra,2024-02-10 00:00:00,ACTIVE,3323.0
MCH9045,"  Kaul, Sethi and Vaidya  ",4814.0,TELECOM,PARTNERSHIP,Bangalore,Karnataka,,INACTIVE,1488.0
MCH9048,Kalla PLC,5812.0,FOOD & DINING,PARTNERSHIP,Jalandhar,Punjab,2023-09-18 04:32:57,ACTIVE,544.22
MCH9049,"Badami, Pathak and Murty",5912.0,PHARMACY,PARTNERSHIP,Pune,Maharashtra,2023-03-10 00:00:00,ACTIVE,-2072.82
MCH9050,Bali Ltd,4131.0,TRANSPORT & TRAVEL,INDIVIDUAL,Jalandhar,Punjab,2025-01-06 00:00:00,SUSPENDED,847.23
MCH9051,"Gara, Keer and Padmanabhan",4814.0,TELECOM,SOLE_PROPRIETOR,Bengaluru,Karnataka,2023-07-16 00:00:00,ACTIVE,1715.14
MCH9052,ramaswamy-chhabra,,BOOKS & STATIONERY,PARTNERSHIP,Mumbai,Maharashtra,2024-10-11 00:00:00,ACTIVE,-534.11
MCH9056,"Misra, Kalita and Kapur",5942.0,BOOKS & STATIONERY,PRIVATE_LIMITED,Lucknow,Uttar Pradesh,2023-06-17 00:00:00,ACTIVE,497.59
MCH9057,Dayal Ltd,,BOOKS & STATIONERY,PARTNERSHIP,Jpr,Rajasthan,2024-10-11 00:00:00,ACTIVE,728.46
MCH9059,Shroff Ltd,5311.0,DEPARTMENT STORE,PRIVATE_LIMITED,Jalandhar,Punjab,2023-07-18 00:00:00,ACTIVE,399.71
MCH9060,"RAMASWAMY, SINGHAL AND DEEP",599.0,RETAIL OTHER,INDIVIDUAL,Mumbai,Maharashtra,2023-01-01 00:00:00,ACTIVE,1011.0
MCH9063,"Bhatt, Sabharwal and Devi",5699.0,CLOTHING,SOLE_PROPRIETOR,Kolkata,West Bengal,2023-09-10 00:00:00,INACTIVE,
MCH9067,Boase-Sule,5942.0,BOOKS & STATIONERY,INDIVIDUAL,Jalandhar,Punjab,2025-09-06 00:00:00,ACTIVE,1045.82
MCH9068,Halder PLC,5699.0,APPAREL,PRIVATE_LIMITED,Jalandhar,Punjab,2023-10-08 00:00:00,ACTIVE,5193.72
MCH9070,"buch, samra and tata",5912.0,PHARMACY,PARTNERSHIP,Lucknow,Uttar Pradesh,2023-11-19 07:02:51,ACTIVE,5075.53
MCH9074,Sa1vi-Tata,7011.0,HOTEL & LODGING,PARTNERSHIP,Chennai,Tamil Nadu,2025-04-24 00:00:00,ACTIVE,1227.0
MCH9075,BHAKTA INC,4814.0,TELECOM,PARTNERSHIP,New Delhi,Delhi,2023-10-20 00:00:00,INACTIVE,1186.46
MCH9080,  Jani and Sons  ,5699.0,APPAREL,PARTNERSHIP,Lucknow,Uttar Pradesh,2025-05-13 00:00:00,SUSPENDED,672.43
MCH9081,Patil-Hans,4814.0,TELECOM,INDIVIDUAL,Mumbai,Maharashtra,2025-06-12 12:49:19,ACTIVE,
MCH9082,SESHADRI GROUP,5812.0,EATING PLACE,SOLE_PROPRIETOR,Jaipur,Rajasthan,2025-11-24 03:08:55,ACTIVE,862.0
MCH9083,"Gera, Varghese and Karpe",5311.0,DEPARTMENT STORE,PRIVATE_LIMITED,Jaipur,Rajasthan,2025-05-19 00:31:00,ACTIVE,3755.09
MCH9088,Bhardwaj-Bala,5999.0,OTHER,PARTNERSHIP,Chennai,Tamil Nadu,2025-06-26 00:00:00,ACTIVE,4130.0
MCH9091,"Dewan, Hayre and Kala",4131.0,TRANSPORT & TRAVEL,SOLE_PROPRIETOR,Amritsar,Punjab,,INACTIVE,4267.28
MCH9092,Mall-Deshpande,7011.0,HOTEL & LODGING,PARTNERSHIP,Delhi,Delhi,2025-12-26 00:00:00,INACTIVE,1485.1
MCH9094,"YADAV, ZACHARIA AND DUTT",591.0,PHARMACY,SOLE_PROPRIETOR,Ludhiana,Punjab,2023-09-24 00:00:00,SUSPENDED,1081.32
MCH9095,  Mital-Reddy  ,4814.0,TELECOM,PARTNERSHIP,Lucknow,Uttar Pradesh,2025-12-07 00:00:00,SUSPENDED,1105.17
MCH9096,"Boase, Swaminathan and Yohannan",5999.0,OTHER,INDIVIDUAL,Chennai,Tamil Nadu,2024-08-04 18:56:27,ACTIVE,1547.45
MCH9098,Manda and Sons,581.0,FOOD & DINING,PARTNERSHIP,Bengaluru,Karnataka,2024-03-03 16:14:27,ACTIVE,870.0
MCH9100,Dey-Bandi,5999.0,MISC RETAIL,SOLE_PROPRIETOR,Mumbai,Maharashtra,2023-01-23 11:38:30,ACTIVE,707.08
MCH9101,Pal-Ramesh,,TRANSPORT & TRAVEL,PARTNERSHIP,Pune,Maharashtra,2024-05-29 14:48:09,ACTIVE,1223.0
MCH9102,sastry-wali,5942.0,BOOKS & STATIONERY,PRIVATE_LIMITED,Pune,Maharashtra,2025-06-30 04:03:18,ACTIVE,1846.0
MCH9104,Goel PLC,5311.0,DEPARTMENT STORES,PRIVATE_LIMITED,Bangalore,Karnataka,2025-06-30 21:37:07,ACTIVE,2640.29
MCH9107,"Devi, Chhabra and Sharaf",5699.0,APPAREL,SOLE_PROPRIETOR,Pune,Maharashtra,2026-02-22 08:24:38,ACTIVE,637.0
MCH9109,"Som, Mittal and Wable",5699.0,CLOTHING,PARTNERSHIP,Asr,Punjab,2024-11-08 00:00:00,ACTIVE,553.0
MCH9110,Barad LLC,7011.0,HOTEL & LODGING,INDIVIDUAL,Lucknow,Uttar Pradesh,2024-08-01 13:01:22,INACTIVE,1477.89
MCH9111,"  Dhar, Thaker and Madan  ",5999.0,MISC RETAIL,PRIVATE_LIMITED,Kolkata,West Bengal,2024-08-11 00:00:00,ACTIVE,1785.1
MCH9112,Saini-Sinha,5699.0,APPAREL,PRIVATE_LIMITED,Pune,Maharashtra,2024-03-08 00:00:00,ACTIVE,1129.73
MCH9114,Tiwari-0ak,4814.0,TELECOM,INDIVIDUAL,Pune,Maharashtra,2026-01-16 00:00:00,ACTIVE,7090.63
MCH9117,"KALE, KOHLI AND CHHABRA",5942.0,BOOK STORE,SOLE_PROPRIETOR,Jalandhar,Punjab,,SUSPENDED,206.51
MCH9119,Dyal-Salvi,4814.0,TELECOM,PARTNERSHIP,Chennai,Tamil Nadu,2023-04-20 00:00:00,ACTIVE,6428.96
MCH9120,sood ltd,701.0,HOTEL & LODGING,SOLE_PROPRIETOR,Mumbay,Maharashtra,2025-09-24 21:17:00,ACTIVE,680.9
MCH9121,Divan-Char,5942.0,BOOKS & STATIONERY,PARTNERSHIP,Amritsar,Punjab,2025-02-18 00:00:00,INACTIVE,-339.98
MCH9125,Raghavan PLC,,OTHER,INDIVIDUAL,Jpr,Rajasthan,2024-10-10 00:00:00,ACTIVE,1723.08
MCH9126,Anne-Chahal,5411.0,GROCERY,PARTNERSHIP,Hyderabad,Telangana,2023-03-05 00:00:00,ACTIVE,
MCH9128,"Vig, Menon and Prabhakar",5942.0,BOOKS & STATIONERY,SOLE_PROPRIETOR,New Delhi,Delhi,2023-08-30 06:57:00,ACTIVE,594.0
MCH9129,"sinha, chauhan and sathe",5411.0,GROCERY,PARTNERSHIP,Kolkata,West Bengal,2025-07-06 00:00:00,ACTIVE,914.12
MCH9130,Chhabra LLC,5812.0,EATING PLACE,PRIVATE_LIMITED,Jalandhar,Punjab,2024-09-12 00:00:00,ACTIVE,1786.29
MCH9131,"Arya, Narang and Maharaj",7011.0,HOTEL & LODGING,INDIVIDUAL,Jpr,Rajasthan,2024-04-19 05:10:00,ACTIVE,6588.75
MCH9132,Shankar-Bahl,4814.0,TELECOM,INDIVIDUAL,Pune,Maharashtra,2023-04-12 18:44:00,SUSPENDED,2278.28
MCH9133,"Rai, Nadig and Karpe",4131.0,TRANSPORT & TRAVEL,PRIVATE_LIMITED,Ludhiana,Punjab,2025-03-09 00:00:00,ACTIVE,-268.65
MCH9134,Edwin-Viswanathan,5699.0,APPAREL,SOLE_PROPRIETOR,Jalandhar,Punjab,,ACTIVE,1602.69
MCH9135,"NATH, SAMRA AND CHOPRA",4814.0,TELECOM,SOLE_PROPRIETOR,Kolkata,West Bengal,2026-04-02 01:44:00,ACTIVE,387.53
MCH9136,Mody Ltd,5411.0,GROCERY STORES,INDIVIDUAL,Chennai,Tamil Nadu,2024-07-10 00:00:00,ACTIVE,1976.5
MCH9137,Chakrabarti PLC,4131.0,TRANSPORT & TRAVEL,PRIVATE_LIMITED,Jaipur,Rajasthan,2023-11-19 00:00:00,ACTIVE,347.82
MCH9140,  Dugar-Uppal  ,5411.0,GROCERY STORES,PARTNERSHIP,Jaipur,Rajasthan,2024-12-06 06:26:10,ACTIVE,1470.42
MCH9143,Kibe and Sons,,TELECOM,INDIVIDUAL,Jalandhar,Punjab,2025-06-12 00:00:00,ACTIVE,924.79
MCH9145,"Yadav, Bhatti and Atwal",4814.0,TELECOM,PARTNERSHIP,Delhi,Delhi,2025-11-24 00:00:00,ACTIVE,845.36
MCH9147,Bedi-Dugar,5912.0,PHARMACY,SOLE_PROPRIETOR,Bengaluru,Karnataka,2024-05-31 05:15:00,ACTIVE,1264.98
MCH9148,Venkatesh and Sons,701.0,HOTEL & LODGING,SOLE_PROPRIETOR,Hyderabad,Telangana,2023-07-16 21:32:00,ACTIVE,503.0
MCH9149,varghese plc,5411.0,GROCERY,INDIVIDUAL,Jaipur,Rajasthan,2025-12-26 00:00:00,ACTIVE,3708.64
MCH9151,  Ravi Ltd  ,4131.0,TRANSPORT & TRAVEL,PARTNERSHIP,Jalandhar,Punjab,2025-06-26 08:37:00,INACTIVE,779.12
MCH9152,KARA-PARIKH,4814.0,TELECOM,SOLE_PROPRIETOR,Lucknow,Uttar Pradesh,2024-12-01 00:00:00,ACTIVE,5009.29
MCH9153,Amble and Sons,4131.0,TRANSPORT & TRAVEL,SOLE_PROPRIETOR,Asr,Punjab,2025-11-04 00:00:00,ACTIVE,
MCH9154,"PAL, DARA AND YADAV",5999.0,RETAIL OTHER,PRIVATE_LIMITED,Jaipur,Rajasthan,2025-07-12 00:00:00,ACTIVE,3887.81
MCH9158,"Sachdeva, Va1a and Bedi",5812.0,FOOD & DINING,SOLE_PROPRIETOR,Lucknow,Uttar Pradesh,,INACTIVE,6181.65
MCH9160,Som Ltd,4814.0,TELECOM,PARTNERSHIP,Ludhiana,Punjab,2025-01-29 00:00:00,ACTIVE,722.22
MCH9161,Patla Group,5311.0,RETAIL,INDIVIDUAL,Pune,Maharashtra,2024-10-25 00:00:00,ACTIVE,-1771.36
MCH9162,Shankar-Shah,5999.0,OTHER,PRIVATE_LIMITED,Bangalore,Karnataka,2023-02-22 00:00:00,ACTIVE,
MCH9164,MITAL AND SONS,,APPAREL,PRIVATE_LIMITED,Dilli,Delhi,2025-08-12 00:00:00,ACTIVE,4681.79
MCH9165,"Iyengar, Raja and Bhasin",5411.0,GROCERY,PRIVATE_LIMITED,Lucknow,Uttar Pradesh,2024-03-01 00:00:00,ACTIVE,1898.13
MCH9173,BUMB-BANDI,5999.0,OTHER,SOLE_PROPRIETOR,Pune,Maharashtra,2023-06-26 02:58:00,ACTIVE,450.27
MCH9174,"Chander, Goswami and Butala",7011.0,HOTEL & LODGING,PARTNERSHIP,Jalandhar,Punjab,2024-06-14 12:24:00,ACTIVE,914.67
MCH9175,BHATT LTD,7011.0,HOTEL & LODGING,SOLE_PROPRIETOR,Blr,Karnataka,2025-04-27 18:17:00,ACTIVE,567.73
MCH9176,Jayaraman PLC,5311.0,DEPARTMENT STORE,PRIVATE_LIMITED,Jalandhar,Punjab,2025-08-16 00:00:00,SUSPENDED,609.42
MCH9180,RamaswamyPLC,5699.0,APPAREL,INDIVIDUAL,Pune,Maharashtra,2025-08-08 00:00:00,ACTIVE,-1761.26
MCH9185,Om Ltd,5812.0,FOOD & DINING,PARTNERSHIP,Kolkata,West Bengal,2025-09-22 00:00:00,INACTIVE,311.59
MCH9187,MANE AND SONS,5812.0,FOOD & DINING,INDIVIDUAL,Hyderabad,Telangana,2025-12-18 00:00:00,ACTIVE,508.01
MCH9188,Randhawa PLC,4814.0,TELECOM,PARTNERSHIP,Jalandhar,Punjab,2024-11-09 00:00:00,ACTIVE,
MCH9190,"Dugar, Babu and Ba1a",5812.0,FOOD & DINING,INDIVIDUAL,Chennai,Tamil Nadu,2025-01-24 00:00:00,ACTIVE,471.43
MCH9192,gandhi llc,5912.0,PHARMACY,INDIVIDUAL,Jaipur,Rajasthan,2025-03-01 00:00:00,ACTIVE,1758.06
MCH9193,Ramachandran-Rao,5699.0,APPAREL,INDIVIDUAL,Bengaluru,Karnataka,2024-04-07 00:00:00,ACTIVE,1693.53
MCH9195,"Manne, Parsa and Ratta",5311.0,DEPARTMENT STORE,INDIVIDUAL,Kolkata,West Bengal,2025-01-08 03:54:16,ACTIVE,1304.69
MCH9196,"Dani, Palla and Ramachandran",701.0,HOTEL & LODGING,SOLE_PROPRIETOR,Hyderabad,Telangana,2023-04-02 00:00:00,ACTIVE,403.86
MCH9199,Goda-Patel,4814.0,TELECOM,PARTNERSHIP,Lucknow,Uttar Pradesh,2024-12-23 00:00:00,ACTIVE,992.24
MCH9201,  Ramachandran PLC  ,4814.0,TELECOM,PRIVATE_LIMITED,Jpr,Rajasthan,2024-10-02 18:21:00,ACTIVE,1064.13
MCH9203,PATEL-BHASIN,7011.0,HOTEL & LODGING,PARTNERSHIP,New Delhi,Delhi,2025-04-14 00:00:00,ACTIVE,1305.76
MCH9205,Lala Ltd,4131.0,TRANSPORT & TRAVEL,PRIVATE_LIMITED,Kolkata,West Bengal,2024-11-26 04:12:00,SUSPENDED,569.25
MCH9207,"Gola, Prabhu and Sood",5311.0,DEPARTMENT STORE,PRIVATE_LIMITED,Kolkata,West Bengal,2025-02-14 20:21:36,ACTIVE,1107.16
MCH9208,Lala-Tiwari,594.0,BOOKS & STATIONERY,PARTNERSHIP,Asr,Punjab,2023-05-17 00:00:00,INACTIVE,338.09
MCH9211,Dubey-Kurian,7011.0,HOTEL & LODGING,INDIVIDUAL,Jalandhar,Punjab,2023-08-01 00:00:00,ACTIVE,2981.74
MCH9216,AMBLE-THAMAN,,PHARMACY,PARTNERSHIP,Ludhiana,Punjab,2025-02-10 00:00:00,ACTIVE,2329.15
MCH9219,  Baria Inc  ,4814.0,TELECOM,SOLE_PROPRIETOR,Jpr,Rajasthan,2024-07-29 00:00:00,ACTIVE,1931.0
MCH9220,"Agate,BoaseandKurian",413.0,TRANSPORT & TRAVEL,SOLE_PROPRIETOR,Delhi,Delhi,,INACTIVE,-728.01
MCH9223,D’Alia-Hans,5699.0,APPAREL,PARTNERSHIP,Chennai,Tamil Nadu,2024-12-09 02:24:19,ACTIVE,376.0
MCH9226,"Sandhu, Jha and Randhawa",5699.0,CLOTHING,INDIVIDUAL,Pune,Maharashtra,2024-12-03 00:00:00,ACTIVE,5451.11
MCH9228,Ram Inc,599.0,OTHER,INDIVIDUAL,Hyderabad,Telangana,2025-10-19 16:20:00,ACTIVE,1661.79
MCH9229,  Anne-Parikh  ,,BOOKS & STATIONERY,PRIVATE_LIMITED,Jaipur,Rajasthan,2025-10-23 00:00:00,INACTIVE,173.81
MCH9231,Kala-Dugar,4131.0,TRANSPORT & TRAVEL,PARTNERSHIP,Pune,Maharashtra,,ACTIVE,228.82
MCH9232,Ahuja-Chaudhry,4131.0,TRANSPORT & TRAVEL,INDIVIDUAL,Hyderabad,Telangana,2023-04-20 00:00:00,ACTIVE,361.11
MCH9234,"Jhaveri, Chandran and Shukla",7011.0,HOTEL & LODGING,PARTNERSHIP,Lucknow,Uttar Pradesh,2024-07-26 00:00:00,ACTIVE,762.04
MCH9237,GOKHALE INC,5912.0,PHARMACY,PRIVATE_LIMITED,Ludhiana,Punjab,2025-09-28 00:00:00,ACTIVE,1901.54
MCH9239,BALAKRISHNAN-DAS,541.0,GROCERY,PARTNERSHIP,Blr,Karnataka,2025-12-11 06:31:01,ACTIVE,
MCH9242,"Kadakia, Yadav and Seshadri",7011.0,HOTEL & LODGING,PARTNERSHIP,Hyderabad,Telangana,2023-03-10 00:00:00,SUSPENDED,1024.36
MCH9245,zachariah-suri,5311.0,RETAIL,INDIVIDUAL,Jalandhar,Punjab,2023-05-03 00:00:00,ACTIVE,328.18
MCH9246,"Krishna, Wable and Kanda",4814.0,TELECOM,SOLE_PROPRIETOR,Pune,Maharashtra,2023-03-01 00:00:00,ACTIVE,859.77
MCH9249,"Aggarwal, Agarwal and Naidu",5699.0,APPAREL,PARTNERSHIP,Chennai,Tamil Nadu,2025-12-23 00:00:00,ACTIVE,-3533.14
MCH9251,"Venkatesh, Randhawa and Lal",4131.0,TRANSPORT & TRAVEL,SOLE_PROPRIETOR,Lucknow,Uttar Pradesh,2026-01-02 09:37:10,ACTIVE,621.25
MCH9253,Gole LLC,5699.0,APPAREL,SOLE_PROPRIETOR,Amritsar,Punjab,2024-05-09 20:29:36,ACTIVE,1349.23
MCH9255,"Hegde, Dass and Sehgal",5699.0,APPAREL,PRIVATE_LIMITED,Amritsar,Punjab,2023-07-19 10:19:06,ACTIVE,1054.61
MCH9257,Deep-Venkataraman,7011.0,HOTEL & LODGING,PARTNERSHIP,Asr,Punjab,2023-12-17 00:00:00,ACTIVE,705.83
MCH9258,Edwin Inc,5942.0,BOOKS & STATIONERY,PARTNERSHIP,Lucknow,Uttar Pradesh,2024-09-26 00:00:00,ACTIVE,1647.77
MCH9261,Gupta-Manne,5812.0,EATING PLACE,INDIVIDUAL,Jaipur,Rajasthan,2025-07-10 09:04:41,ACTIVE,2734.0
MCH9263,"Chatterjee, Anand and Mani",5999.0,RETAIL OTHER,PARTNERSHIP,Kolkata,West Bengal,2024-05-05 00:44:32,ACTIVE,628.47
MCH9266,"Badami, Pathak and Nanda",5699.0,CLOTHING,PRIVATE_LIMITED,Pune,Maharashtra,2024-10-09 19:17:00,ACTIVE,157.82
MCH9271,"Bera, Contractor and Trivedi",4131.0,TRANSPORT & TRAVEL,SOLE_PROPRIETOR,Delhi,Delhi,2025-02-20 00:00:00,ACTIVE,
MCH9276,TRIVEDI-KUNDA,5699.0,APPAREL,INDIVIDUAL,Delhi,Delhi,2025-12-31 04:58:00,ACTIVE,2310.01
MCH9277,Pa1-R0ut,5942.0,BOOKS & STATIONERY,INDIVIDUAL,Asr,Punjab,2026-02-10 18:58:24,ACTIVE,963.33
MCH9278,Pant PLC,5942.0,BOOKS & STATIONERY,PARTNERSHIP,Bangalore,Karnataka,2024-06-25 23:31:00,ACTIVE,822.0
MCH9279,Choudhury LLC,5411.0,GROCERY STORES,SOLE_PROPRIETOR,Kolkata,West Bengal,2024-11-18 00:00:00,ACTIVE,644.81
MCH9287,"Datta, Virk and Arya",5999.0,MISC RETAIL,INDIVIDUAL,Amritsar,Punjab,2025-09-21 00:00:00,ACTIVE,636.69
MCH9289,LALL LLC,7011.0,HOTEL & LODGING,PRIVATE_LIMITED,Kolkata,West Bengal,2025-12-08 09:38:21,ACTIVE,3024.28
MCH9290,"Gole, Viswanathan and Brahmbhatt",7011.0,HOTEL & LODGING,PARTNERSHIP,Ludhiana,Punjab,,INACTIVE,1704.51
MCH9291,"Thakkar, Bath and Uppal",,RETAIL,SOLE_PROPRIETOR,Lucknow,Uttar Pradesh,2024-12-24 06:25:11,INACTIVE,3529.0
MCH9296,Ramanathan Ltd,591.0,PHARMACY,INDIVIDUAL,Jaipur,Rajasthan,2025-01-29 16:04:16,ACTIVE,1253.48
MCH9298,Jain Ltd,5942.0,BOOKS & STATIONERY,SOLE_PROPRIETOR,Bangalore,Karnataka,2024-02-03 12:58:21,ACTIVE,8519.11
MCH9299,Pathak-Menon,581.0,FOOD & DINING,SOLE_PROPRIETOR,Ludhiana,Punjab,2024-04-28 07:03:55,ACTIVE,3015.0
MCH9302,Savant-Dave,5311.0,DEPARTMENT STORES,PARTNERSHIP,Blr,Karnataka,2025-08-17 00:00:00,ACTIVE,543.56
MCH9304,Char Ltd,4814.0,TELECOM,INDIVIDUAL,Blr,Karnataka,2024-05-01 00:00:00,ACTIVE,531.14
MCH9306,Zachariah-Anne,5942.0,BOOKS & STATIONERY,PARTNERSHIP,Mumbai,Maharashtra,2026-02-10 00:00:00,ACTIVE,1250.09
MCH9307,"Bajwa, Dhawan and Guha",,EATING PLACE,SOLE_PROPRIETOR,Jalandhar,Punjab,2024-03-07 00:00:00,ACTIVE,468.19
MCH9310,Ganguly-Tella,701.0,HOTEL & LODGING,INDIVIDUAL,Pune,Maharashtra,2024-03-29 00:00:00,ACTIVE,-482.88
MCH9311,Sathe Group,5942.0,BOOKS & STATIONERY,PRIVATE_LIMITED,Ludhiana,Punjab,2025-05-31 23:35:00,ACTIVE,595.82
MCH9316,Bandi Ltd,541.0,GROCERY,SOLE_PROPRIETOR,Ludhiana,Punjab,2025-08-21 00:00:00,ACTIVE,1198.18
MCH9319,LadInc,5699.0,APPAREL,SOLE_PROPRIETOR,Jalandhar,Punjab,2025-07-20 00:00:00,ACTIVE,839.54
MCH9320,Char Inc,5411.0,GROCERY,PRIVATE_LIMITED,Hyderabad,Telangana,2025-11-22 00:00:00,ACTIVE,695.0
MCH9322,"Khosla, Walia and Deep",5311.0,DEPARTMENT STORE,PARTNERSHIP,Kolkata,West Bengal,2024-07-15 00:00:00,ACTIVE,1060.15
MCH9325,"  Patel, Parikh and Kaul  ",4814.0,TELECOM,PRIVATE_LIMITED,Lucknow,Uttar Pradesh,2023-03-13 00:58:46,ACTIVE,1538.45
MCH9332,  Gupta Inc  ,5912.0,PHARMACY,PRIVATE_LIMITED,Pune,Maharashtra,2023-09-24 00:00:00,ACTIVE,1393.93
MCH9335,Shenoy Group,5699.0,APPAREL,PARTNERSHIP,Lucknow,Uttar Pradesh,2024-07-07 04:29:20,ACTIVE,1203.23
MCH9338,  D’Alia-Mitter  ,,BOOKS & STATIONERY,PARTNERSHIP,Mumbai,Maharashtra,2025-07-01 00:00:00,ACTIVE,604.36
MCH9340,Mallick-Konda,5999.0,OTHER,INDIVIDUAL,Bengaluru,Karnataka,2025-01-24 13:55:00,INACTIVE,1550.33
MCH9342,Dua-Lala,5999.0,MISC RETAIL,SOLE_PROPRIETOR,Bengaluru,Karnataka,2025-04-17 11:33:00,SUSPENDED,1698.37
MCH9343,Sridhar-Sarna,7011.0,HOTEL & LODGING,PARTNERSHIP,Chennai,Tamil Nadu,2025-08-16 00:00:00,ACTIVE,287.96
MCH9345,Mahal Inc,4814.0,TELECOM,PRIVATE_LIMITED,Amritsar,Punjab,2025-11-30 00:00:00,ACTIVE,4834.52
MCH9348,"TOOR, PAREKH AND AGATE",5942.0,BOOKS & STATIONERY,PRIVATE_LIMITED,Asr,Punjab,2025-03-30 00:00:00,ACTIVE,4472.44
MCH9349,"Bhat, Suri and Khalsa",599.0,RETAIL OTHER,INDIVIDUAL,Hyderabad,Telangana,2023-07-15 00:00:00,ACTIVE,2394.34
MCH9350,SINGH-SANE,5411.0,GROCERY,PRIVATE_LIMITED,Ludhiana,Punjab,2023-04-13 00:00:00,ACTIVE,840.43
MCH9352,RAMANATHAN-LALA,4131.0,TRANSPORT & TRAVEL,PARTNERSHIP,Bengaluru,Karnataka,2026-02-09 00:00:00,ACTIVE,1121.19
MCH9353,"Baral, Raj and Mishra",5411.0,GROCERY,PARTNERSHIP,Bengaluru,Karnataka,2025-03-19 22:49:10,ACTIVE,
MCH9354,"SRINIVASAN, BHARGAVA AND SATHE",7011.0,HOTEL & LODGING,PRIVATE_LIMITED,Pune,Maharashtra,2025-12-26 03:14:06,ACTIVE,272.4
MCH9355,Vig PLC,5912.0,PHARMACY,PARTNERSHIP,Jalandhar,Punjab,2024-11-01 00:00:00,ACTIVE,1697.72
MCH9356,WagleLLC,5411.0,GROCERY,PARTNERSHIP,Delhi,Delhi,2025-09-15 00:00:00,ACTIVE,862.0
MCH9358,Shroff Ltd,5311.0,DEPARTMENT STORE,SOLE_PROPRIETOR,Kolkata,West Bengal,2023-05-21 00:00:00,ACTIVE,1856.54
MCH9359,"Ramanathan, Parekh and Agrawal",4131.0,TRANSPORT & TRAVEL,PARTNERSHIP,Ludhiana,Punjab,2023-04-08 13:17:52,ACTIVE,3245.01
MCH9362,"Lala, Oza and Chahal",5912.0,PHARMACY,SOLE_PROPRIETOR,Delhi,Delhi,2024-04-25 00:00:00,ACTIVE,1820.41
MCH9363,  Mannan Group  ,4131.0,TRANSPORT & TRAVEL,PRIVATE_LIMITED,Mumbai,Maharashtra,2024-07-29 00:00:00,ACTIVE,
MCH9366,"Parsa, Walia and Viswanathan",5699.0,CLOTHING,INDIVIDUAL,Jalandhar,Punjab,2024-11-13 00:00:00,ACTIVE,7891.78
MCH9367,Luthra and Sons,,BOOKS & STATIONERY,PRIVATE_LIMITED,Amritsar,Punjab,2023-05-31 17:55:00,ACTIVE,1752.0
MCH9369,Kara Group,7011.0,HOTEL & LODGING,SOLE_PROPRIETOR,Kolkata,West Bengal,2024-07-06 20:37:37,ACTIVE,2036.0
MCH9370,Mallick-Gola,5999.0,MISC RETAIL,PRIVATE_LIMITED,Jaipur,Rajasthan,2023-02-20 00:00:00,ACTIVE,4284.71
MCH9371,Mand-Oommen,,GROCERY,PRIVATE_LIMITED,Chennai,Tamil Nadu,2023-11-11 00:00:00,ACTIVE,284.42
MCH9375,"Bhalla, Koshy and Sule",,BOOKS & STATIONERY,INDIVIDUAL,Ludhiana,Punjab,2023-07-28 23:16:10,INACTIVE,924.32
MCH9377,"Badal, Mitter and Mitter",5912.0,PHARMACY,SOLE_PROPRIETOR,Lucknow,Uttar Pradesh,2024-08-22 00:00:00,ACTIVE,
MCH9379,Nazareth and Sons,5999.0,MISC RETAIL,INDIVIDUAL,Kolkata,West Bengal,,INACTIVE,242.0
MCH9380,CHAKRABARTI GROUP,5812.0,FOOD & DINING,PRIVATE_LIMITED,Ludhiana,Punjab,2023-11-23 00:00:00,ACTIVE,199.0
MCH9383,"Sekhon,PadmanabhanandRege",5942.0,BOOKS & STATIONERY,INDIVIDUAL,Chennai,Tamil Nadu,2026-01-24 02:02:00,SUSPENDED,2841.0
MCH9385,"Ray, Gu1ati and Gi11",481.0,TELECOM,SOLE_PROPRIETOR,Asr,Punjab,2024-02-17 00:00:00,ACTIVE,1178.44
MCH9386,Shankar Ltd,4131.0,TRANSPORT & TRAVEL,INDIVIDUAL,Amritsar,Punjab,2023-10-23 00:00:00,ACTIVE,-252.98
MCH9388,"mahajan, dixit and memon",7011.0,HOTEL & LODGING,PARTNERSHIP,Kolkata,West Bengal,2024-11-21 00:00:00,ACTIVE,1507.31
MCH9390,"Minhas,PauandNarayanan",4131.0,TRANSPORT & TRAVEL,INDIVIDUAL,Ludhiana,Punjab,,ACTIVE,2246.12
MCH9391,Vasa-Mitra,4814.0,TELECOM,INDIVIDUAL,Jalandhar,Punjab,2024-10-30 00:00:00,ACTIVE,1456.23
MCH9393,"Sehgal, Chawla and Korpal",5812.0,FOOD & DINING,INDIVIDUAL,Amritsar,Punjab,2025-03-09 17:19:00,ACTIVE,896.96
MCH9394,Pal-Taneja,4814.0,TELECOM,PRIVATE_LIMITED,Ludhiana,Punjab,2024-01-02 00:00:00,INACTIVE,311.59
MCH9395,Bhagat-Chana,5699.0,APPAREL,PRIVATE_LIMITED,Jaipur,Rajasthan,2024-12-12 00:00:00,ACTIVE,2768.73
MCH9396,Baria-Bhasin,591.0,PHARMACY,PARTNERSHIP,Pune,Maharashtra,2025-01-24 00:00:00,ACTIVE,-157.3
MCH9397,Ramaswamy-Goel,5411.0,GROCERY,PRIVATE_LIMITED,Jalandhar,Punjab,2025-12-20 01:06:00,ACTIVE,1519.0
MCH9398,"Soman, Murthy and Mangat",5411.0,GROCERY,PARTNERSHIP,Bengaluru,Karnataka,2026-02-21 00:00:00,ACTIVE,5429.9
MCH9400,"Dara, Desai and Sethi",5999.0,OTHER,PARTNERSHIP,Mumbai,Maharashtra,2025-08-23 00:00:00,ACTIVE,2120.88
MCH9401,Ravi LLC,701.0,HOTEL & LODGING,SOLE_PROPRIETOR,Pune,Maharashtra,2025-11-14 00:00:00,ACTIVE,1824.72
MCH9402,Vyas-Nath,5812.0,FOOD & DINING,PRIVATE_LIMITED,Lucknow,Uttar Pradesh,2023-09-18 00:00:00,ACTIVE,-640.89
MCH9403,"Bains,BanerjeeandBansal",7011.0,HOTEL & LODGING,PARTNERSHIP,Mumbai,Maharashtra,2025-02-22 16:11:00,INACTIVE,1838.83
MCH9404,BARAL AND SONS,4131.0,TRANSPORT & TRAVEL,PRIVATE_LIMITED,Kolkata,West Bengal,2025-10-02 00:00:00,ACTIVE,
MCH9406,Randhawa and Sons,,FOOD & DINING,INDIVIDUAL,Lucknow,Uttar Pradesh,2025-08-11 00:00:00,ACTIVE,2159.94
MCH9408,Arya-Vig,4131.0,TRANSPORT & TRAVEL,INDIVIDUAL,Bengaluru,Karnataka,2023-12-24 00:00:00,ACTIVE,-784.44
MCH9410,Sagar-Chawla,569.0,APPAREL,INDIVIDUAL,Jalandhar,Punjab,2026-01-24 00:00:00,ACTIVE,820.0
MCH9412,NAYAK-GUHA,4131.0,TRANSPORT & TRAVEL,INDIVIDUAL,Amritsar,Punjab,,ACTIVE,2887.33
MCH9413,Kala-Sarkar,5912.0,PHARMACY,SOLE_PROPRIETOR,Hyderabad,Telangana,2023-10-25 07:38:39,ACTIVE,869.76
MCH9414,Banik-Garde,581.0,FOOD & DINING,INDIVIDUAL,Jalandhar,Punjab,2025-01-16 00:00:00,ACTIVE,942.13
MCH9415,Krishnamurthy-Warrior,7011.0,HOTEL & LODGING,SOLE_PROPRIETOR,Ludhiana,Punjab,2023-02-21 00:00:00,ACTIVE,438.69
MCH9416,  Kulkarni and Sons  ,5411.0,GROCERY STORES,PARTNERSHIP,Mumbai,Maharashtra,2024-12-13 22:23:48,ACTIVE,755.0
MCH9418,"BORA, VENKATESH AND LOKE",5411.0,GROCERY,INDIVIDUAL,Bengaluru,Karnataka,2024-05-22 00:00:00,SUSPENDED,1520.21
MCH9423,apte group,7011.0,HOTEL & LODGING,SOLE_PROPRIETOR,Chennai,Tamil Nadu,2025-10-24 00:00:00,ACTIVE,3132.43
MCH9424,Sur-Bajaj,5311.0,DEPARTMENT STORE,SOLE_PROPRIETOR,Blr,Karnataka,2025-04-18 00:00:00,ACTIVE,1902.79
MCH9426,Puri-Soman,5699.0,APPAREL,INDIVIDUAL,Bangalore,Karnataka,2023-10-28 00:00:00,ACTIVE,333.54
MCH9428,"  Dyal, Varma and Sachdeva  ",5999.0,OTHER,PRIVATE_LIMITED,Lucknow,Uttar Pradesh,,ACTIVE,1955.23
MCH9429,Varghese-Mitter,7011.0,HOTEL & LODGING,PARTNERSHIP,Hyderabad,Telangana,2024-12-16 00:00:00,ACTIVE,1566.55
MCH9430,"Shetty, Pau and Chhabra",4814.0,TELECOM,PARTNERSHIP,Pune,Maharashtra,2023-10-31 00:00:00,ACTIVE,927.24
MCH9431,Madan-Kota,4131.0,TRANSPORT & TRAVEL,PRIVATE_LIMITED,Bengaluru,Karnataka,2023-02-05 00:00:00,ACTIVE,436.79
MCH9433,Chhabra-Naik,5912.0,PHARMACY,INDIVIDUAL,Jalandhar,Punjab,2023-12-14 00:00:00,ACTIVE,4629.09
MCH9434,Srinivasan-Savant,5812.0,FOOD & DINING,PARTNERSHIP,Chennai,Tamil Nadu,2023-05-01 21:28:13,ACTIVE,
MCH9439,Jani LLC,5411.0,GROCERY,SOLE_PROPRIETOR,Blr,Karnataka,2024-02-24 00:00:00,ACTIVE,275.02
MCH9440,Ratti LLC,5311.0,RETAIL,INDIVIDUAL,Jalandhar,Punjab,,ACTIVE,186.6
MCH9442,issac-batra,7011.0,HOTEL & LODGING,PARTNERSHIP,Dilli,Delhi,2025-08-12 00:00:00,ACTIVE,1049.17
MCH9443,"Bumb, Sama and Prashad",4131.0,TRANSPORT & TRAVEL,SOLE_PROPRIETOR,Lucknow,Uttar Pradesh,2024-03-28 00:00:00,ACTIVE,712.16
MCH9444,Sachdeva-Khatri,413.0,TRANSPORT & TRAVEL,PARTNERSHIP,Jalandhar,Punjab,2024-01-13 00:00:00,ACTIVE,345.26
MCH9447,Sundaram LLC,5999.0,RETAIL OTHER,INDIVIDUAL,Hyderabad,Telangana,2026-01-30 00:00:00,ACTIVE,974.62
MCH9448,"  Sant, Manda and Khurana  ",,APPAREL,PARTNERSHIP,Jalandhar,Punjab,2023-10-08 00:00:00,INACTIVE,522.0
MCH9450,"Bahl, Varughese and Char",481.0,TELECOM,PARTNERSHIP,Pune,Maharashtra,2023-06-22 16:33:28,ACTIVE,260.0
MCH9452,Kapoor-Kara,5999.0,OTHER,PRIVATE_LIMITED,Kolkata,West Bengal,,INACTIVE,
MCH9456,"Rajagopalan, Luthra and Singh",,RETAIL OTHER,INDIVIDUAL,Dilli,Delhi,2025-09-22 04:16:00,ACTIVE,
MCH9457,"Grover, Deep and Subramaniam",4131.0,TRANSPORT & TRAVEL,PARTNERSHIP,Blr,Karnataka,2026-01-19 00:00:00,ACTIVE,276.66
MCH9458,Raja Ltd,5311.0,RETAIL,PARTNERSHIP,Amritsar,Punjab,2025-12-15 00:00:00,ACTIVE,480.87
MCH9459,BATTA-HANDA,4131.0,TRANSPORT & TRAVEL,PARTNERSHIP,Hyderabad,Telangana,2025-03-06 00:00:00,ACTIVE,11281.97
MCH9460,"Oza, Balakrishnan and Kapoor",5942.0,BOOKS & STATIONERY,INDIVIDUAL,Chennai,Tamil Nadu,,ACTIVE,481.26
MCH9463,Boase and Sons,5942.0,BOOKS & STATIONERY,PRIVATE_LIMITED,Asr,Punjab,2025-06-01 16:04:50,ACTIVE,835.0
MCH9467,"Pall, Lala and Dhar",4131.0,TRANSPORT & TRAVEL,INDIVIDUAL,Chennai,Tamil Nadu,2024-09-03 09:23:16,ACTIVE,1206.07
MCH9471,"bajaj, sandal and barad",5912.0,PHARMACY,SOLE_PROPRIETOR,Mumbai,Maharashtra,2025-05-23 00:00:00,ACTIVE,-457.15
MCH9472,Sankaran-Om,5699.0,APPAREL,PRIVATE_LIMITED,Delhi,Delhi,2023-06-03 00:00:00,INACTIVE,4710.1
MCH9474,"dutta, ramesh and buch",7011.0,HOTEL & LODGING,SOLE_PROPRIETOR,Hyderabad,Telangana,2024-10-13 00:00:00,SUSPENDED,290.21
MCH9476,Sama PLC,5812.0,FOOD & DINING,PRIVATE_LIMITED,Hyderabad,Telangana,,ACTIVE,165.93
MCH9478,"desai, borah and dugar",,OTHER,PRIVATE_LIMITED,Kolkata,West Bengal,,SUSPENDED,1333.54
MCH9481,Kata LLC,4814.0,TELECOM,PARTNERSHIP,Amritsar,Punjab,2025-11-25 00:00:00,ACTIVE,1054.88
MCH9482,"Vasa, Chada and Iyengar",5411.0,GROCERY STORES,PARTNERSHIP,Hyderabad,Telangana,,ACTIVE,600.13
MCH9483,"Yohannan, Ghose and Pal",5699.0,CLOTHING,PARTNERSHIP,Hyderabad,Telangana,2023-03-21 23:53:34,ACTIVE,4425.5
MCH9484,"bail, sen and bava",,PHARMACY,SOLE_PROPRIETOR,Jalandhar,Punjab,2024-11-30 00:00:00,ACTIVE,1401.0
MCH9489,Badal-Sankaran,4131.0,TRANSPORT & TRAVEL,SOLE_PROPRIETOR,Chennai,Tamil Nadu,2026-03-02 18:53:00,ACTIVE,1437.06
MCH9492,Mitra Gr0up,5912.0,PHARMACY,PRIVATE_LIMITED,Kolkata,West Bengal,2024-07-13 00:00:00,ACTIVE,1049.0
MCH9494,"  Wable, Warrior and Parmer  ",,TELECOM,INDIVIDUAL,Pune,Maharashtra,2024-05-27 00:00:00,ACTIVE,455.01
MCH9502,VYAS-HAYRE,5942.0,BOOK STORE,SOLE_PROPRIETOR,Mumbai,Maharashtra,2023-03-25 00:00:00,ACTIVE,777.19
MCH9503,Kulkarni LLC,4131.0,TRANSPORT & TRAVEL,INDIVIDUAL,Hyderabad,Telangana,2026-01-22 21:02:00,INACTIVE,1312.52
MCH9506,"SAVANT, BAINS AND BALI",5912.0,PHARMACY,PARTNERSHIP,Pune,Maharashtra,2025-12-01 00:00:00,ACTIVE,353.01
MCH9510,Warri0r-Thakkar,4131.0,TRANSPORT & TRAVEL,SOLE_PROPRIETOR,Bangalore,Karnataka,2024-09-15 00:00:00,ACTIVE,1261.0
MCH9514,Prakash Gr0up,5912.0,PHARMACY,PARTNERSHIP,Lucknow,Uttar Pradesh,2024-10-06 00:00:00,INACTIVE,2338.36
MCH9516,"SULE, BORRA AND RATTAN",,FOOD & DINING,PARTNERSHIP,Amritsar,Punjab,2023-01-19 00:01:38,ACTIVE,-397.19
MCH9517,MENON INC,,HOTEL & LODGING,SOLE_PROPRIETOR,Mumbai,Maharashtra,2023-09-23 00:00:00,ACTIVE,-1486.34
MCH9519,Shere-Banik,5699.0,APPAREL,SOLE_PROPRIETOR,Lucknow,Uttar Pradesh,2025-07-04 00:00:00,ACTIVE,889.4
MCH9521,"soni, bal and thaman",5699.0,CLOTHING,PARTNERSHIP,Ludhiana,Punjab,2023-04-05 07:18:00,INACTIVE,155.0
MCH9523,"Tank, Uppal and Malhotra",5912.0,PHARMACY,PARTNERSHIP,Pune,Maharashtra,2025-10-25 00:00:00,ACTIVE,5060.01
MCH9528,Kibe-Memon,5699.0,APPAREL,SOLE_PROPRIETOR,New Delhi,Delhi,2025-07-12 00:00:00,ACTIVE,5399.84
MCH9529,Dubey Inc,4814.0,TELECOM,PRIVATE_LIMITED,Pune,Maharashtra,2024-04-26 00:00:00,ACTIVE,1801.0
MCH9530,B0rah PLC,,FOOD & DINING,INDIVIDUAL,Hyderabad,Telangana,2023-11-01 00:00:00,SUSPENDED,999.86
MCH9531,lad ltd,5411.0,GROCERY,PRIVATE_LIMITED,Ludhiana,Punjab,2025-12-02 00:00:00,SUSPENDED,545.56
MCH9534,DESHMUKH-YADAV,7011.0,HOTEL & LODGING,INDIVIDUAL,Hyderabad,Telangana,2024-08-13 00:00:00,ACTIVE,1143.6
MCH9537,Chakrab0rty PLC,5942.0,BOOKS & STATIONERY,INDIVIDUAL,Amritsar,Punjab,2025-01-02 06:24:34,ACTIVE,-1188.48
MCH9541,"Grover, Bhatia and Tandon",,FOOD & DINING,PARTNERSHIP,Lucknow,Uttar Pradesh,2025-07-02 05:37:38,ACTIVE,2401.33
MCH9542,"Singh, Johal and Khalsa",5942.0,BOOK STORE,INDIVIDUAL,Hyderabad,Telangana,2025-06-18 21:51:23,ACTIVE,2463.46
MCH9543,"G0ur, Raju and Dara",4131.0,TRANSPORT & TRAVEL,INDIVIDUAL,Amritsar,Punjab,2024-02-10 00:00:00,ACTIVE,-458.0
MCH9546,"Mohan, Tak and Dhingra",5999.0,RETAIL OTHER,SOLE_PROPRIETOR,Amritsar,Punjab,2024-11-20 10:50:24,ACTIVE,1645.26
MCH9547,Anne-Narasimhan,5311.0,DEPARTMENT STORE,INDIVIDUAL,Delhi,Delhi,2025-11-04 00:00:00,ACTIVE,823.12
MCH9548,Raja PLC,,TRANSPORT & TRAVEL,PARTNERSHIP,Jpr,Rajasthan,2026-02-22 14:03:23,ACTIVE,1649.0
MCH9550,Chandra-Sangha,594.0,BOOK STORE,SOLE_PROPRIETOR,Hyderabad,Telangana,2025-12-18 00:00:00,ACTIVE,674.9
MCH9551,Chaudhari-Dugar,594.0,BOOKS & STATIONERY,INDIVIDUAL,Lucknow,Uttar Pradesh,2023-11-08 00:00:00,ACTIVE,2156.36
MCH9554,Kale Ltd,4814.0,TELECOM,PARTNERSHIP,Kolkata,West Bengal,2025-07-12 00:00:00,SUSPENDED,696.0
MCH9555,Chandra Ltd,4814.0,TELECOM,PARTNERSHIP,Jpr,Rajasthan,2023-01-10 01:23:43,INACTIVE,7981.95
MCH9556,"Hari, Dave and Ahluwalia",4131.0,TRANSPORT & TRAVEL,SOLE_PROPRIETOR,Chennai,Tamil Nadu,2025-06-12 00:00:00,ACTIVE,4820.97
MCH9559,Randhawa-Mody,5699.0,APPAREL,SOLE_PROPRIETOR,Asr,Punjab,2025-06-08 00:00:00,INACTIVE,543.84
MCH9560,Puri-Ahluwalia,5999.0,MISC RETAIL,PARTNERSHIP,Ludhiana,Punjab,2025-06-21 05:09:56,ACTIVE,1176.68
MCH9563,Sharaf-Tella,,HOTEL & LODGING,SOLE_PROPRIETOR,Kolkata,West Bengal,2025-02-09 00:00:00,ACTIVE,1375.95
MCH9565,"Dhar, Shukla and Chaudhary",5942.0,BOOKS & STATIONERY,INDIVIDUAL,Chennai,Tamil Nadu,2025-08-22 13:59:00,ACTIVE,2205.09
MCH9566,  Batra-Kaul  ,5311.0,DEPARTMENT STORES,PRIVATE_LIMITED,Delhi,Delhi,2025-11-28 00:00:00,ACTIVE,1260.75
MCH9567,"Dar, Gera and Sane",581.0,FOOD & DINING,PRIVATE_LIMITED,Delhi,Delhi,2026-01-09 00:00:00,ACTIVE,850.48
MCH9569,Parekh-Kalita,5311.0,RETAIL,INDIVIDUAL,Asr,Punjab,2025-12-07 00:00:00,ACTIVE,1617.31
MCH9571,buch inc,5812.0,FOOD & DINING,INDIVIDUAL,Hyderabad,Telangana,,ACTIVE,1270.83
MCH9580,"murthy, virk and lad",,DEPARTMENT STORE,PARTNERSHIP,Ludhiana,Punjab,2025-09-20 00:00:00,ACTIVE,1520.62
MCH9582,"Aggarwal, Morar and Vohra",4814.0,TELECOM,PRIVATE_LIMITED,Chennai,Tamil Nadu,2026-02-02 00:00:00,ACTIVE,2012.0
MCH9583,Khurana-Johal,5411.0,GROCERY,PARTNERSHIP,Delhi,Delhi,2024-04-30 09:32:52,ACTIVE,5627.6
MCH9584,"  Bhat, Shukla and Bajaj  ",5311.0,DEPARTMENT STORES,PRIVATE_LIMITED,Mumbai,Maharashtra,2025-02-04 10:04:43,INACTIVE,4140.74
MCH9586,  Ghose PLC  ,7011.0,HOTEL & LODGING,PRIVATE_LIMITED,Chennai,Tamil Nadu,2023-03-30 00:00:00,ACTIVE,2522.89
MCH9587,Krishnamurthy-Contractor,4814.0,TELECOM,SOLE_PROPRIETOR,Kolkata,West Bengal,2024-12-09 00:00:00,ACTIVE,211.86
MCH9591,BALI GROUP,599.0,OTHER,SOLE_PROPRIETOR,Ludhiana,Punjab,2026-01-14 00:00:00,ACTIVE,3007.14
MCH9593,Daya1 Inc,,TRANSPORT & TRAVEL,PARTNERSHIP,Kolkata,West Bengal,2024-06-05 00:00:00,ACTIVE,2414.51
MCH9594,Ben Group,5311.0,DEPARTMENT STORE,SOLE_PROPRIETOR,Jaipur,Rajasthan,2023-01-10 00:00:00,ACTIVE,4070.31
MCH9595,Kapur Inc,5999.0,OTHER,PRIVATE_LIMITED,Chennai,Tamil Nadu,2023-10-26 00:00:00,ACTIVE,
MCH9601,JOSHI-CHAUHAN,4131.0,TRANSPORT & TRAVEL,PRIVATE_LIMITED,Bangalore,Karnataka,2023-10-05 00:00:00,ACTIVE,1949.42
MCH9604,Merchant-Johal,5311.0,RETAIL,PARTNERSHIP,Pune,Maharashtra,2024-10-11 00:00:00,ACTIVE,762.2
MCH9605,Chokshi LLC,5812.0,FOOD & DINING,SOLE_PROPRIETOR,Bangalore,Karnataka,2026-01-31 00:00:00,ACTIVE,2523.0
MCH9609,  Bhatti Inc  ,5411.0,GROCERY,INDIVIDUAL,Hyderabad,Telangana,2026-01-29 00:00:00,SUSPENDED,1792.34
MCH9613,  Tella Group  ,5912.0,PHARMACY,PARTNERSHIP,Hyderabad,Telangana,2024-07-29 00:00:00,ACTIVE,
MCH9617,Ranganathan-Ha1der,541.0,GROCERY STORES,PRIVATE_LIMITED,Chennai,Tamil Nadu,2024-08-12 00:00:00,ACTIVE,904.23
MCH9620,chad plc,,RETAIL,INDIVIDUAL,Ludhiana,Punjab,2025-04-16 00:00:00,ACTIVE,786.55
MCH9623,Subramanian LLC,5912.0,PHARMACY,INDIVIDUAL,Hyderabad,Telangana,2025-06-07 00:00:00,ACTIVE,1226.76
MCH9624,Brar-Chad,5311.0,DEPARTMENT STORE,INDIVIDUAL,Amritsar,Punjab,2025-02-04 00:00:00,SUSPENDED,2595.66
MCH9625,tripathi plc,4814.0,TELECOM,PRIVATE_LIMITED,Amritsar,Punjab,2024-09-11 21:48:18,ACTIVE,
MCH9626,Gu1ati-Chhabra,4814.0,TELECOM,PARTNERSHIP,Lucknow,Uttar Pradesh,2025-02-21 13:12:50,ACTIVE,880.0
MCH9627,Randhawa Gr0up,7011.0,HOTEL & LODGING,PRIVATE_LIMITED,Chennai,Tamil Nadu,2023-08-31 05:51:15,ACTIVE,-714.24
MCH9632,KADE-SHERE,5311.0,DEPARTMENT STORES,SOLE_PROPRIETOR,New Delhi,Delhi,2025-11-28 00:00:00,ACTIVE,895.55
MCH9635,Parekh-Mammen,5411.0,GROCERY,PRIVATE_LIMITED,Pune,Maharashtra,2025-05-07 07:22:44,ACTIVE,1533.7
MCH9636,KIBE-MAGAR,5699.0,APPAREL,INDIVIDUAL,Bengaluru,Karnataka,2023-08-21 09:35:55,ACTIVE,-1341.04
MCH9637,Handa-Basu,5699.0,CLOTHING,PARTNERSHIP,Pune,Maharashtra,2025-09-17 00:00:00,ACTIVE,515.71
MCH9638,"Dara, Badami and Sen",5699.0,APPAREL,SOLE_PROPRIETOR,Lucknow,Uttar Pradesh,2026-01-22 00:00:00,ACTIVE,3649.35
MCH9640,Basu Group,,DEPARTMENT STORE,SOLE_PROPRIETOR,Bengaluru,Karnataka,2025-05-21 00:00:00,ACTIVE,8379.99
MCH9641,Andra Ltd,5912.0,PHARMACY,PRIVATE_LIMITED,Kolkata,West Bengal,2025-10-15 02:13:04,ACTIVE,3323.59
MCH9642,Sarin Group,4814.0,TELECOM,INDIVIDUAL,Mumbai,Maharashtra,2025-09-10 00:00:00,ACTIVE,11510.93
MCH9647,"Bhat, Tank and Aurora",7011.0,HOTEL & LODGING,INDIVIDUAL,Kolkata,West Bengal,2024-08-18 00:00:00,ACTIVE,5590.39
MCH9649,Sachdeva-Dey,701.0,HOTEL & LODGING,SOLE_PROPRIETOR,Asr,Punjab,2025-06-12 07:10:00,ACTIVE,-493.43
MCH9651,Thakkar-Dass,5311.0,DEPARTMENT STORES,PRIVATE_LIMITED,Jalandhar,Punjab,2023-03-28 04:13:28,ACTIVE,2535.0
MCH9654,Saini-Bath,5942.0,BOOKS & STATIONERY,PRIVATE_LIMITED,Ludhiana,Punjab,2024-10-11 00:00:00,ACTIVE,2570.91
MCH9659,gokhale-bassi,4814.0,TELECOM,SOLE_PROPRIETOR,Mumbai,Maharashtra,2023-09-11 00:00:00,ACTIVE,269.4
MCH9661,Ramanathan Group,7011.0,HOTEL & LODGING,INDIVIDUAL,Mumbay,Maharashtra,2023-11-10 08:09:50,ACTIVE,735.62
MCH9662,Basu-Korpal,4814.0,TELECOM,PRIVATE_LIMITED,Pune,Maharashtra,2023-09-13 15:28:38,ACTIVE,1152.0
MCH9665,Baria and Sons,5699.0,APPAREL,SOLE_PROPRIETOR,Chennai,Tamil Nadu,2023-09-08 00:00:00,SUSPENDED,4561.8
MCH9672,contractor-sinha,531.0,RETAIL,INDIVIDUAL,Kolkata,West Bengal,2024-11-26 00:00:00,ACTIVE,1371.8
MCH9675,Mand-Varkey,5912.0,PHARMACY,INDIVIDUAL,Jalandhar,Punjab,2025-11-05 00:00:00,INACTIVE,843.13
MCH9679,RAMAN LTD,,HOTEL & LODGING,SOLE_PROPRIETOR,Delhi,Delhi,2024-07-09 00:00:00,INACTIVE,310.73
MCH9681,Bawa PLC,569.0,CLOTHING,PRIVATE_LIMITED,Pune,Maharashtra,2024-01-09 03:45:47,ACTIVE,1913.04
MCH9683,Pillai Inc,5411.0,GROCERY,PARTNERSHIP,Bengaluru,Karnataka,2024-11-28 00:00:00,SUSPENDED,1862.68
MCH9684,Bhasin Inc,5912.0,PHARMACY,PRIVATE_LIMITED,Delhi,Delhi,2025-01-20 00:00:00,INACTIVE,2227.2
MCH9688,choudhry llc,5942.0,BOOKS & STATIONERY,SOLE_PROPRIETOR,Bengaluru,Karnataka,2023-10-18 00:00:00,ACTIVE,825.43
MCH9690,Bai1-Sarin,7011.0,HOTEL & LODGING,PARTNERSHIP,Amritsar,Punjab,2025-11-04 17:06:00,ACTIVE,3320.22
MCH9692,Parekh-Kurian,5699.0,APPAREL,INDIVIDUAL,Jaipur,Rajasthan,2025-10-20 00:00:00,ACTIVE,
MCH9693,"Babu, Murty and Rao",5942.0,BOOKS & STATIONERY,SOLE_PROPRIETOR,Pune,Maharashtra,2023-07-25 19:48:00,ACTIVE,1260.07
MCH9696,D’Alia-Bhardwaj,5999.0,MISC RETAIL,PRIVATE_LIMITED,Lucknow,Uttar Pradesh,2024-02-17 21:42:16,ACTIVE,3568.12
MCH9697,Walla Ltd,,TELECOM,INDIVIDUAL,Bangalore,Karnataka,2025-07-21 00:00:00,ACTIVE,1081.86
MCH9702,Ranganathan-Madan,7011.0,HOTEL & LODGING,INDIVIDUAL,Hyderabad,Telangana,2025-04-10 00:00:00,ACTIVE,1980.13
MCH9704,"Wason, Upadhyay and Palla",5311.0,RETAIL,PRIVATE_LIMITED,Mumbai,Maharashtra,2024-11-07 02:29:00,ACTIVE,
MCH9706,"Mohan, Sahni and Doctor",5699.0,APPAREL,PARTNERSHIP,Lucknow,Uttar Pradesh,2023-10-26 00:00:00,ACTIVE,
MCH9710,Trivedi PLC,5411.0,GROCERY,PARTNERSHIP,Ludhiana,Punjab,2025-01-24 00:00:00,ACTIVE,718.83
MCH9713,"Toor, Nayak and Varma",5699.0,APPAREL,INDIVIDUAL,Jalandhar,Punjab,,ACTIVE,-297.05
MCH9714,Issac-Pall,5912.0,PHARMACY,PRIVATE_LIMITED,Chennai,Tamil Nadu,2024-07-06 12:33:24,INACTIVE,925.43
MCH9715,Desai PLC,7011.0,HOTEL & LODGING,PARTNERSHIP,Kolkata,West Bengal,2023-10-01 00:00:00,INACTIVE,547.82
MCH9716,"Kadakia, Mishra and Ba1i",581.0,FOOD & DINING,PRIVATE_LIMITED,Lucknow,Uttar Pradesh,2023-09-09 13:40:00,ACTIVE,-1762.09
MCH9718,Raval and Sons,5812.0,EATING PLACE,INDIVIDUAL,Bengaluru,Karnataka,2026-01-04 00:00:00,ACTIVE,3311.57
MCH9720,Hayre Ltd,5942.0,BOOKS & STATIONERY,SOLE_PROPRIETOR,Pune,Maharashtra,2024-04-24 00:00:00,ACTIVE,507.94
MCH9722,"KRISHNA, SAXENA AND AURORA",4814.0,TELECOM,INDIVIDUAL,Lucknow,Uttar Pradesh,,ACTIVE,
MCH9725,Shan LLC,569.0,CLOTHING,INDIVIDUAL,Lucknow,Uttar Pradesh,2024-12-20 00:00:00,ACTIVE,2250.85
MCH9728,"  Dass, Sengupta and Halder  ",5411.0,GROCERY,SOLE_PROPRIETOR,Chennai,Tamil Nadu,2024-10-29 12:12:00,ACTIVE,6287.55
MCH9729,Prabhakar Ltd,5812.0,FOOD & DINING,INDIVIDUAL,Bengaluru,Karnataka,2025-12-28 11:50:57,ACTIVE,1127.0
MCH9731,Chaudhry-Pillay,5311.0,DEPARTMENT STORE,INDIVIDUAL,Jaipur,Rajasthan,2025-09-19 16:43:34,ACTIVE,516.39
MCH9732,"Srinivasan,EdwinandRattan",,TRANSPORT & TRAVEL,SOLE_PROPRIETOR,Amritsar,Punjab,2025-04-19 12:04:14,ACTIVE,3076.5
MCH9733,SATHE-HARI,413.0,TRANSPORT & TRAVEL,PARTNERSHIP,Bengaluru,Karnataka,2025-09-24 05:50:29,ACTIVE,1033.79
MCH9736,sant plc,7011.0,HOTEL & LODGING,SOLE_PROPRIETOR,Lucknow,Uttar Pradesh,2024-12-07 00:00:00,ACTIVE,1081.26
MCH9738,Barman-Rastogi,5411.0,GROCERY,PARTNERSHIP,Chennai,Tamil Nadu,2024-11-19 00:00:00,ACTIVE,2419.77
MCH9739,"Gupta, Bhatia and Dhillon",4131.0,TRANSPORT & TRAVEL,PRIVATE_LIMITED,Jaipur,Rajasthan,2025-03-20 00:00:00,ACTIVE,-374.45
MCH9740,Jain and Sons,5812.0,FOOD & DINING,INDIVIDUAL,Jpr,Rajasthan,2025-01-31 05:45:13,ACTIVE,1510.42
MCH9743,Sahota-Krish,5942.0,BOOKS & STATIONERY,PRIVATE_LIMITED,Ludhiana,Punjab,2023-05-22 00:00:00,ACTIVE,873.78
MCH9744,  Walia Inc  ,5942.0,BOOKS & STATIONERY,SOLE_PROPRIETOR,Blr,Karnataka,2024-06-24 00:00:00,SUSPENDED,574.28
MCH9745,Chaudhuri PLC,,APPAREL,SOLE_PROPRIETOR,Pune,Maharashtra,2025-05-26 00:00:00,INACTIVE,475.31
MCH9749,"Vasa, Jha and Babu",7011.0,HOTEL & LODGING,SOLE_PROPRIETOR,Chennai,Tamil Nadu,2025-04-08 00:00:00,ACTIVE,276.87
MCH9751,Memon-Sinha,5812.0,FOOD & DINING,SOLE_PROPRIETOR,Ludhiana,Punjab,2023-07-16 00:00:00,ACTIVE,2265.65
MCH9753,Chowdhury and Sons,4814.0,TELECOM,INDIVIDUAL,Mumbai,Maharashtra,2023-06-07 13:36:00,ACTIVE,559.33
MCH9754,Khanna Group,5411.0,GROCERY,PARTNERSHIP,Ludhiana,Punjab,2023-11-20 00:00:00,ACTIVE,3682.51
MCH9755,ANAND INC,5311.0,DEPARTMENT STORE,PRIVATE_LIMITED,Lucknow,Uttar Pradesh,2024-09-10 16:48:00,ACTIVE,2048.19
MCH9756,"  Dugal, Virk and Dhaliwal  ",4131.0,TRANSPORT & TRAVEL,PARTNERSHIP,Jalandhar,Punjab,2023-01-01 08:25:47,ACTIVE,494.0
MCH9757,Venkataraman-Vig,5311.0,DEPARTMENT STORE,SOLE_PROPRIETOR,Asr,Punjab,2025-03-26 02:02:24,ACTIVE,-1622.73
MCH9762,Kara LLC,5999.0,RETAIL OTHER,INDIVIDUAL,Dilli,Delhi,,ACTIVE,413.17
MCH9763,Bhatnagar-Ramesh,5699.0,APPAREL,INDIVIDUAL,Bengaluru,Karnataka,2023-03-24 10:13:00,ACTIVE,2954.71
MCH9764,More-Bhavsar,5912.0,PHARMACY,SOLE_PROPRIETOR,Pune,Maharashtra,2024-09-06 22:28:13,ACTIVE,3514.68
MCH9769,"Kota, Dara and Sarin",,TRANSPORT & TRAVEL,PARTNERSHIP,Ludhiana,Punjab,2025-05-22 00:00:00,ACTIVE,2120.25
MCH9770,jha-andra,,TRANSPORT & TRAVEL,SOLE_PROPRIETOR,Chennai,Tamil Nadu,2026-01-22 00:00:00,SUSPENDED,1847.23
MCH9772,Sachdeva LLC,5411.0,GROCERY STORES,SOLE_PROPRIETOR,Kolkata,West Bengal,2025-10-23 00:00:00,ACTIVE,
MCH9774,Trivedi Group,5912.0,PHARMACY,PARTNERSHIP,Jpr,Rajasthan,2024-03-08 00:00:00,ACTIVE,1811.0
MCH9778,"chandra, subramanian and borde",5942.0,BOOK STORE,PRIVATE_LIMITED,Bengaluru,Karnataka,2025-05-20 15:00:27,ACTIVE,2313.1
MCH9779,De0-Agate,4814.0,TELECOM,INDIVIDUAL,Kolkata,West Bengal,2024-03-24 00:00:00,ACTIVE,2425.1
MCH9780,"Kibe, Setty and Kaul",594.0,BOOK STORE,PRIVATE_LIMITED,Mumbai,Maharashtra,2024-07-14 00:00:00,ACTIVE,3251.18
MCH9782,"Prashad, Sura and Mutti",5311.0,DEPARTMENT STORE,SOLE_PROPRIETOR,Amritsar,Punjab,2025-04-17 00:00:00,ACTIVE,2734.0
MCH9784,lal ltd,581.0,EATING PLACE,PARTNERSHIP,Chennai,Tamil Nadu,2024-12-28 05:21:00,ACTIVE,1442.84
MCH9785,Nagarajan PLC,5699.0,APPAREL,INDIVIDUAL,Mumbai,Maharashtra,2025-06-08 00:00:00,ACTIVE,2709.78
MCH9786,"Pai, Thakkar and Krish",5311.0,DEPARTMENT STORE,PRIVATE_LIMITED,Hyderabad,Telangana,,ACTIVE,1876.06
MCH9787,Nigam LLC,7011.0,HOTEL & LODGING,PRIVATE_LIMITED,Jaipur,Rajasthan,2023-06-18 00:00:00,INACTIVE,717.19
MCH9790,Kumar-Dua,4814.0,TELECOM,SOLE_PROPRIETOR,Kolkata,West Bengal,2024-12-09 00:00:00,ACTIVE,375.28
MCH9793,Brar Ltd,,APPAREL,PRIVATE_LIMITED,Bangalore,Karnataka,,ACTIVE,198.68
MCH9797,"Basu, Kota and Hora",7011.0,HOTEL & LODGING,INDIVIDUAL,Jaipur,Rajasthan,,ACTIVE,3455.43
MCH9798,Mann-Gera,4131.0,TRANSPORT & TRAVEL,INDIVIDUAL,Jalandhar,Punjab,2025-07-15 05:53:00,ACTIVE,952.0
MCH9800,Dasgupta-Sathe,7011.0,HOTEL & LODGING,PARTNERSHIP,Ludhiana,Punjab,2024-06-13 13:22:14,ACTIVE,
MCH9801,"Manda, Bansal and Devan",5812.0,FOOD & DINING,PARTNERSHIP,Pune,Maharashtra,2025-12-09 00:49:00,SUSPENDED,1106.68
MCH9802,Contractor-Keer,5699.0,APPAREL,INDIVIDUAL,Dilli,Delhi,2024-04-08 00:00:00,ACTIVE,1430.48
MCH9803,Rastogi Ltd,,BOOKS & STATIONERY,PARTNERSHIP,Jaipur,Rajasthan,2025-01-29 05:08:38,ACTIVE,3135.89
MCH9804,Bhasin-Peri,5311.0,DEPARTMENT STORE,SOLE_PROPRIETOR,Chennai,Tamil Nadu,2023-12-21 00:24:00,SUSPENDED,962.52
MCH9805,Sha-Mitter,5311.0,RETAIL,PARTNERSHIP,Jalandhar,Punjab,,ACTIVE,1993.26
MCH9806,Hari-Kant,5411.0,GROCERY,INDIVIDUAL,Amritsar,Punjab,2023-12-26 00:00:00,ACTIVE,1398.42
MCH9807,PILLAY-SULE,591.0,PHARMACY,PARTNERSHIP,Ludhiana,Punjab,2024-09-17 00:00:00,ACTIVE,3555.86
MCH9811,"Dyal, Ranganathan and Sinha",5812.0,FOOD & DINING,PRIVATE_LIMITED,New Delhi,Delhi,2025-04-11 00:00:00,ACTIVE,972.81
MCH9813,MENON GROUP,,RETAIL OTHER,INDIVIDUAL,Delhi,Delhi,2026-01-06 00:00:00,SUSPENDED,12265.27
MCH9814,Sekhon-Luthra,5411.0,GROCERY,INDIVIDUAL,Hyderabad,Telangana,2023-06-12 00:00:00,ACTIVE,2338.35
MCH9815,"NARASIMHAN, VASA AND GOSWAMI",5942.0,BOOK STORE,INDIVIDUAL,Delhi,Delhi,2025-10-11 04:53:00,ACTIVE,-528.91
MCH9820,"Rai, Saha and Lalla",7011.0,HOTEL & LODGING,INDIVIDUAL,Asr,Punjab,2024-10-13 00:00:00,ACTIVE,3129.0
MCH9821,Natt-Kibe,5699.0,APPAREL,PRIVATE_LIMITED,Chennai,Tamil Nadu,2025-05-03 00:00:00,ACTIVE,4072.48
MCH9822,Thaman-Parsa,5311.0,DEPARTMENT STORE,PRIVATE_LIMITED,Bengaluru,Karnataka,,ACTIVE,534.71
MCH9823,Kunda-Parekh,5812.0,FOOD & DINING,INDIVIDUAL,Mumbai,Maharashtra,2023-04-10 00:00:00,ACTIVE,1308.28
MCH9824,Memon-Mistry,4814.0,TELECOM,PARTNERSHIP,Ludhiana,Punjab,2024-08-16 02:30:46,SUSPENDED,837.47
MCH9826,RANA AND SONS,,GROCERY,PRIVATE_LIMITED,Bengaluru,Karnataka,2023-07-07 16:29:00,ACTIVE,739.28
MCH9827,Chaudry and Sons,5311.0,DEPARTMENT STORES,PRIVATE_LIMITED,Bangalore,Karnataka,2025-04-02 00:00:00,ACTIVE,1686.75
MCH9831,deep-kanda,4814.0,TELECOM,SOLE_PROPRIETOR,Pune,Maharashtra,2025-07-29 00:00:00,ACTIVE,796.02
MCH9834,Handa-Chaudhari,541.0,GROCERY STORES,PRIVATE_LIMITED,Lucknow,Uttar Pradesh,2025-04-27 00:00:00,ACTIVE,3989.9
MCH9835,Mahajan-Pingle,701.0,HOTEL & LODGING,PRIVATE_LIMITED,Jaipur,Rajasthan,2025-09-22 00:00:00,ACTIVE,2477.71
MCH9836,"Nori, Malhotra and Deep",7011.0,HOTEL & LODGING,SOLE_PROPRIETOR,Chennai,Tamil Nadu,,ACTIVE,3007.0
MCH9837,Raval-Aurora,581.0,FOOD & DINING,SOLE_PROPRIETOR,Kolkata,West Bengal,2023-04-26 00:00:00,ACTIVE,2990.0
MCH9839,Natarajan-Keer,5812.0,EATING PLACE,INDIVIDUAL,Delhi,Delhi,2025-03-03 12:00:05,ACTIVE,2189.15
MCH9840,"gara, bedi and dua",5942.0,BOOKS & STATIONERY,PRIVATE_LIMITED,Amritsar,Punjab,2025-09-12 00:00:00,ACTIVE,369.0
MCH9843,"Banerjee, Singh and Anne",5942.0,BOOKS & STATIONERY,INDIVIDUAL,Chennai,Tamil Nadu,2025-04-07 00:00:00,ACTIVE,8077.21
MCH9844,MENON AND SONS,4131.0,TRANSPORT & TRAVEL,SOLE_PROPRIETOR,Mumbai,Maharashtra,2024-04-14 00:00:00,ACTIVE,1083.0
MCH9845,Misra-Varghese,5912.0,PHARMACY,SOLE_PROPRIETOR,Ludhiana,Punjab,2025-12-30 00:00:00,ACTIVE,186.59
MCH9846,Mukherjee Ltd,5812.0,FOOD & DINING,SOLE_PROPRIETOR,Chennai,Tamil Nadu,2024-09-15 00:00:00,ACTIVE,1799.62
MCH9847,"Krish, Rau and Parsa",599.0,RETAIL OTHER,PRIVATE_LIMITED,Kolkata,West Bengal,2024-12-26 00:00:00,ACTIVE,1027.86
MCH9848,B0rde Inc,,RETAIL,PRIVATE_LIMITED,Hyderabad,Telangana,2024-03-02 00:00:00,ACTIVE,1173.29
MCH9849,Jayaraman Inc,5942.0,BOOKS & STATIONERY,INDIVIDUAL,Kolkata,West Bengal,2026-02-11 02:12:30,ACTIVE,1659.94
MCH9853,Dhar-Raval,5912.0,PHARMACY,SOLE_PROPRIETOR,Kolkata,West Bengal,,ACTIVE,795.17
MCH9855,Samra-Manda,4814.0,TELECOM,PRIVATE_LIMITED,Chennai,Tamil Nadu,2025-01-02 00:00:00,ACTIVE,1167.22
MCH9856,"Gala, Nadig and Borra",5411.0,GROCERY,PARTNERSHIP,Lucknow,Uttar Pradesh,2025-10-13 23:24:00,ACTIVE,1744.37
MCH9857,Mitra-Bala,5311.0,DEPARTMENT STORE,PARTNERSHIP,Bengaluru,Karnataka,2024-01-15 00:21:39,ACTIVE,507.74
MCH9858,"Memon, Mohanty and Ghosh",4131.0,TRANSPORT & TRAVEL,SOLE_PROPRIETOR,Mumbai,Maharashtra,2025-12-11 20:43:32,ACTIVE,911.0
MCH9859,Mukherjee-Agate,5999.0,OTHER,SOLE_PROPRIETOR,Jalandhar,Punjab,,ACTIVE,158.0
MCH9861,"Mukherjee, Murthy and Jani",4131.0,TRANSPORT & TRAVEL,PRIVATE_LIMITED,Ludhiana,Punjab,2025-06-22 00:00:00,ACTIVE,719.77
MCH9865,Minhas PLC,5942.0,BOOKS & STATIONERY,PRIVATE_LIMITED,Dilli,Delhi,2025-11-29 00:00:00,ACTIVE,334.0
MCH9866,Sane-Dar,4814.0,TELECOM,PARTNERSHIP,Lucknow,Uttar Pradesh,2024-04-11 00:00:00,ACTIVE,910.27
MCH9867,TripathiLtd,5942.0,BOOKS & STATIONERY,INDIVIDUAL,Hyderabad,Telangana,2024-01-11 00:43:00,ACTIVE,936.0
MCH9868,"Narain, Dada and Panchal",4814.0,TELECOM,SOLE_PROPRIETOR,Pune,Maharashtra,2026-02-28 00:00:00,INACTIVE,-236.45
MCH9877,"Garde, Sabharwal and Prashad",5942.0,BOOKS & STATIONERY,PRIVATE_LIMITED,Hyderabad,Telangana,2024-03-02 00:00:00,ACTIVE,1246.91
MCH9879,Venkataraman-Tata,4814.0,TELECOM,INDIVIDUAL,Ludhiana,Punjab,2024-04-01 00:00:00,INACTIVE,2839.66
MCH9881,Kalla-Tara,5411.0,GROCERY,PRIVATE_LIMITED,Delhi,Delhi,2025-10-04 00:00:00,ACTIVE,1174.86
MCH9882,  Joshi PLC  ,481.0,TELECOM,SOLE_PROPRIETOR,Jpr,Rajasthan,,ACTIVE,320.23
MCH9883,"K0rpa1, Bera and Sachdeva",4814.0,TELECOM,PARTNERSHIP,Blr,Karnataka,2025-08-07 00:00:00,ACTIVE,1595.57
MCH9884,Sidhu Group,7011.0,HOTEL & LODGING,PARTNERSHIP,Chennai,Tamil Nadu,2023-10-27 00:00:00,ACTIVE,1570.58
MCH9888,"Contractor, Mohanty and Devi",5912.0,PHARMACY,SOLE_PROPRIETOR,Chennai,Tamil Nadu,2025-09-23 23:00:00,ACTIVE,1367.96
MCH9896,Dave-Vasa,5311.0,RETAIL,PARTNERSHIP,Pune,Maharashtra,2023-09-30 00:00:00,ACTIVE,3148.67
MCH9897,Modi PLC,569.0,APPAREL,INDIVIDUAL,New Delhi,Delhi,2023-06-01 00:00:00,ACTIVE,-1453.4
MCH9901,Oommen Ltd,701.0,HOTEL & LODGING,SOLE_PROPRIETOR,Hyderabad,Telangana,2025-10-01 18:50:10,INACTIVE,538.3
MCH9905,Pate1-S00d,7011.0,HOTEL & LODGING,SOLE_PROPRIETOR,Jaipur,Rajasthan,2025-11-21 00:00:00,ACTIVE,
MCH9906,"Raj, Goda and Rastogi",591.0,PHARMACY,PRIVATE_LIMITED,Pune,Maharashtra,2025-01-31 00:00:00,ACTIVE,543.33
MCH9909,"Gade, Tiwari and Solanki",5699.0,APPAREL,INDIVIDUAL,Pune,Maharashtra,2024-08-23 00:00:00,ACTIVE,2922.02
MCH9910,"Karan, Ram and Sengupta",5311.0,DEPARTMENT STORE,INDIVIDUAL,Delhi,Delhi,2025-10-14 00:00:00,ACTIVE,191.17
MCH9911,"Pal, Dash and Nagi",4131.0,TRANSPORT & TRAVEL,INDIVIDUAL,Mumbai,Maharashtra,2024-11-28 00:00:00,ACTIVE,1474.73
MCH9912,"Gade, Bajaj and Zachariah",7011.0,HOTEL & LODGING,SOLE_PROPRIETOR,Ludhiana,Punjab,2023-02-22 18:06:00,ACTIVE,564.0
MCH9913,Das Ltd,4814.0,TELECOM,PARTNERSHIP,Lucknow,Uttar Pradesh,2024-08-10 00:00:00,ACTIVE,442.64
MCH9914,"Parmar, Sekhon and Kakar",4131.0,TRANSPORT & TRAVEL,PRIVATE_LIMITED,Amritsar,Punjab,2025-12-15 03:30:38,ACTIVE,1356.48
MCH9916,"Sur, Palla and Goyal",481.0,TELECOM,PRIVATE_LIMITED,Pune,Maharashtra,2023-09-04 08:24:31,ACTIVE,282.0
MCH9918,"Jha, Kumer and Srivastava",5699.0,APPAREL,SOLE_PROPRIETOR,Bengaluru,Karnataka,2024-01-16 02:34:09,INACTIVE,902.09
MCH9919,"Ramaswamy,PallandBahri",591.0,PHARMACY,PRIVATE_LIMITED,Mumbai,Maharashtra,2026-02-09 00:00:00,ACTIVE,1346.24
MCH9920,Oommen-Mitra,5411.0,GROCERY,PRIVATE_LIMITED,Jaipur,Rajasthan,2024-01-17 00:00:00,ACTIVE,767.57
MCH9921,"Datta, Chatterjee and Khalsa",413.0,TRANSPORT & TRAVEL,PRIVATE_LIMITED,Bengaluru,Karnataka,2024-02-22 00:00:00,ACTIVE,2964.42
MCH9922,Chand-Jain,5411.0,GROCERY,PARTNERSHIP,Chennai,Tamil Nadu,2023-09-10 00:00:00,ACTIVE,1800.0
MCH9927,"lall, bali and varughese",581.0,FOOD & DINING,SOLE_PROPRIETOR,Lucknow,Uttar Pradesh,2025-12-09 00:00:00,ACTIVE,1410.0
MCH9928,KrishnanInc,,HOTEL & LODGING,PRIVATE_LIMITED,Jpr,Rajasthan,2025-05-06 06:23:57,ACTIVE,477.53
MCH9930,Kale LLC,5699.0,APPAREL,SOLE_PROPRIETOR,Jaipur,Rajasthan,,ACTIVE,1917.92
MCH9931,"Wadhwa, Loyal and Bhat",4814.0,TELECOM,PARTNERSHIP,Lucknow,Uttar Pradesh,2024-05-03 20:57:24,SUSPENDED,-1226.34
MCH9933,Bali-Zachariah,5411.0,GROCERY STORES,SOLE_PROPRIETOR,Jpr,Rajasthan,2023-07-06 00:00:00,ACTIVE,1549.0
MCH9935,Sahni-Barad,5999.0,OTHER,PARTNERSHIP,Delhi,Delhi,2023-12-06 00:00:00,ACTIVE,1444.0
MCH9937,"Sant, Dada and Biswas",4814.0,TELECOM,PARTNERSHIP,Hyderabad,Telangana,2023-08-09 00:00:00,INACTIVE,663.0
MCH9940,Mutti-Chakraborty,,FOOD & DINING,PRIVATE_LIMITED,Jaipur,Rajasthan,2024-05-03 00:00:00,INACTIVE,1326.53
MCH9941,Bava and Sons,5999.0,OTHER,PRIVATE_LIMITED,Hyderabad,Telangana,2024-02-12 03:24:00,ACTIVE,-2534.64
MCH9942,"Sarma, Butala and Ganguly",5912.0,PHARMACY,SOLE_PROPRIETOR,Lucknow,Uttar Pradesh,2025-10-16 02:21:10,ACTIVE,
MCH9943,Mukhopadhyay-Kale,5699.0,APPAREL,PRIVATE_LIMITED,Amritsar,Punjab,2025-11-30 15:51:23,ACTIVE,2114.46
MCH9944,"Parikh, Mutti and Saha",4131.0,TRANSPORT & TRAVEL,PARTNERSHIP,Jalandhar,Punjab,2025-08-03 12:22:46,ACTIVE,1826.64
MCH9945,"Pant, Hayre and Pathak",4814.0,TELECOM,PRIVATE_LIMITED,Jalandhar,Punjab,2025-07-14 00:56:49,ACTIVE,789.57
MCH9946,Jain LLC,5912.0,PHARMACY,PARTNERSHIP,Pune,Maharashtra,2024-12-10 16:23:14,ACTIVE,1421.0
MCH9947,Sarkar Ltd,5311.0,DEPARTMENT STORES,INDIVIDUAL,Ludhiana,Punjab,2023-06-25 00:00:00,ACTIVE,
MCH9949,Lanka Ltd,4131.0,TRANSPORT & TRAVEL,SOLE_PROPRIETOR,Ludhiana,Punjab,2024-08-10 00:24:00,ACTIVE,4386.14
MCH9951,Natt Group,5912.0,PHARMACY,PARTNERSHIP,Chennai,Tamil Nadu,2024-02-05 00:00:00,ACTIVE,1765.37
MCH9952,Vig-Doctor,,TRANSPORT & TRAVEL,PRIVATE_LIMITED,Lucknow,Uttar Pradesh,2024-10-27 00:00:00,ACTIVE,856.86
MCH9954,"Dutta, J0ha1 and Char",5699.0,APPAREL,SOLE_PROPRIETOR,Delhi,Delhi,2025-12-23 00:00:00,ACTIVE,3148.72
MCH9955,NORI-NAZARETH,5699.0,APPAREL,SOLE_PROPRIETOR,Delhi,Delhi,2024-05-22 02:32:54,SUSPENDED,673.27
MCH9956,"Sanghvi, Ghose and Din",531.0,DEPARTMENT STORES,PRIVATE_LIMITED,Delhi,Delhi,2025-11-29 16:15:00,ACTIVE,2309.81
MCH9957,"Chatterjee, Goda and Saraf",4814.0,TELECOM,SOLE_PROPRIETOR,Ludhiana,Punjab,2025-05-10 05:24:35,ACTIVE,533.81
MCH9963,Mahajan and S0ns,5942.0,BOOK STORE,PARTNERSHIP,Jpr,Rajasthan,2025-01-19 07:33:36,ACTIVE,7342.46
MCH9964,Dua Inc,4131.0,TRANSPORT & TRAVEL,SOLE_PROPRIETOR,Mumbay,Maharashtra,2023-06-02 00:00:00,INACTIVE,794.67
MCH9966,TOOR GROUP,,RETAIL OTHER,PARTNERSHIP,Kolkata,West Bengal,2024-03-11 00:00:00,ACTIVE,681.04
MCH9967,Kaul LLC,5812.0,EATING PLACE,INDIVIDUAL,Lucknow,Uttar Pradesh,2023-12-23 00:00:00,ACTIVE,4200.0
MCH9968,Kata-Bawa,5311.0,DEPARTMENT STORES,PRIVATE_LIMITED,Lucknow,Uttar Pradesh,2025-09-01 12:08:34,ACTIVE,2070.31
MCH9969,Tiwari and Sons,594.0,BOOKS & STATIONERY,PRIVATE_LIMITED,Ludhiana,Punjab,2023-01-15 00:00:00,INACTIVE,1542.28
MCH9972,"Bakshi, Tata and Parmer",531.0,DEPARTMENT STORES,SOLE_PROPRIETOR,Hyderabad,Telangana,2024-08-14 00:00:00,ACTIVE,1398.48
MCH9973,"Parsa, Loyal and Pai",4814.0,TELECOM,PARTNERSHIP,Lucknow,Uttar Pradesh,2024-04-19 00:00:00,ACTIVE,1836.29
MCH9975,Nadkarni-Sane,5999.0,MISC RETAIL,SOLE_PROPRIETOR,New Delhi,Delhi,2025-08-02 00:00:00,ACTIVE,4465.19
MCH9977,Mohanty-Desai,4814.0,TELECOM,SOLE_PROPRIETOR,Mumbai,Maharashtra,2023-02-13 00:00:00,ACTIVE,845.52
MCH9979,"Bandi, Gupta and Sarma",4131.0,TRANSPORT & TRAVEL,PRIVATE_LIMITED,Ludhiana,Punjab,2023-04-13 00:00:00,SUSPENDED,-979.52
MCH9983,bhagat group,5411.0,GROCERY,INDIVIDUAL,Pune,Maharashtra,2025-11-27 00:00:00,ACTIVE,3669.57
MCH9984,"Dash, Radhakrishnan and Singh",4131.0,TRANSPORT & TRAVEL,SOLE_PROPRIETOR,Asr,Punjab,2025-11-01 00:00:00,ACTIVE,956.87
MCH9986,tak ltd,4131.0,TRANSPORT & TRAVEL,PARTNERSHIP,Delhi,Delhi,2025-01-21 00:00:00,ACTIVE,-1750.99
MCH9988,"Johal, Padmanabhan and Sagar",,PHARMACY,INDIVIDUAL,Dilli,Delhi,2026-02-02 00:00:00,ACTIVE,1620.14
MCH9990,Mishra Inc,5912.0,PHARMACY,PRIVATE_LIMITED,Mumbay,Maharashtra,2023-02-18 00:00:00,ACTIVE,970.05
MCH9992,Rajagopalan PLC,701.0,HOTEL & LODGING,SOLE_PROPRIETOR,Bengaluru,Karnataka,2024-02-07 00:00:00,ACTIVE,577.93
MCH9993,Chadha-Tailor,5942.0,BOOK STORE,PRIVATE_LIMITED,Ludhiana,Punjab,2026-01-05 00:00:00,INACTIVE,2368.65
MCH9994,"Barad, Lall and Shetty",5942.0,BOOKS & STATIONERY,PARTNERSHIP,Delhi,Delhi,2026-01-13 00:00:00,ACTIVE,1588.48
MCH9995,ben-krish,,RETAIL,SOLE_PROPRIETOR,Pune,Maharashtra,2025-11-09 20:22:00,ACTIVE,2919.94
MCH9996,Kala-Nadkarni,5699.0,APPAREL,PRIVATE_LIMITED,Dilli,Delhi,2023-03-01 00:00:00,ACTIVE,628.11
MCH9997,"Kalita, Dass and Balay",5999.0,MISC RETAIL,INDIVIDUAL,Ludhiana,Punjab,2023-07-12 00:00:00,ACTIVE,2233.91
MCH9999,"KONDA, SUBRAMANIAN AND RAU",5999.0,RETAIL OTHER,INDIVIDUAL,Mumbai,Maharashtra,2024-01-16 20:59:00,ACTIVE,510.0
